2026.04.15 16:45:52 INFO  Started: Metals version 1.6.7 in folders '/Users/robbetiteca/projects/school/thesis/ecosystem-randomized-cache' for client Visual Studio Code 1.112.0.
2026.04.15 16:45:52 INFO  Memory monitor started
2026.04.15 16:45:52 WARN  Using H2 2.4.240 which is newer than the version Flyway has been verified with. The latest verified version of H2 is 2.3.232.
2026.04.15 16:45:52 INFO  no build target found for /Users/robbetiteca/projects/school/thesis/ecosystem-randomized-cache/core/src/main/scala/riscv/plugins/Cache.scala. Using presentation compiler with project's scala-library version: 3.3.7
2026.04.15 16:45:53 INFO  no build target found for /Users/robbetiteca/projects/school/thesis/ecosystem-randomized-cache/core/src/main/scala/riscv/plugins/Cache.scala. Using presentation compiler with project's scala-library version: 3.3.7
2026.04.15 16:45:53 INFO  Attempting to connect to the build server...
2026.04.15 16:45:53 INFO  Found a Bloop server running
2026.04.15 16:45:54 INFO  tracing is disabled for protocol BSP, to enable tracing of incoming and outgoing JSON messages create an empty file at /Users/robbetiteca/projects/school/thesis/ecosystem-randomized-cache/.metals/bsp.trace.json or /Users/robbetiteca/Library/Caches/org.scalameta.metals/bsp.trace.json
2026.04.15 16:45:54 INFO  time: Connected to build server in 0.28s
2026.04.15 16:45:54 INFO  Connected to Build server: Bloop v2.0.19
2026.04.15 16:45:56 WARN  Using H2 2.4.240 which is newer than the version Flyway has been verified with. The latest verified version of H2 is 2.3.232.
2026.04.15 16:45:56 INFO  Created report: Optional[file:///Users/robbetiteca/projects/school/thesis/ecosystem-randomized-cache/jar:file:/Users/robbetiteca/Library/Caches/Coursier/v1/https/repo1.maven.org/maven2/com/github/spinalhdl/spinalhdl-core_2.12/1.13.0/spinalhdl-core_2.12-1.13.0-sources.jar!/spinal/core/Data.scala]
2026.04.15 16:45:56 INFO  expected identifier; obtained def (full report at: "/Users/robbetiteca/projects/school/thesis/ecosystem-randomized-cache/.metals/.reports/metals/2026-04-15/r_scala-toplevel-mtags_16-45-57-018.md")
2026.04.15 16:45:56 INFO  Created report: Optional[file:///Users/robbetiteca/projects/school/thesis/ecosystem-randomized-cache/jar:file:/Users/robbetiteca/Library/Caches/Coursier/v1/https/repo1.maven.org/maven2/com/github/spinalhdl/spinalhdl-core_2.12/1.13.0/spinalhdl-core_2.12-1.13.0-sources.jar!/spinal/core/Data.scala]
2026.04.15 16:45:56 INFO  expected identifier; obtained def (full report at: "/Users/robbetiteca/projects/school/thesis/ecosystem-randomized-cache/.metals/.reports/metals/2026-04-15/r_scala-toplevel-mtags_16-45-57-022.md")
2026.04.15 16:45:58 INFO  time: indexed workspace in 4.13s
Apr 15, 2026 6:13:39 PM org.eclipse.lsp4j.jsonrpc.RemoteEndpoint handleCancellation
WARNING: Unmatched cancel notification for request id 176
2026.04.15 18:21:44 INFO  Created report: Optional[file:///Users/robbetiteca/projects/school/thesis/ecosystem-randomized-cache/core/src/main/scala/riscv/plugins/Cache.scala]
2026.04.15 18:21:44 INFO  empty definition using pc, found symbol in pc:  (full report at: "/Users/robbetiteca/projects/school/thesis/ecosystem-randomized-cache/.metals/.reports/metals-full/2026-04-15/r_empty-definition_(core)_18-21-44-079.md")
2026.04.15 18:21:44 INFO  empty definition using pc, found symbol in pc:  (full report at: "/Users/robbetiteca/projects/school/thesis/ecosystem-randomized-cache/.metals/.reports/metals-full/2026-04-15/r_empty-definition_(core)_18-21-44-079.md")
2026.04.15 18:26:57 INFO  Created report: Optional[file:///Users/robbetiteca/projects/school/thesis/ecosystem-randomized-cache/core/src/main/scala/riscv/plugins/Cache.scala]
2026.04.15 18:26:57 INFO  empty definition using pc, found symbol in pc:  (full report at: "/Users/robbetiteca/projects/school/thesis/ecosystem-randomized-cache/.metals/.reports/metals-full/2026-04-15/r_empty-definition_(core)_18-26-57-969.md")
2026.04.15 18:26:58 INFO  empty definition using pc, found symbol in pc:  (full report at: "/Users/robbetiteca/projects/school/thesis/ecosystem-randomized-cache/.metals/.reports/metals-full/2026-04-15/r_empty-definition_(core)_18-26-57-969.md")
2026.04.16 11:20:59 INFO  compiling core (1 scala source)
2026.04.16 11:21:01 INFO  time: compiled core in 1.9s
2026.04.16 14:31:43 INFO  compiling core (1 scala source)
2026.04.16 14:31:43 INFO  time: compiled core in 0.71s
Apr 16, 2026 2:31:45 PM scala.meta.internal.pc.CompilerAccess retryWithCleanCompiler
INFO: compiler crashed due to an error in the Scala compiler, retrying with new compiler instance.
Apr 16, 2026 2:31:46 PM scala.meta.internal.pc.CompilerAccess retryWithCleanCompiler
INFO: compiler crashed due to an error in the Scala compiler, retrying with new compiler instance.
Apr 16, 2026 2:31:47 PM scala.meta.internal.pc.CompilerAccess retryWithCleanCompiler
INFO: compiler crashed due to an error in the Scala compiler, retrying with new compiler instance.
Apr 16, 2026 2:31:50 PM scala.meta.internal.pc.CompilerAccess retryWithCleanCompiler
INFO: compiler crashed due to an error in the Scala compiler, retrying with new compiler instance.
Apr 16, 2026 2:31:57 PM scala.meta.internal.pc.CompilerAccess retryWithCleanCompiler
INFO: compiler crashed due to an error in the Scala compiler, retrying with new compiler instance.
Apr 16, 2026 2:31:57 PM scala.meta.internal.pc.CompilerAccess retryWithCleanCompiler
INFO: compiler crashed due to an error in the Scala compiler, retrying with new compiler instance.
Apr 16, 2026 2:31:58 PM scala.meta.internal.pc.CompilerAccess retryWithCleanCompiler
INFO: compiler crashed due to an error in the Scala compiler, retrying with new compiler instance.
Apr 16, 2026 2:31:59 PM scala.meta.internal.pc.CompilerAccess retryWithCleanCompiler
INFO: compiler crashed due to an error in the Scala compiler, retrying with new compiler instance.
Apr 16, 2026 2:32:01 PM scala.meta.internal.pc.CompilerAccess retryWithCleanCompiler
INFO: compiler crashed due to an error in the Scala compiler, retrying with new compiler instance.
Apr 16, 2026 2:32:06 PM scala.meta.internal.pc.CompilerAccess retryWithCleanCompiler
INFO: compiler crashed due to an error in the Scala compiler, retrying with new compiler instance.
Apr 16, 2026 2:32:08 PM scala.meta.internal.pc.CompilerAccess retryWithCleanCompiler
INFO: compiler crashed due to an error in the Scala compiler, retrying with new compiler instance.
Apr 16, 2026 2:32:08 PM scala.meta.internal.pc.CompilerAccess retryWithCleanCompiler
INFO: compiler crashed due to an error in the Scala compiler, retrying with new compiler instance.
Apr 16, 2026 2:32:11 PM scala.meta.internal.pc.CompilerAccess retryWithCleanCompiler
INFO: compiler crashed due to an error in the Scala compiler, retrying with new compiler instance.
Apr 16, 2026 2:32:12 PM scala.meta.internal.pc.CompilerAccess retryWithCleanCompiler
INFO: compiler crashed due to an error in the Scala compiler, retrying with new compiler instance.
Apr 16, 2026 2:32:13 PM org.eclipse.lsp4j.jsonrpc.RemoteEndpoint handleCancellation
WARNING: Unmatched cancel notification for request id 1271
Apr 16, 2026 2:32:15 PM scala.meta.internal.pc.CompilerAccess retryWithCleanCompiler
INFO: compiler crashed due to an error in the Scala compiler, retrying with new compiler instance.
Apr 16, 2026 2:32:16 PM scala.meta.internal.pc.CompilerAccess retryWithCleanCompiler
INFO: compiler crashed due to an error in the Scala compiler, retrying with new compiler instance.
Apr 16, 2026 2:32:17 PM scala.meta.internal.pc.CompilerAccess retryWithCleanCompiler
INFO: compiler crashed due to an error in the Scala compiler, retrying with new compiler instance.
Apr 16, 2026 2:32:17 PM scala.meta.internal.pc.CompilerAccess retryWithCleanCompiler
INFO: compiler crashed due to an error in the Scala compiler, retrying with new compiler instance.
Apr 16, 2026 2:32:18 PM scala.meta.internal.pc.CompilerAccess retryWithCleanCompiler
INFO: compiler crashed due to an error in the Scala compiler, retrying with new compiler instance.
Apr 16, 2026 2:32:18 PM scala.meta.internal.pc.CompilerAccess retryWithCleanCompiler
INFO: compiler crashed due to an error in the Scala compiler, retrying with new compiler instance.
Apr 16, 2026 2:32:20 PM scala.meta.internal.pc.CompilerAccess retryWithCleanCompiler
INFO: compiler crashed due to an error in the Scala compiler, retrying with new compiler instance.
Apr 16, 2026 2:32:20 PM scala.meta.internal.pc.CompilerAccess retryWithCleanCompiler
INFO: compiler crashed due to an error in the Scala compiler, retrying with new compiler instance.
Apr 16, 2026 2:32:22 PM scala.meta.internal.pc.CompilerAccess retryWithCleanCompiler
INFO: compiler crashed due to an error in the Scala compiler, retrying with new compiler instance.
Apr 16, 2026 2:32:23 PM org.eclipse.lsp4j.jsonrpc.RemoteEndpoint handleCancellation
WARNING: Unmatched cancel notification for request id 1354
Apr 16, 2026 2:32:24 PM scala.meta.internal.pc.CompilerAccess retryWithCleanCompiler
INFO: compiler crashed due to an error in the Scala compiler, retrying with new compiler instance.
Apr 16, 2026 2:32:25 PM scala.meta.internal.pc.CompilerAccess retryWithCleanCompiler
INFO: compiler crashed due to an error in the Scala compiler, retrying with new compiler instance.
Apr 16, 2026 2:32:26 PM scala.meta.internal.pc.CompilerAccess retryWithCleanCompiler
INFO: compiler crashed due to an error in the Scala compiler, retrying with new compiler instance.
Apr 16, 2026 2:32:26 PM scala.meta.internal.pc.CompilerAccess retryWithCleanCompiler
INFO: compiler crashed due to an error in the Scala compiler, retrying with new compiler instance.
Apr 16, 2026 2:32:27 PM scala.meta.internal.pc.CompilerAccess retryWithCleanCompiler
INFO: compiler crashed due to an error in the Scala compiler, retrying with new compiler instance.
Apr 16, 2026 2:32:27 PM scala.meta.internal.pc.CompilerAccess retryWithCleanCompiler
INFO: compiler crashed due to an error in the Scala compiler, retrying with new compiler instance.
2026.04.16 14:32:27 INFO  compiling core (1 scala source)
2026.04.16 14:32:27 INFO  time: compiled core in 0.26s
2026.04.16 14:32:51 INFO  compiling core (1 scala source)
2026.04.16 14:32:51 INFO  time: compiled core in 0.21s
2026.04.16 14:32:58 INFO  compiling core (1 scala source)
2026.04.16 14:32:58 INFO  time: compiled core in 0.16s
2026.04.16 14:33:00 INFO  compiling core (1 scala source)
2026.04.16 14:33:00 INFO  time: compiled core in 0.14s
2026.04.16 14:33:07 INFO  compiling core (1 scala source)
2026.04.16 14:33:07 INFO  time: compiled core in 0.13s
2026.04.16 14:33:09 INFO  compiling core (1 scala source)
2026.04.16 14:33:09 INFO  time: compiled core in 0.13s
2026.04.16 14:33:44 INFO  compiling core (1 scala source)
2026.04.16 14:33:45 INFO  time: compiled core in 1.18s
2026.04.16 14:33:53 INFO  compiling core (1 scala source)
2026.04.16 14:33:53 INFO  time: compiled core in 0.15s
Apr 16, 2026 2:33:54 PM scala.meta.internal.pc.CompilerAccess retryWithCleanCompiler
INFO: compiler crashed due to an error in the Scala compiler, retrying with new compiler instance.
Apr 16, 2026 2:33:55 PM scala.meta.internal.pc.CompilerAccess retryWithCleanCompiler
INFO: compiler crashed due to an error in the Scala compiler, retrying with new compiler instance.
Apr 16, 2026 2:33:58 PM scala.meta.internal.pc.CompilerAccess retryWithCleanCompiler
INFO: compiler crashed due to an error in the Scala compiler, retrying with new compiler instance.
Apr 16, 2026 2:33:58 PM scala.meta.internal.pc.CompilerAccess retryWithCleanCompiler
INFO: compiler crashed due to an error in the Scala compiler, retrying with new compiler instance.
Apr 16, 2026 2:34:05 PM scala.meta.internal.pc.CompilerAccess retryWithCleanCompiler
INFO: compiler crashed due to an error in the Scala compiler, retrying with new compiler instance.
Apr 16, 2026 2:34:06 PM scala.meta.internal.pc.CompilerAccess retryWithCleanCompiler
INFO: compiler crashed due to an error in the Scala compiler, retrying with new compiler instance.
Apr 16, 2026 2:34:06 PM scala.meta.internal.pc.CompilerAccess retryWithCleanCompiler
INFO: compiler crashed due to an error in the Scala compiler, retrying with new compiler instance.
Apr 16, 2026 2:34:07 PM scala.meta.internal.pc.CompilerAccess retryWithCleanCompiler
INFO: compiler crashed due to an error in the Scala compiler, retrying with new compiler instance.
2026.04.16 14:34:07 INFO  compiling core (1 scala source)
2026.04.16 14:34:07 INFO  time: compiled core in 0.18s
Apr 16, 2026 2:34:08 PM scala.meta.internal.pc.CompilerAccess retryWithCleanCompiler
INFO: compiler crashed due to an error in the Scala compiler, retrying with new compiler instance.
Apr 16, 2026 2:34:09 PM scala.meta.internal.pc.CompilerAccess retryWithCleanCompiler
INFO: compiler crashed due to an error in the Scala compiler, retrying with new compiler instance.
Apr 16, 2026 2:34:10 PM scala.meta.internal.pc.CompilerAccess retryWithCleanCompiler
INFO: compiler crashed due to an error in the Scala compiler, retrying with new compiler instance.
Apr 16, 2026 2:34:12 PM scala.meta.internal.pc.CompilerAccess retryWithCleanCompiler
INFO: compiler crashed due to an error in the Scala compiler, retrying with new compiler instance.
Apr 16, 2026 2:34:12 PM scala.meta.internal.pc.CompilerAccess retryWithCleanCompiler
INFO: compiler crashed due to an error in the Scala compiler, retrying with new compiler instance.
Apr 16, 2026 2:34:13 PM scala.meta.internal.pc.CompilerAccess retryWithCleanCompiler
INFO: compiler crashed due to an error in the Scala compiler, retrying with new compiler instance.
Apr 16, 2026 2:34:13 PM scala.meta.internal.pc.CompilerAccess retryWithCleanCompiler
INFO: compiler crashed due to an error in the Scala compiler, retrying with new compiler instance.
Apr 16, 2026 2:34:20 PM scala.meta.internal.pc.CompilerAccess retryWithCleanCompiler
INFO: compiler crashed due to an error in the Scala compiler, retrying with new compiler instance.
Apr 16, 2026 2:34:21 PM scala.meta.internal.pc.CompilerAccess retryWithCleanCompiler
INFO: compiler crashed due to an error in the Scala compiler, retrying with new compiler instance.
2026.04.16 14:34:35 INFO  compiling core (1 scala source)
2026.04.16 14:34:35 INFO  time: compiled core in 0.17s
Apr 16, 2026 2:34:37 PM scala.meta.internal.pc.CompilerAccess retryWithCleanCompiler
INFO: compiler crashed due to an error in the Scala compiler, retrying with new compiler instance.
Apr 16, 2026 2:34:38 PM scala.meta.internal.pc.CompilerAccess retryWithCleanCompiler
INFO: compiler crashed due to an error in the Scala compiler, retrying with new compiler instance.
Apr 16, 2026 2:34:39 PM scala.meta.internal.pc.CompilerAccess retryWithCleanCompiler
INFO: compiler crashed due to an error in the Scala compiler, retrying with new compiler instance.
Apr 16, 2026 2:34:44 PM scala.meta.internal.pc.CompilerAccess retryWithCleanCompiler
INFO: compiler crashed due to an error in the Scala compiler, retrying with new compiler instance.
Apr 16, 2026 2:34:45 PM scala.meta.internal.pc.CompilerAccess retryWithCleanCompiler
INFO: compiler crashed due to an error in the Scala compiler, retrying with new compiler instance.
2026.04.16 14:34:45 INFO  compiling core (1 scala source)
2026.04.16 14:34:45 INFO  time: compiled core in 52ms
2026.04.16 14:34:48 INFO  compiling core (1 scala source)
2026.04.16 14:34:48 INFO  time: compiled core in 0.13s
Apr 16, 2026 2:34:48 PM scala.meta.internal.pc.CompilerAccess retryWithCleanCompiler
INFO: compiler crashed due to an error in the Scala compiler, retrying with new compiler instance.
Apr 16, 2026 2:34:52 PM scala.meta.internal.pc.CompilerAccess retryWithCleanCompiler
INFO: compiler crashed due to an error in the Scala compiler, retrying with new compiler instance.
Apr 16, 2026 2:34:53 PM scala.meta.internal.pc.CompilerAccess retryWithCleanCompiler
INFO: compiler crashed due to an error in the Scala compiler, retrying with new compiler instance.
Apr 16, 2026 2:35:01 PM scala.meta.internal.pc.CompilerAccess retryWithCleanCompiler
INFO: compiler crashed due to an error in the Scala compiler, retrying with new compiler instance.
Apr 16, 2026 2:35:01 PM scala.meta.internal.pc.CompilerAccess retryWithCleanCompiler
INFO: compiler crashed due to an error in the Scala compiler, retrying with new compiler instance.
Apr 16, 2026 2:35:32 PM scala.meta.internal.pc.CompilerAccess retryWithCleanCompiler
INFO: compiler crashed due to an error in the Scala compiler, retrying with new compiler instance.
Apr 16, 2026 2:35:32 PM scala.meta.internal.pc.CompilerAccess retryWithCleanCompiler
INFO: compiler crashed due to an error in the Scala compiler, retrying with new compiler instance.
Apr 16, 2026 2:35:35 PM org.eclipse.lsp4j.jsonrpc.RemoteEndpoint handleCancellation
WARNING: Unmatched cancel notification for request id 2034
Apr 16, 2026 2:35:42 PM scala.meta.internal.pc.CompilerAccess retryWithCleanCompiler
INFO: compiler crashed due to an error in the Scala compiler, retrying with new compiler instance.
Apr 16, 2026 2:35:43 PM scala.meta.internal.pc.CompilerAccess retryWithCleanCompiler
INFO: compiler crashed due to an error in the Scala compiler, retrying with new compiler instance.
Apr 16, 2026 2:35:44 PM scala.meta.internal.pc.CompilerAccess retryWithCleanCompiler
INFO: compiler crashed due to an error in the Scala compiler, retrying with new compiler instance.
Apr 16, 2026 2:35:44 PM scala.meta.internal.pc.CompilerAccess retryWithCleanCompiler
INFO: compiler crashed due to an error in the Scala compiler, retrying with new compiler instance.
Apr 16, 2026 2:35:45 PM scala.meta.internal.pc.CompilerAccess retryWithCleanCompiler
INFO: compiler crashed due to an error in the Scala compiler, retrying with new compiler instance.
Apr 16, 2026 2:35:48 PM scala.meta.internal.pc.CompilerAccess retryWithCleanCompiler
INFO: compiler crashed due to an error in the Scala compiler, retrying with new compiler instance.
Apr 16, 2026 2:35:50 PM scala.meta.internal.pc.CompilerAccess retryWithCleanCompiler
INFO: compiler crashed due to an error in the Scala compiler, retrying with new compiler instance.
Apr 16, 2026 2:35:52 PM org.eclipse.lsp4j.jsonrpc.RemoteEndpoint handleCancellation
WARNING: Unmatched cancel notification for request id 2234
Apr 16, 2026 2:35:53 PM scala.meta.internal.pc.CompilerAccess retryWithCleanCompiler
INFO: compiler crashed due to an error in the Scala compiler, retrying with new compiler instance.
Apr 16, 2026 2:35:55 PM scala.meta.internal.pc.CompilerAccess retryWithCleanCompiler
INFO: compiler crashed due to an error in the Scala compiler, retrying with new compiler instance.
Apr 16, 2026 2:35:56 PM scala.meta.internal.pc.CompilerAccess retryWithCleanCompiler
INFO: compiler crashed due to an error in the Scala compiler, retrying with new compiler instance.
Apr 16, 2026 2:35:58 PM scala.meta.internal.pc.CompilerAccess retryWithCleanCompiler
INFO: compiler crashed due to an error in the Scala compiler, retrying with new compiler instance.
2026.04.16 14:35:58 INFO  compiling core (1 scala source)
2026.04.16 14:35:58 INFO  time: compiled core in 0.15s
Apr 16, 2026 2:35:58 PM scala.meta.internal.pc.CompilerAccess retryWithCleanCompiler
INFO: compiler crashed due to an error in the Scala compiler, retrying with new compiler instance.
Apr 16, 2026 2:35:59 PM scala.meta.internal.pc.CompilerAccess retryWithCleanCompiler
INFO: compiler crashed due to an error in the Scala compiler, retrying with new compiler instance.
Apr 16, 2026 2:36:00 PM scala.meta.internal.pc.CompilerAccess retryWithCleanCompiler
INFO: compiler crashed due to an error in the Scala compiler, retrying with new compiler instance.
2026.04.16 14:36:00 INFO  compiling core (1 scala source)
2026.04.16 14:36:00 INFO  time: compiled core in 0.14s
Apr 16, 2026 2:36:00 PM scala.meta.internal.pc.CompilerAccess retryWithCleanCompiler
INFO: compiler crashed due to an error in the Scala compiler, retrying with new compiler instance.
Apr 16, 2026 2:36:02 PM scala.meta.internal.pc.CompilerAccess retryWithCleanCompiler
INFO: compiler crashed due to an error in the Scala compiler, retrying with new compiler instance.
Apr 16, 2026 2:36:03 PM scala.meta.internal.pc.CompilerAccess retryWithCleanCompiler
INFO: compiler crashed due to an error in the Scala compiler, retrying with new compiler instance.
Apr 16, 2026 2:39:49 PM scala.meta.internal.pc.CompilerAccess retryWithCleanCompiler
INFO: compiler crashed due to an error in the Scala compiler, retrying with new compiler instance.
Apr 16, 2026 2:39:50 PM scala.meta.internal.pc.CompilerAccess retryWithCleanCompiler
INFO: compiler crashed due to an error in the Scala compiler, retrying with new compiler instance.
Apr 16, 2026 2:39:58 PM scala.meta.internal.pc.CompilerAccess retryWithCleanCompiler
INFO: compiler crashed due to an error in the Scala compiler, retrying with new compiler instance.
Apr 16, 2026 2:39:59 PM scala.meta.internal.pc.CompilerAccess retryWithCleanCompiler
INFO: compiler crashed due to an error in the Scala compiler, retrying with new compiler instance.
Apr 16, 2026 2:40:00 PM scala.meta.internal.pc.CompilerAccess retryWithCleanCompiler
INFO: compiler crashed due to an error in the Scala compiler, retrying with new compiler instance.
Apr 16, 2026 2:40:02 PM scala.meta.internal.pc.CompilerAccess retryWithCleanCompiler
INFO: compiler crashed due to an error in the Scala compiler, retrying with new compiler instance.
Apr 16, 2026 2:40:04 PM scala.meta.internal.pc.CompilerAccess retryWithCleanCompiler
INFO: compiler crashed due to an error in the Scala compiler, retrying with new compiler instance.
Apr 16, 2026 2:40:06 PM scala.meta.internal.pc.CompilerAccess retryWithCleanCompiler
INFO: compiler crashed due to an error in the Scala compiler, retrying with new compiler instance.
Apr 16, 2026 2:40:07 PM scala.meta.internal.pc.CompilerAccess retryWithCleanCompiler
INFO: compiler crashed due to an error in the Scala compiler, retrying with new compiler instance.
Apr 16, 2026 2:40:09 PM scala.meta.internal.pc.CompilerAccess retryWithCleanCompiler
INFO: compiler crashed due to an error in the Scala compiler, retrying with new compiler instance.
Apr 16, 2026 2:40:09 PM scala.meta.internal.pc.CompilerAccess retryWithCleanCompiler
INFO: compiler crashed due to an error in the Scala compiler, retrying with new compiler instance.
Apr 16, 2026 2:40:09 PM scala.meta.internal.pc.CompilerAccess retryWithCleanCompiler
INFO: compiler crashed due to an error in the Scala compiler, retrying with new compiler instance.
Apr 16, 2026 2:40:10 PM scala.meta.internal.pc.CompilerAccess retryWithCleanCompiler
INFO: compiler crashed due to an error in the Scala compiler, retrying with new compiler instance.
Apr 16, 2026 2:40:11 PM scala.meta.internal.pc.CompilerAccess retryWithCleanCompiler
INFO: compiler crashed due to an error in the Scala compiler, retrying with new compiler instance.
Apr 16, 2026 2:40:12 PM scala.meta.internal.pc.CompilerAccess retryWithCleanCompiler
INFO: compiler crashed due to an error in the Scala compiler, retrying with new compiler instance.
Apr 16, 2026 2:40:12 PM scala.meta.internal.pc.CompilerAccess retryWithCleanCompiler
INFO: compiler crashed due to an error in the Scala compiler, retrying with new compiler instance.
Apr 16, 2026 2:40:13 PM scala.meta.internal.pc.CompilerAccess retryWithCleanCompiler
INFO: compiler crashed due to an error in the Scala compiler, retrying with new compiler instance.
Apr 16, 2026 2:40:14 PM scala.meta.internal.pc.CompilerAccess retryWithCleanCompiler
INFO: compiler crashed due to an error in the Scala compiler, retrying with new compiler instance.
Apr 16, 2026 2:40:14 PM scala.meta.internal.pc.CompilerAccess retryWithCleanCompiler
INFO: compiler crashed due to an error in the Scala compiler, retrying with new compiler instance.
2026.04.16 14:40:15 INFO  Created report: Optional[file:///Users/robbetiteca/projects/school/thesis/ecosystem-randomized-cache/core/src/main/scala/riscv/plugins/Cache.scala]
2026.04.16 14:40:15 INFO  scala.reflect.internal.Types$TypeError: illegal cyclic inheritance involving class Component (full report at: "/Users/robbetiteca/projects/school/thesis/ecosystem-randomized-cache/.metals/.reports/metals-full/2026-04-16/r_compiler-error_(core)_14-40-15-149.md")
Apr 16, 2026 2:40:15 PM scala.meta.internal.pc.CompilerAccess retryWithCleanCompiler
INFO: compiler crashed due to an error in the Scala compiler, retrying with new compiler instance.
Apr 16, 2026 2:40:16 PM scala.meta.internal.pc.CompilerAccess retryWithCleanCompiler
INFO: compiler crashed due to an error in the Scala compiler, retrying with new compiler instance.
Apr 16, 2026 2:40:23 PM scala.meta.internal.pc.CompilerAccess retryWithCleanCompiler
INFO: compiler crashed due to an error in the Scala compiler, retrying with new compiler instance.
2026.04.16 14:40:23 INFO  compiling core (1 scala source)
2026.04.16 14:40:23 INFO  time: compiled core in 72ms
2026.04.16 14:40:27 INFO  compiling core (1 scala source)
2026.04.16 14:40:27 INFO  time: compiled core in 0.15s
Apr 16, 2026 2:40:27 PM scala.meta.internal.pc.CompilerAccess retryWithCleanCompiler
INFO: compiler crashed due to an error in the Scala compiler, retrying with new compiler instance.
Apr 16, 2026 2:40:28 PM scala.meta.internal.pc.CompilerAccess retryWithCleanCompiler
INFO: compiler crashed due to an error in the Scala compiler, retrying with new compiler instance.
Apr 16, 2026 2:40:29 PM scala.meta.internal.pc.CompilerAccess retryWithCleanCompiler
INFO: compiler crashed due to an error in the Scala compiler, retrying with new compiler instance.
Apr 16, 2026 2:40:29 PM scala.meta.internal.pc.CompilerAccess retryWithCleanCompiler
INFO: compiler crashed due to an error in the Scala compiler, retrying with new compiler instance.
Apr 16, 2026 2:40:29 PM scala.meta.internal.pc.CompilerAccess retryWithCleanCompiler
INFO: compiler crashed due to an error in the Scala compiler, retrying with new compiler instance.
Apr 16, 2026 2:40:31 PM scala.meta.internal.pc.CompilerAccess retryWithCleanCompiler
INFO: compiler crashed due to an error in the Scala compiler, retrying with new compiler instance.
2026.04.16 14:40:31 INFO  compiling core (1 scala source)
2026.04.16 14:40:31 INFO  time: compiled core in 0.14s
Apr 16, 2026 2:40:32 PM scala.meta.internal.pc.CompilerAccess retryWithCleanCompiler
INFO: compiler crashed due to an error in the Scala compiler, retrying with new compiler instance.
Apr 16, 2026 2:40:33 PM scala.meta.internal.pc.CompilerAccess retryWithCleanCompiler
INFO: compiler crashed due to an error in the Scala compiler, retrying with new compiler instance.
Apr 16, 2026 2:40:34 PM scala.meta.internal.pc.CompilerAccess retryWithCleanCompiler
INFO: compiler crashed due to an error in the Scala compiler, retrying with new compiler instance.
Apr 16, 2026 2:40:37 PM scala.meta.internal.pc.CompilerAccess retryWithCleanCompiler
INFO: compiler crashed due to an error in the Scala compiler, retrying with new compiler instance.
2026.04.16 14:40:37 INFO  compiling core (1 scala source)
2026.04.16 14:40:37 INFO  time: compiled core in 0.14s
Apr 16, 2026 2:40:38 PM scala.meta.internal.pc.CompilerAccess retryWithCleanCompiler
INFO: compiler crashed due to an error in the Scala compiler, retrying with new compiler instance.
Apr 16, 2026 2:40:40 PM scala.meta.internal.pc.CompilerAccess retryWithCleanCompiler
INFO: compiler crashed due to an error in the Scala compiler, retrying with new compiler instance.
Apr 16, 2026 2:40:40 PM scala.meta.internal.pc.CompilerAccess retryWithCleanCompiler
INFO: compiler crashed due to an error in the Scala compiler, retrying with new compiler instance.
Apr 16, 2026 2:40:41 PM scala.meta.internal.pc.CompilerAccess retryWithCleanCompiler
INFO: compiler crashed due to an error in the Scala compiler, retrying with new compiler instance.
Apr 16, 2026 2:40:41 PM scala.meta.internal.pc.CompilerAccess retryWithCleanCompiler
INFO: compiler crashed due to an error in the Scala compiler, retrying with new compiler instance.
Apr 16, 2026 2:40:41 PM scala.meta.internal.pc.CompilerAccess retryWithCleanCompiler
INFO: compiler crashed due to an error in the Scala compiler, retrying with new compiler instance.
Apr 16, 2026 2:40:42 PM scala.meta.internal.pc.CompilerAccess retryWithCleanCompiler
INFO: compiler crashed due to an error in the Scala compiler, retrying with new compiler instance.
Apr 16, 2026 2:40:45 PM scala.meta.internal.pc.CompilerAccess retryWithCleanCompiler
INFO: compiler crashed due to an error in the Scala compiler, retrying with new compiler instance.
Apr 16, 2026 2:40:45 PM scala.meta.internal.pc.CompilerAccess retryWithCleanCompiler
INFO: compiler crashed due to an error in the Scala compiler, retrying with new compiler instance.
Apr 16, 2026 2:40:45 PM scala.meta.internal.pc.CompilerAccess retryWithCleanCompiler
INFO: compiler crashed due to an error in the Scala compiler, retrying with new compiler instance.
Apr 16, 2026 2:40:46 PM scala.meta.internal.pc.CompilerAccess retryWithCleanCompiler
INFO: compiler crashed due to an error in the Scala compiler, retrying with new compiler instance.
Apr 16, 2026 2:40:55 PM scala.meta.internal.pc.CompilerAccess retryWithCleanCompiler
INFO: compiler crashed due to an error in the Scala compiler, retrying with new compiler instance.
Apr 16, 2026 2:40:58 PM scala.meta.internal.pc.CompilerAccess retryWithCleanCompiler
INFO: compiler crashed due to an error in the Scala compiler, retrying with new compiler instance.
Apr 16, 2026 2:40:59 PM scala.meta.internal.pc.CompilerAccess retryWithCleanCompiler
INFO: compiler crashed due to an error in the Scala compiler, retrying with new compiler instance.
Apr 16, 2026 2:41:00 PM scala.meta.internal.pc.CompilerAccess retryWithCleanCompiler
INFO: compiler crashed due to an error in the Scala compiler, retrying with new compiler instance.
Apr 16, 2026 2:41:51 PM scala.meta.internal.pc.CompilerAccess retryWithCleanCompiler
INFO: compiler crashed due to an error in the Scala compiler, retrying with new compiler instance.
Apr 16, 2026 2:41:55 PM scala.meta.internal.pc.CompilerAccess retryWithCleanCompiler
INFO: compiler crashed due to an error in the Scala compiler, retrying with new compiler instance.
Apr 16, 2026 2:41:56 PM scala.meta.internal.pc.CompilerAccess retryWithCleanCompiler
INFO: compiler crashed due to an error in the Scala compiler, retrying with new compiler instance.
Apr 16, 2026 2:42:00 PM scala.meta.internal.pc.CompilerAccess retryWithCleanCompiler
INFO: compiler crashed due to an error in the Scala compiler, retrying with new compiler instance.
Apr 16, 2026 2:42:01 PM scala.meta.internal.pc.CompilerAccess retryWithCleanCompiler
INFO: compiler crashed due to an error in the Scala compiler, retrying with new compiler instance.
Apr 16, 2026 2:42:01 PM scala.meta.internal.pc.CompilerAccess retryWithCleanCompiler
INFO: compiler crashed due to an error in the Scala compiler, retrying with new compiler instance.
Apr 16, 2026 2:42:01 PM scala.meta.internal.pc.CompilerAccess retryWithCleanCompiler
INFO: compiler crashed due to an error in the Scala compiler, retrying with new compiler instance.
Apr 16, 2026 2:42:01 PM scala.meta.internal.pc.CompilerAccess retryWithCleanCompiler
INFO: compiler crashed due to an error in the Scala compiler, retrying with new compiler instance.
Apr 16, 2026 2:42:06 PM scala.meta.internal.pc.CompilerAccess retryWithCleanCompiler
INFO: compiler crashed due to an error in the Scala compiler, retrying with new compiler instance.
Apr 16, 2026 2:42:07 PM scala.meta.internal.pc.CompilerAccess retryWithCleanCompiler
INFO: compiler crashed due to an error in the Scala compiler, retrying with new compiler instance.
Apr 16, 2026 2:42:08 PM scala.meta.internal.pc.CompilerAccess retryWithCleanCompiler
INFO: compiler crashed due to an error in the Scala compiler, retrying with new compiler instance.
Apr 16, 2026 2:42:09 PM scala.meta.internal.pc.CompilerAccess retryWithCleanCompiler
INFO: compiler crashed due to an error in the Scala compiler, retrying with new compiler instance.
Apr 16, 2026 2:42:15 PM scala.meta.internal.pc.CompilerAccess retryWithCleanCompiler
INFO: compiler crashed due to an error in the Scala compiler, retrying with new compiler instance.
Apr 16, 2026 2:42:24 PM scala.meta.internal.pc.CompilerAccess retryWithCleanCompiler
INFO: compiler crashed due to an error in the Scala compiler, retrying with new compiler instance.
2026.04.16 14:42:34 INFO  Created report: Optional[file:///Users/robbetiteca/projects/school/thesis/ecosystem-randomized-cache/core/src/main/scala/riscv/plugins/Cache.scala]
2026.04.16 14:42:34 INFO  java.lang.StringIndexOutOfBoundsException: Range [9349, 9349 + -10) out of bounds for length 24887 (full report at: "/Users/robbetiteca/projects/school/thesis/ecosystem-randomized-cache/.metals/.reports/metals-full/2026-04-16/r_compiler-error_(core)_14-42-34-337.md")
Apr 16, 2026 2:42:34 PM scala.meta.internal.pc.CompilerAccess retryWithCleanCompiler
INFO: compiler crashed due to an error in the Scala compiler, retrying with new compiler instance.
Apr 16, 2026 2:42:38 PM scala.meta.internal.pc.CompilerAccess retryWithCleanCompiler
INFO: compiler crashed due to an error in the Scala compiler, retrying with new compiler instance.
Apr 16, 2026 2:42:40 PM scala.meta.internal.pc.CompilerAccess retryWithCleanCompiler
INFO: compiler crashed due to an error in the Scala compiler, retrying with new compiler instance.
2026.04.16 14:42:40 INFO  compiling core (1 scala source)
2026.04.16 14:42:40 INFO  time: compiled core in 0.15s
Apr 16, 2026 2:42:40 PM scala.meta.internal.pc.CompilerAccess retryWithCleanCompiler
INFO: compiler crashed due to an error in the Scala compiler, retrying with new compiler instance.
Apr 16, 2026 2:42:41 PM scala.meta.internal.pc.CompilerAccess retryWithCleanCompiler
INFO: compiler crashed due to an error in the Scala compiler, retrying with new compiler instance.
Apr 16, 2026 2:42:42 PM scala.meta.internal.pc.CompilerAccess retryWithCleanCompiler
INFO: compiler crashed due to an error in the Scala compiler, retrying with new compiler instance.
Apr 16, 2026 2:42:43 PM scala.meta.internal.pc.CompilerAccess retryWithCleanCompiler
INFO: compiler crashed due to an error in the Scala compiler, retrying with new compiler instance.
Apr 16, 2026 2:42:44 PM scala.meta.internal.pc.CompilerAccess retryWithCleanCompiler
INFO: compiler crashed due to an error in the Scala compiler, retrying with new compiler instance.
Apr 16, 2026 2:42:45 PM scala.meta.internal.pc.CompilerAccess retryWithCleanCompiler
INFO: compiler crashed due to an error in the Scala compiler, retrying with new compiler instance.
Apr 16, 2026 2:42:47 PM scala.meta.internal.pc.CompilerAccess retryWithCleanCompiler
INFO: compiler crashed due to an error in the Scala compiler, retrying with new compiler instance.
2026.04.16 14:42:48 INFO  compiling core (1 scala source)
2026.04.16 14:42:48 INFO  time: compiled core in 0.14s
Apr 16, 2026 2:42:48 PM scala.meta.internal.pc.CompilerAccess retryWithCleanCompiler
INFO: compiler crashed due to an error in the Scala compiler, retrying with new compiler instance.
Apr 16, 2026 2:42:48 PM scala.meta.internal.pc.CompilerAccess retryWithCleanCompiler
INFO: compiler crashed due to an error in the Scala compiler, retrying with new compiler instance.
Apr 16, 2026 2:42:49 PM scala.meta.internal.pc.CompilerAccess retryWithCleanCompiler
INFO: compiler crashed due to an error in the Scala compiler, retrying with new compiler instance.
Apr 16, 2026 2:42:53 PM scala.meta.internal.pc.CompilerAccess retryWithCleanCompiler
INFO: compiler crashed due to an error in the Scala compiler, retrying with new compiler instance.
2026.04.16 14:43:00 INFO  Created report: Optional[file:///Users/robbetiteca/projects/school/thesis/ecosystem-randomized-cache/core/src/main/scala/riscv/plugins/Cache.scala]
2026.04.16 14:43:00 INFO  java.lang.StringIndexOutOfBoundsException: Range [9402, 9402 + -10) out of bounds for length 24940 (full report at: "/Users/robbetiteca/projects/school/thesis/ecosystem-randomized-cache/.metals/.reports/metals-full/2026-04-16/r_compiler-error_(core)_14-43-00-469.md")
Apr 16, 2026 2:43:01 PM scala.meta.internal.pc.CompilerAccess retryWithCleanCompiler
INFO: compiler crashed due to an error in the Scala compiler, retrying with new compiler instance.
Apr 16, 2026 2:43:01 PM scala.meta.internal.pc.CompilerAccess retryWithCleanCompiler
INFO: compiler crashed due to an error in the Scala compiler, retrying with new compiler instance.
Apr 16, 2026 2:43:06 PM scala.meta.internal.pc.CompilerAccess retryWithCleanCompiler
INFO: compiler crashed due to an error in the Scala compiler, retrying with new compiler instance.
Apr 16, 2026 2:43:09 PM scala.meta.internal.pc.CompilerAccess retryWithCleanCompiler
INFO: compiler crashed due to an error in the Scala compiler, retrying with new compiler instance.
Apr 16, 2026 2:43:09 PM scala.meta.internal.pc.CompilerAccess retryWithCleanCompiler
INFO: compiler crashed due to an error in the Scala compiler, retrying with new compiler instance.
Apr 16, 2026 2:43:10 PM scala.meta.internal.pc.CompilerAccess retryWithCleanCompiler
INFO: compiler crashed due to an error in the Scala compiler, retrying with new compiler instance.
Apr 16, 2026 2:43:11 PM scala.meta.internal.pc.CompilerAccess retryWithCleanCompiler
INFO: compiler crashed due to an error in the Scala compiler, retrying with new compiler instance.
Apr 16, 2026 2:43:14 PM scala.meta.internal.pc.CompilerAccess retryWithCleanCompiler
INFO: compiler crashed due to an error in the Scala compiler, retrying with new compiler instance.
Apr 16, 2026 2:44:39 PM scala.meta.internal.pc.CompilerAccess retryWithCleanCompiler
INFO: compiler crashed due to an error in the Scala compiler, retrying with new compiler instance.
Apr 16, 2026 2:44:39 PM scala.meta.internal.pc.CompilerAccess retryWithCleanCompiler
INFO: compiler crashed due to an error in the Scala compiler, retrying with new compiler instance.
Apr 16, 2026 2:44:42 PM scala.meta.internal.pc.CompilerAccess retryWithCleanCompiler
INFO: compiler crashed due to an error in the Scala compiler, retrying with new compiler instance.
Apr 16, 2026 2:44:47 PM scala.meta.internal.pc.CompilerAccess retryWithCleanCompiler
INFO: compiler crashed due to an error in the Scala compiler, retrying with new compiler instance.
Apr 16, 2026 2:44:49 PM scala.meta.internal.pc.CompilerAccess retryWithCleanCompiler
INFO: compiler crashed due to an error in the Scala compiler, retrying with new compiler instance.
Apr 16, 2026 2:44:52 PM scala.meta.internal.pc.CompilerAccess retryWithCleanCompiler
INFO: compiler crashed due to an error in the Scala compiler, retrying with new compiler instance.
Apr 16, 2026 2:44:53 PM scala.meta.internal.pc.CompilerAccess retryWithCleanCompiler
INFO: compiler crashed due to an error in the Scala compiler, retrying with new compiler instance.
Apr 16, 2026 2:44:55 PM org.eclipse.lsp4j.jsonrpc.RemoteEndpoint handleCancellation
WARNING: Unmatched cancel notification for request id 3705
Apr 16, 2026 2:44:55 PM scala.meta.internal.pc.CompilerAccess retryWithCleanCompiler
INFO: compiler crashed due to an error in the Scala compiler, retrying with new compiler instance.
Apr 16, 2026 2:44:56 PM scala.meta.internal.pc.CompilerAccess retryWithCleanCompiler
INFO: compiler crashed due to an error in the Scala compiler, retrying with new compiler instance.
Apr 16, 2026 2:44:58 PM scala.meta.internal.pc.CompilerAccess retryWithCleanCompiler
INFO: compiler crashed due to an error in the Scala compiler, retrying with new compiler instance.
Apr 16, 2026 2:45:02 PM scala.meta.internal.pc.CompilerAccess retryWithCleanCompiler
INFO: compiler crashed due to an error in the Scala compiler, retrying with new compiler instance.
2026.04.16 14:45:02 INFO  compiling core (1 scala source)
2026.04.16 14:45:02 INFO  time: compiled core in 0.15s
2026.04.16 14:45:05 INFO  compiling core (1 scala source)
2026.04.16 14:45:05 INFO  time: compiled core in 0.13s
2026.04.16 14:45:11 INFO  compiling core (1 scala source)
2026.04.16 14:45:11 INFO  time: compiled core in 0.14s
2026.04.16 14:45:19 INFO  compiling core (1 scala source)
2026.04.16 14:45:19 INFO  time: compiled core in 0.12s
Apr 16, 2026 2:45:20 PM scala.meta.internal.pc.CompilerAccess retryWithCleanCompiler
INFO: compiler crashed due to an error in the Scala compiler, retrying with new compiler instance.
Apr 16, 2026 2:45:21 PM scala.meta.internal.pc.CompilerAccess retryWithCleanCompiler
INFO: compiler crashed due to an error in the Scala compiler, retrying with new compiler instance.
Apr 16, 2026 2:45:22 PM scala.meta.internal.pc.CompilerAccess retryWithCleanCompiler
INFO: compiler crashed due to an error in the Scala compiler, retrying with new compiler instance.
Apr 16, 2026 2:45:25 PM scala.meta.internal.pc.CompilerAccess retryWithCleanCompiler
INFO: compiler crashed due to an error in the Scala compiler, retrying with new compiler instance.
Apr 16, 2026 2:45:26 PM scala.meta.internal.pc.CompilerAccess retryWithCleanCompiler
INFO: compiler crashed due to an error in the Scala compiler, retrying with new compiler instance.
Apr 16, 2026 2:45:32 PM scala.meta.internal.pc.CompilerAccess retryWithCleanCompiler
INFO: compiler crashed due to an error in the Scala compiler, retrying with new compiler instance.
Apr 16, 2026 2:45:35 PM scala.meta.internal.pc.CompilerAccess retryWithCleanCompiler
INFO: compiler crashed due to an error in the Scala compiler, retrying with new compiler instance.
Apr 16, 2026 2:45:37 PM scala.meta.internal.pc.CompilerAccess retryWithCleanCompiler
INFO: compiler crashed due to an error in the Scala compiler, retrying with new compiler instance.
Apr 16, 2026 2:45:38 PM scala.meta.internal.pc.CompilerAccess retryWithCleanCompiler
INFO: compiler crashed due to an error in the Scala compiler, retrying with new compiler instance.
2026.04.16 14:45:38 INFO  compiling core (1 scala source)
2026.04.16 14:45:38 INFO  time: compiled core in 0.17s
2026.04.16 14:45:45 INFO  compiling core (1 scala source)
2026.04.16 14:45:45 INFO  time: compiled core in 0.12s
Apr 16, 2026 2:45:45 PM scala.meta.internal.pc.CompilerAccess retryWithCleanCompiler
INFO: compiler crashed due to an error in the Scala compiler, retrying with new compiler instance.
Apr 16, 2026 2:45:47 PM scala.meta.internal.pc.CompilerAccess retryWithCleanCompiler
INFO: compiler crashed due to an error in the Scala compiler, retrying with new compiler instance.
Apr 16, 2026 2:45:49 PM scala.meta.internal.pc.CompilerAccess retryWithCleanCompiler
INFO: compiler crashed due to an error in the Scala compiler, retrying with new compiler instance.
Apr 16, 2026 2:45:50 PM scala.meta.internal.pc.CompilerAccess retryWithCleanCompiler
INFO: compiler crashed due to an error in the Scala compiler, retrying with new compiler instance.
2026.04.16 14:45:50 INFO  compiling core (1 scala source)
2026.04.16 14:45:50 INFO  time: compiled core in 0.12s
Apr 16, 2026 2:45:50 PM scala.meta.internal.pc.CompilerAccess retryWithCleanCompiler
INFO: compiler crashed due to an error in the Scala compiler, retrying with new compiler instance.
Apr 16, 2026 2:45:51 PM scala.meta.internal.pc.CompilerAccess retryWithCleanCompiler
INFO: compiler crashed due to an error in the Scala compiler, retrying with new compiler instance.
Apr 16, 2026 2:45:52 PM scala.meta.internal.pc.CompilerAccess retryWithCleanCompiler
INFO: compiler crashed due to an error in the Scala compiler, retrying with new compiler instance.
Apr 16, 2026 2:45:53 PM scala.meta.internal.pc.CompilerAccess retryWithCleanCompiler
INFO: compiler crashed due to an error in the Scala compiler, retrying with new compiler instance.
Apr 16, 2026 2:45:53 PM scala.meta.internal.pc.CompilerAccess retryWithCleanCompiler
INFO: compiler crashed due to an error in the Scala compiler, retrying with new compiler instance.
Apr 16, 2026 2:45:54 PM scala.meta.internal.pc.CompilerAccess retryWithCleanCompiler
INFO: compiler crashed due to an error in the Scala compiler, retrying with new compiler instance.
Apr 16, 2026 2:45:56 PM scala.meta.internal.pc.CompilerAccess retryWithCleanCompiler
INFO: compiler crashed due to an error in the Scala compiler, retrying with new compiler instance.
Apr 16, 2026 2:45:58 PM org.eclipse.lsp4j.jsonrpc.RemoteEndpoint handleCancellation
WARNING: Unmatched cancel notification for request id 4391
Apr 16, 2026 2:45:59 PM scala.meta.internal.pc.CompilerAccess retryWithCleanCompiler
INFO: compiler crashed due to an error in the Scala compiler, retrying with new compiler instance.
Apr 16, 2026 2:46:00 PM scala.meta.internal.pc.CompilerAccess retryWithCleanCompiler
INFO: compiler crashed due to an error in the Scala compiler, retrying with new compiler instance.
Apr 16, 2026 2:46:03 PM scala.meta.internal.pc.CompilerAccess retryWithCleanCompiler
INFO: compiler crashed due to an error in the Scala compiler, retrying with new compiler instance.
Apr 16, 2026 2:46:03 PM scala.meta.internal.pc.CompilerAccess retryWithCleanCompiler
INFO: compiler crashed due to an error in the Scala compiler, retrying with new compiler instance.
Apr 16, 2026 2:46:04 PM scala.meta.internal.pc.CompilerAccess retryWithCleanCompiler
INFO: compiler crashed due to an error in the Scala compiler, retrying with new compiler instance.
Apr 16, 2026 2:46:04 PM scala.meta.internal.pc.CompilerAccess retryWithCleanCompiler
INFO: compiler crashed due to an error in the Scala compiler, retrying with new compiler instance.
Apr 16, 2026 2:46:06 PM scala.meta.internal.pc.CompilerAccess retryWithCleanCompiler
INFO: compiler crashed due to an error in the Scala compiler, retrying with new compiler instance.
Apr 16, 2026 2:46:06 PM scala.meta.internal.pc.CompilerAccess retryWithCleanCompiler
INFO: compiler crashed due to an error in the Scala compiler, retrying with new compiler instance.
Apr 16, 2026 2:46:06 PM scala.meta.internal.pc.CompilerAccess retryWithCleanCompiler
INFO: compiler crashed due to an error in the Scala compiler, retrying with new compiler instance.
Apr 16, 2026 2:46:06 PM scala.meta.internal.pc.CompilerAccess retryWithCleanCompiler
INFO: compiler crashed due to an error in the Scala compiler, retrying with new compiler instance.
Apr 16, 2026 2:46:07 PM scala.meta.internal.pc.CompilerAccess retryWithCleanCompiler
INFO: compiler crashed due to an error in the Scala compiler, retrying with new compiler instance.
Apr 16, 2026 2:46:07 PM scala.meta.internal.pc.CompilerAccess retryWithCleanCompiler
INFO: compiler crashed due to an error in the Scala compiler, retrying with new compiler instance.
Apr 16, 2026 2:46:07 PM scala.meta.internal.pc.CompilerAccess retryWithCleanCompiler
INFO: compiler crashed due to an error in the Scala compiler, retrying with new compiler instance.
Apr 16, 2026 2:46:07 PM scala.meta.internal.pc.CompilerAccess retryWithCleanCompiler
INFO: compiler crashed due to an error in the Scala compiler, retrying with new compiler instance.
Apr 16, 2026 2:46:10 PM scala.meta.internal.pc.CompilerAccess retryWithCleanCompiler
INFO: compiler crashed due to an error in the Scala compiler, retrying with new compiler instance.
Apr 16, 2026 2:46:10 PM scala.meta.internal.pc.CompilerAccess retryWithCleanCompiler
INFO: compiler crashed due to an error in the Scala compiler, retrying with new compiler instance.
2026.04.16 14:46:10 INFO  compiling core (1 scala source)
2026.04.16 14:46:10 INFO  time: compiled core in 0.17s
2026.04.16 14:46:13 INFO  compiling core (1 scala source)
2026.04.16 14:46:13 INFO  time: compiled core in 0.11s
2026.04.16 14:50:44 INFO  compiling core (1 scala source)
2026.04.16 14:50:44 INFO  time: compiled core in 0.17s
2026.04.16 14:50:48 INFO  compiling core (1 scala source)
2026.04.16 14:50:48 INFO  time: compiled core in 0.14s
Apr 16, 2026 2:53:06 PM org.eclipse.lsp4j.jsonrpc.RemoteEndpoint handleCancellation
WARNING: Unmatched cancel notification for request id 4899
2026.04.16 14:53:11 INFO  compiling core (1 scala source)
2026.04.16 14:53:11 INFO  time: compiled core in 0.15s
2026.04.16 14:53:36 INFO  compiling core (1 scala source)
2026.04.16 14:53:36 INFO  time: compiled core in 0.16s
2026.04.16 14:53:43 INFO  compiling core (1 scala source)
2026.04.16 14:53:43 INFO  time: compiled core in 0.12s
2026.04.16 14:55:08 INFO  compiling core (1 scala source)
2026.04.16 14:55:09 INFO  time: compiled core in 1.13s
2026.04.16 14:57:04 INFO  compiling core (1 scala source)
2026.04.16 14:57:04 INFO  time: compiled core in 0.76s
2026.04.16 15:05:38 INFO  compiling core (1 scala source)
2026.04.16 15:05:38 INFO  time: compiled core in 0.65s
Apr 16, 2026 3:05:40 PM scala.meta.internal.pc.CompilerAccess retryWithCleanCompiler
INFO: compiler crashed due to an error in the Scala compiler, retrying with new compiler instance.
Apr 16, 2026 3:13:44 PM org.eclipse.lsp4j.jsonrpc.RemoteEndpoint handleCancellation
WARNING: Unmatched cancel notification for request id 5628
2026.04.16 15:13:50 INFO  compiling core (1 scala source)
2026.04.16 15:13:50 INFO  time: compiled core in 0.64s
Apr 16, 2026 3:14:53 PM scala.meta.internal.pc.CompilerAccess retryWithCleanCompiler
INFO: compiler crashed due to an error in the Scala compiler, retrying with new compiler instance.
2026.04.16 15:15:04 INFO  compiling core (1 scala source)
2026.04.16 15:15:04 INFO  time: compiled core in 0.62s
2026.04.16 15:15:11 INFO  compiling core (1 scala source)
2026.04.16 15:15:11 INFO  time: compiled core in 0.23s
Apr 16, 2026 3:15:14 PM scala.meta.internal.pc.CompilerAccess retryWithCleanCompiler
INFO: compiler crashed due to an error in the Scala compiler, retrying with new compiler instance.
Apr 16, 2026 3:15:17 PM scala.meta.internal.pc.CompilerAccess retryWithCleanCompiler
INFO: compiler crashed due to an error in the Scala compiler, retrying with new compiler instance.
Apr 16, 2026 3:15:30 PM scala.meta.internal.pc.CompilerAccess retryWithCleanCompiler
INFO: compiler crashed due to an error in the Scala compiler, retrying with new compiler instance.
Apr 16, 2026 3:15:31 PM scala.meta.internal.pc.CompilerAccess retryWithCleanCompiler
INFO: compiler crashed due to an error in the Scala compiler, retrying with new compiler instance.
2026.04.16 15:19:16 INFO  Created report: Optional[file:///Users/robbetiteca/projects/school/thesis/ecosystem-randomized-cache/core/src/main/scala/riscv/plugins/Cache.scala]
2026.04.16 15:19:16 INFO  empty definition using pc, found symbol in pc:  (full report at: "/Users/robbetiteca/projects/school/thesis/ecosystem-randomized-cache/.metals/.reports/metals-full/2026-04-16/r_empty-definition_(core)_15-19-16-266.md")
Apr 16, 2026 3:19:20 PM scala.meta.internal.pc.CompilerAccess retryWithCleanCompiler
INFO: compiler crashed due to an error in the Scala compiler, retrying with new compiler instance.
Apr 16, 2026 3:19:21 PM scala.meta.internal.pc.CompilerAccess retryWithCleanCompiler
INFO: compiler crashed due to an error in the Scala compiler, retrying with new compiler instance.
Apr 16, 2026 3:19:22 PM scala.meta.internal.pc.CompilerAccess retryWithCleanCompiler
INFO: compiler crashed due to an error in the Scala compiler, retrying with new compiler instance.
Apr 16, 2026 3:19:32 PM scala.meta.internal.pc.CompilerAccess retryWithCleanCompiler
INFO: compiler crashed due to an error in the Scala compiler, retrying with new compiler instance.
Apr 16, 2026 3:19:54 PM scala.meta.internal.pc.CompilerAccess retryWithCleanCompiler
INFO: compiler crashed due to an error in the Scala compiler, retrying with new compiler instance.
Apr 16, 2026 3:20:03 PM scala.meta.internal.pc.CompilerAccess retryWithCleanCompiler
INFO: compiler crashed due to an error in the Scala compiler, retrying with new compiler instance.
Apr 16, 2026 3:20:03 PM scala.meta.internal.pc.CompilerAccess retryWithCleanCompiler
INFO: compiler crashed due to an error in the Scala compiler, retrying with new compiler instance.
Apr 16, 2026 3:20:05 PM scala.meta.internal.pc.CompilerAccess retryWithCleanCompiler
INFO: compiler crashed due to an error in the Scala compiler, retrying with new compiler instance.
Apr 16, 2026 3:20:06 PM scala.meta.internal.pc.CompilerAccess retryWithCleanCompiler
INFO: compiler crashed due to an error in the Scala compiler, retrying with new compiler instance.
Apr 16, 2026 3:20:07 PM scala.meta.internal.pc.CompilerAccess retryWithCleanCompiler
INFO: compiler crashed due to an error in the Scala compiler, retrying with new compiler instance.
Apr 16, 2026 3:20:09 PM scala.meta.internal.pc.CompilerAccess retryWithCleanCompiler
INFO: compiler crashed due to an error in the Scala compiler, retrying with new compiler instance.
Apr 16, 2026 3:20:11 PM scala.meta.internal.pc.CompilerAccess retryWithCleanCompiler
INFO: compiler crashed due to an error in the Scala compiler, retrying with new compiler instance.
Apr 16, 2026 3:20:11 PM scala.meta.internal.pc.AutoImportsProvider$$anonfun$1 applyOrElse
WARNING: Could not infer edits for riscv.PcPayload, tree around the position were scala.reflect.internal.Trees$Ident,scala.reflect.internal.Trees$Block,scala.reflect.internal.Trees$Apply,scala.reflect.internal.Trees$Apply,scala.reflect.internal.Trees$DefDef, auto import position was Some(AutoImportPosition(111,0,false))
Apr 16, 2026 3:20:11 PM scala.meta.internal.pc.AutoImportsProvider$$anonfun$1 applyOrElse
WARNING: Could not infer edits for riscv.PcPayload, tree around the position were scala.reflect.internal.Trees$DefDef,scala.reflect.internal.Trees$Template,scala.reflect.internal.Trees$ClassDef,scala.reflect.internal.Trees$Block,scala.reflect.internal.Trees$Apply, auto import position was Some(AutoImportPosition(111,0,false))
Apr 16, 2026 3:20:11 PM scala.meta.internal.pc.AutoImportsProvider$$anonfun$1 applyOrElse
WARNING: Could not infer edits for riscv.PcPayload, tree around the position were scala.reflect.internal.Trees$DefDef,scala.reflect.internal.Trees$Template,scala.reflect.internal.Trees$ClassDef,scala.reflect.internal.Trees$Block,scala.reflect.internal.Trees$Apply, auto import position was Some(AutoImportPosition(111,0,false))
Apr 16, 2026 3:20:11 PM scala.meta.internal.pc.AutoImportsProvider$$anonfun$1 applyOrElse
WARNING: Could not infer edits for riscv.PcPayload, tree around the position were scala.reflect.internal.Trees$Apply,scala.reflect.internal.Trees$Apply,scala.reflect.internal.Trees$Apply,scala.reflect.internal.Trees$DefDef,scala.reflect.internal.Trees$Template, auto import position was Some(AutoImportPosition(111,0,false))
Apr 16, 2026 3:20:12 PM scala.meta.internal.pc.CompilerAccess retryWithCleanCompiler
INFO: compiler crashed due to an error in the Scala compiler, retrying with new compiler instance.
Apr 16, 2026 3:20:12 PM scala.meta.internal.pc.AutoImportsProvider$$anonfun$1 applyOrElse
WARNING: Could not infer edits for riscv.PcPayload, tree around the position were scala.reflect.internal.Trees$Apply,scala.reflect.internal.Trees$Apply,scala.reflect.internal.Trees$Apply,scala.reflect.internal.Trees$DefDef,scala.reflect.internal.Trees$Template, auto import position was Some(AutoImportPosition(111,0,false))
Apr 16, 2026 3:20:13 PM scala.meta.internal.pc.AutoImportsProvider$$anonfun$1 applyOrElse
WARNING: Could not infer edits for riscv.PcPayload, tree around the position were scala.reflect.internal.Trees$Apply,scala.reflect.internal.Trees$Apply,scala.reflect.internal.Trees$Apply,scala.reflect.internal.Trees$DefDef,scala.reflect.internal.Trees$Template, auto import position was Some(AutoImportPosition(111,0,false))
Apr 16, 2026 3:20:13 PM scala.meta.internal.pc.AutoImportsProvider$$anonfun$1 applyOrElse
WARNING: Could not infer edits for riscv.PcPayload, tree around the position were scala.reflect.internal.Trees$Apply,scala.reflect.internal.Trees$Apply,scala.reflect.internal.Trees$Apply,scala.reflect.internal.Trees$DefDef,scala.reflect.internal.Trees$Template, auto import position was Some(AutoImportPosition(111,0,false))
Apr 16, 2026 3:20:13 PM scala.meta.internal.pc.AutoImportsProvider$$anonfun$1 applyOrElse
WARNING: Could not infer edits for riscv.PcPayload, tree around the position were scala.reflect.internal.Trees$Apply,scala.reflect.internal.Trees$Apply,scala.reflect.internal.Trees$Apply,scala.reflect.internal.Trees$DefDef,scala.reflect.internal.Trees$Template, auto import position was Some(AutoImportPosition(111,0,false))
Apr 16, 2026 3:20:13 PM scala.meta.internal.pc.AutoImportsProvider$$anonfun$1 applyOrElse
WARNING: Could not infer edits for riscv.PcPayload, tree around the position were scala.reflect.internal.Trees$Apply,scala.reflect.internal.Trees$Apply,scala.reflect.internal.Trees$Apply,scala.reflect.internal.Trees$DefDef,scala.reflect.internal.Trees$Template, auto import position was Some(AutoImportPosition(111,0,false))
Apr 16, 2026 3:20:13 PM scala.meta.internal.pc.AutoImportsProvider$$anonfun$1 applyOrElse
WARNING: Could not infer edits for riscv.PcPayload, tree around the position were scala.reflect.internal.Trees$Apply,scala.reflect.internal.Trees$Apply,scala.reflect.internal.Trees$Apply,scala.reflect.internal.Trees$DefDef,scala.reflect.internal.Trees$Template, auto import position was Some(AutoImportPosition(111,0,false))
Apr 16, 2026 3:20:13 PM scala.meta.internal.pc.AutoImportsProvider$$anonfun$1 applyOrElse
WARNING: Could not infer edits for riscv.PcPayload, tree around the position were scala.reflect.internal.Trees$Apply,scala.reflect.internal.Trees$Apply,scala.reflect.internal.Trees$Apply,scala.reflect.internal.Trees$DefDef,scala.reflect.internal.Trees$Template, auto import position was Some(AutoImportPosition(111,0,false))
Apr 16, 2026 3:20:15 PM scala.meta.internal.pc.CompilerAccess retryWithCleanCompiler
INFO: compiler crashed due to an error in the Scala compiler, retrying with new compiler instance.
Apr 16, 2026 3:20:15 PM scala.meta.internal.pc.AutoImportsProvider$$anonfun$1 applyOrElse
WARNING: Could not infer edits for riscv.PcPayload, tree around the position were scala.reflect.internal.Trees$Apply,scala.reflect.internal.Trees$Apply,scala.reflect.internal.Trees$Apply,scala.reflect.internal.Trees$DefDef,scala.reflect.internal.Trees$Template, auto import position was Some(AutoImportPosition(111,0,false))
Apr 16, 2026 3:20:15 PM scala.meta.internal.pc.AutoImportsProvider$$anonfun$1 applyOrElse
WARNING: Could not infer edits for riscv.PcPayload, tree around the position were scala.reflect.internal.Trees$Ident,scala.reflect.internal.Trees$Apply,scala.reflect.internal.Trees$Apply,scala.reflect.internal.Trees$Apply,scala.reflect.internal.Trees$Apply, auto import position was Some(AutoImportPosition(111,0,false))
Apr 16, 2026 3:20:15 PM scala.meta.internal.pc.AutoImportsProvider$$anonfun$1 applyOrElse
WARNING: Could not infer edits for riscv.PcPayload, tree around the position were scala.reflect.internal.Trees$Ident,scala.reflect.internal.Trees$Apply,scala.reflect.internal.Trees$Apply,scala.reflect.internal.Trees$Apply,scala.reflect.internal.Trees$Select, auto import position was Some(AutoImportPosition(111,0,false))
Apr 16, 2026 3:20:15 PM scala.meta.internal.pc.AutoImportsProvider$$anonfun$1 applyOrElse
WARNING: Could not infer edits for riscv.PcPayload, tree around the position were scala.reflect.internal.Trees$Apply,scala.reflect.internal.Trees$Apply,scala.reflect.internal.Trees$Apply,scala.reflect.internal.Trees$DefDef,scala.reflect.internal.Trees$Template, auto import position was Some(AutoImportPosition(111,0,false))
Apr 16, 2026 3:20:15 PM scala.meta.internal.pc.AutoImportsProvider$$anonfun$1 applyOrElse
WARNING: Could not infer edits for riscv.PcPayload, tree around the position were scala.reflect.internal.Trees$Ident,scala.reflect.internal.Trees$Apply,scala.reflect.internal.Trees$Apply,scala.reflect.internal.Trees$Apply,scala.reflect.internal.Trees$Apply, auto import position was Some(AutoImportPosition(111,0,false))
Apr 16, 2026 3:20:15 PM scala.meta.internal.pc.AutoImportsProvider$$anonfun$1 applyOrElse
WARNING: Could not infer edits for riscv.PcPayload, tree around the position were scala.reflect.internal.Trees$Ident,scala.reflect.internal.Trees$Apply,scala.reflect.internal.Trees$Apply,scala.reflect.internal.Trees$Apply,scala.reflect.internal.Trees$Select, auto import position was Some(AutoImportPosition(111,0,false))
Apr 16, 2026 3:20:16 PM scala.meta.internal.pc.CompilerAccess retryWithCleanCompiler
INFO: compiler crashed due to an error in the Scala compiler, retrying with new compiler instance.
Apr 16, 2026 3:20:16 PM scala.meta.internal.pc.AutoImportsProvider$$anonfun$1 applyOrElse
WARNING: Could not infer edits for riscv.PcPayload, tree around the position were scala.reflect.internal.Trees$Apply,scala.reflect.internal.Trees$Apply,scala.reflect.internal.Trees$Apply,scala.reflect.internal.Trees$DefDef,scala.reflect.internal.Trees$Template, auto import position was Some(AutoImportPosition(111,0,false))
Apr 16, 2026 3:20:16 PM scala.meta.internal.pc.AutoImportsProvider$$anonfun$1 applyOrElse
WARNING: Could not infer edits for riscv.PcPayload, tree around the position were scala.reflect.internal.Trees$Ident,scala.reflect.internal.Trees$Apply,scala.reflect.internal.Trees$Apply,scala.reflect.internal.Trees$Apply,scala.reflect.internal.Trees$Apply, auto import position was Some(AutoImportPosition(111,0,false))
Apr 16, 2026 3:20:17 PM scala.meta.internal.pc.CompilerAccess retryWithCleanCompiler
INFO: compiler crashed due to an error in the Scala compiler, retrying with new compiler instance.
Apr 16, 2026 3:20:20 PM scala.meta.internal.pc.AutoImportsProvider$$anonfun$1 applyOrElse
WARNING: Could not infer edits for riscv.PcPayload, tree around the position were scala.reflect.internal.Trees$Ident,scala.reflect.internal.Trees$Apply,scala.reflect.internal.Trees$Apply,scala.reflect.internal.Trees$Apply,scala.reflect.internal.Trees$Select, auto import position was Some(AutoImportPosition(111,0,false))
Apr 16, 2026 3:20:20 PM scala.meta.internal.pc.AutoImportsProvider$$anonfun$1 applyOrElse
WARNING: Could not infer edits for riscv.PcPayload, tree around the position were scala.reflect.internal.Trees$Ident,scala.reflect.internal.Trees$Apply,scala.reflect.internal.Trees$Apply,scala.reflect.internal.Trees$Apply,scala.reflect.internal.Trees$Select, auto import position was Some(AutoImportPosition(111,0,false))
Apr 16, 2026 3:20:20 PM scala.meta.internal.pc.AutoImportsProvider$$anonfun$1 applyOrElse
WARNING: Could not infer edits for riscv.PcPayload, tree around the position were scala.reflect.internal.Trees$Ident,scala.reflect.internal.Trees$Apply,scala.reflect.internal.Trees$Apply,scala.reflect.internal.Trees$Apply,scala.reflect.internal.Trees$Select, auto import position was Some(AutoImportPosition(111,0,false))
Apr 16, 2026 3:20:21 PM scala.meta.internal.pc.CompilerAccess retryWithCleanCompiler
INFO: compiler crashed due to an error in the Scala compiler, retrying with new compiler instance.
Apr 16, 2026 3:20:21 PM scala.meta.internal.pc.AutoImportsProvider$$anonfun$1 applyOrElse
WARNING: Could not infer edits for riscv.PcPayload, tree around the position were scala.reflect.internal.Trees$Ident,scala.reflect.internal.Trees$Apply,scala.reflect.internal.Trees$Apply,scala.reflect.internal.Trees$Apply,scala.reflect.internal.Trees$Select, auto import position was Some(AutoImportPosition(111,0,false))
Apr 16, 2026 3:20:21 PM scala.meta.internal.pc.AutoImportsProvider$$anonfun$1 applyOrElse
WARNING: Could not infer edits for riscv.PcPayload, tree around the position were scala.reflect.internal.Trees$Ident,scala.reflect.internal.Trees$Apply,scala.reflect.internal.Trees$Apply,scala.reflect.internal.Trees$Apply,scala.reflect.internal.Trees$Select, auto import position was Some(AutoImportPosition(111,0,false))
Apr 16, 2026 3:20:21 PM scala.meta.internal.pc.AutoImportsProvider$$anonfun$1 applyOrElse
WARNING: Could not infer edits for riscv.PcPayload, tree around the position were scala.reflect.internal.Trees$Ident,scala.reflect.internal.Trees$Apply,scala.reflect.internal.Trees$Apply,scala.reflect.internal.Trees$Apply,scala.reflect.internal.Trees$Select, auto import position was Some(AutoImportPosition(111,0,false))
Apr 16, 2026 3:20:22 PM scala.meta.internal.pc.CompilerAccess retryWithCleanCompiler
INFO: compiler crashed due to an error in the Scala compiler, retrying with new compiler instance.
Apr 16, 2026 3:20:22 PM scala.meta.internal.pc.AutoImportsProvider$$anonfun$1 applyOrElse
WARNING: Could not infer edits for riscv.PcPayload, tree around the position were scala.reflect.internal.Trees$DefDef,scala.reflect.internal.Trees$Template,scala.reflect.internal.Trees$ClassDef,scala.reflect.internal.Trees$Block,scala.reflect.internal.Trees$Apply, auto import position was Some(AutoImportPosition(111,0,false))
Apr 16, 2026 3:20:26 PM scala.meta.internal.pc.CompilerAccess retryWithCleanCompiler
INFO: compiler crashed due to an error in the Scala compiler, retrying with new compiler instance.
Apr 16, 2026 3:20:26 PM scala.meta.internal.pc.AutoImportsProvider$$anonfun$1 applyOrElse
WARNING: Could not infer edits for riscv.PcPayload, tree around the position were scala.reflect.internal.Trees$Apply,scala.reflect.internal.Trees$Apply,scala.reflect.internal.Trees$Apply,scala.reflect.internal.Trees$DefDef,scala.reflect.internal.Trees$Template, auto import position was Some(AutoImportPosition(111,0,false))
Apr 16, 2026 3:20:26 PM scala.meta.internal.pc.AutoImportsProvider$$anonfun$1 applyOrElse
WARNING: Could not infer edits for riscv.PcPayload, tree around the position were scala.reflect.internal.Trees$Ident,scala.reflect.internal.Trees$Apply,scala.reflect.internal.Trees$Apply,scala.reflect.internal.Trees$Apply,scala.reflect.internal.Trees$Apply, auto import position was Some(AutoImportPosition(111,0,false))
Apr 16, 2026 3:20:26 PM scala.meta.internal.pc.AutoImportsProvider$$anonfun$1 applyOrElse
WARNING: Could not infer edits for riscv.PcPayload, tree around the position were scala.reflect.internal.Trees$Ident,scala.reflect.internal.Trees$Apply,scala.reflect.internal.Trees$Apply,scala.reflect.internal.Trees$Apply,scala.reflect.internal.Trees$Select, auto import position was Some(AutoImportPosition(111,0,false))
Apr 16, 2026 3:20:26 PM scala.meta.internal.pc.AutoImportsProvider$$anonfun$1 applyOrElse
WARNING: Could not infer edits for riscv.PcPayload, tree around the position were scala.reflect.internal.Trees$Apply,scala.reflect.internal.Trees$Apply,scala.reflect.internal.Trees$Apply,scala.reflect.internal.Trees$DefDef,scala.reflect.internal.Trees$Template, auto import position was Some(AutoImportPosition(111,0,false))
Apr 16, 2026 3:20:26 PM scala.meta.internal.pc.AutoImportsProvider$$anonfun$1 applyOrElse
WARNING: Could not infer edits for riscv.PcPayload, tree around the position were scala.reflect.internal.Trees$Ident,scala.reflect.internal.Trees$Apply,scala.reflect.internal.Trees$Apply,scala.reflect.internal.Trees$Apply,scala.reflect.internal.Trees$Apply, auto import position was Some(AutoImportPosition(111,0,false))
Apr 16, 2026 3:20:26 PM scala.meta.internal.pc.AutoImportsProvider$$anonfun$1 applyOrElse
WARNING: Could not infer edits for riscv.PcPayload, tree around the position were scala.reflect.internal.Trees$Ident,scala.reflect.internal.Trees$Apply,scala.reflect.internal.Trees$Apply,scala.reflect.internal.Trees$Apply,scala.reflect.internal.Trees$Select, auto import position was Some(AutoImportPosition(111,0,false))
Apr 16, 2026 3:20:28 PM scala.meta.internal.pc.CompilerAccess retryWithCleanCompiler
INFO: compiler crashed due to an error in the Scala compiler, retrying with new compiler instance.
Apr 16, 2026 3:20:28 PM scala.meta.internal.pc.AutoImportsProvider$$anonfun$1 applyOrElse
WARNING: Could not infer edits for riscv.PcPayload, tree around the position were scala.reflect.internal.Trees$Apply,scala.reflect.internal.Trees$Apply,scala.reflect.internal.Trees$Apply,scala.reflect.internal.Trees$DefDef,scala.reflect.internal.Trees$Template, auto import position was Some(AutoImportPosition(111,0,false))
Apr 16, 2026 3:20:28 PM scala.meta.internal.pc.AutoImportsProvider$$anonfun$1 applyOrElse
WARNING: Could not infer edits for riscv.PcPayload, tree around the position were scala.reflect.internal.Trees$Ident,scala.reflect.internal.Trees$Apply,scala.reflect.internal.Trees$Apply,scala.reflect.internal.Trees$Apply,scala.reflect.internal.Trees$Apply, auto import position was Some(AutoImportPosition(111,0,false))
Apr 16, 2026 3:20:28 PM scala.meta.internal.pc.AutoImportsProvider$$anonfun$1 applyOrElse
WARNING: Could not infer edits for riscv.PcPayload, tree around the position were scala.reflect.internal.Trees$Ident,scala.reflect.internal.Trees$Apply,scala.reflect.internal.Trees$Apply,scala.reflect.internal.Trees$Apply,scala.reflect.internal.Trees$Select, auto import position was Some(AutoImportPosition(111,0,false))
Apr 16, 2026 3:20:29 PM scala.meta.internal.pc.CompilerAccess retryWithCleanCompiler
INFO: compiler crashed due to an error in the Scala compiler, retrying with new compiler instance.
Apr 16, 2026 3:20:29 PM scala.meta.internal.pc.AutoImportsProvider$$anonfun$1 applyOrElse
WARNING: Could not infer edits for riscv.PcPayload, tree around the position were scala.reflect.internal.Trees$Apply,scala.reflect.internal.Trees$Apply,scala.reflect.internal.Trees$Block,scala.reflect.internal.Trees$DefDef,scala.reflect.internal.Trees$Template, auto import position was Some(AutoImportPosition(111,0,false))
Apr 16, 2026 3:20:29 PM scala.meta.internal.pc.AutoImportsProvider$$anonfun$1 applyOrElse
WARNING: Could not infer edits for riscv.PcPayload, tree around the position were scala.reflect.internal.Trees$Ident,scala.reflect.internal.Trees$Apply,scala.reflect.internal.Trees$Apply,scala.reflect.internal.Trees$Apply,scala.reflect.internal.Trees$Apply, auto import position was Some(AutoImportPosition(111,0,false))
Apr 16, 2026 3:20:29 PM scala.meta.internal.pc.AutoImportsProvider$$anonfun$1 applyOrElse
WARNING: Could not infer edits for riscv.PcPayload, tree around the position were scala.reflect.internal.Trees$Ident,scala.reflect.internal.Trees$Apply,scala.reflect.internal.Trees$Apply,scala.reflect.internal.Trees$Apply,scala.reflect.internal.Trees$Select, auto import position was Some(AutoImportPosition(111,0,false))
Apr 16, 2026 3:20:31 PM scala.meta.internal.pc.CompilerAccess retryWithCleanCompiler
INFO: compiler crashed due to an error in the Scala compiler, retrying with new compiler instance.
Apr 16, 2026 3:20:31 PM scala.meta.internal.pc.AutoImportsProvider$$anonfun$1 applyOrElse
WARNING: Could not infer edits for riscv.PcPayload, tree around the position were scala.reflect.internal.Trees$Apply,scala.reflect.internal.Trees$Apply,scala.reflect.internal.Trees$Apply,scala.reflect.internal.Trees$DefDef,scala.reflect.internal.Trees$Template, auto import position was Some(AutoImportPosition(111,0,false))
Apr 16, 2026 3:20:31 PM scala.meta.internal.pc.AutoImportsProvider$$anonfun$1 applyOrElse
WARNING: Could not infer edits for riscv.PcPayload, tree around the position were scala.reflect.internal.Trees$Ident,scala.reflect.internal.Trees$Apply,scala.reflect.internal.Trees$Apply,scala.reflect.internal.Trees$Apply,scala.reflect.internal.Trees$Apply, auto import position was Some(AutoImportPosition(111,0,false))
Apr 16, 2026 3:20:31 PM scala.meta.internal.pc.AutoImportsProvider$$anonfun$1 applyOrElse
WARNING: Could not infer edits for riscv.PcPayload, tree around the position were scala.reflect.internal.Trees$Ident,scala.reflect.internal.Trees$Apply,scala.reflect.internal.Trees$Apply,scala.reflect.internal.Trees$Apply,scala.reflect.internal.Trees$Select, auto import position was Some(AutoImportPosition(111,0,false))
Apr 16, 2026 3:20:32 PM scala.meta.internal.pc.CompilerAccess retryWithCleanCompiler
INFO: compiler crashed due to an error in the Scala compiler, retrying with new compiler instance.
Apr 16, 2026 3:20:32 PM scala.meta.internal.pc.AutoImportsProvider$$anonfun$1 applyOrElse
WARNING: Could not infer edits for riscv.PcPayload, tree around the position were scala.reflect.internal.Trees$Apply,scala.reflect.internal.Trees$Apply,scala.reflect.internal.Trees$Apply,scala.reflect.internal.Trees$DefDef,scala.reflect.internal.Trees$Template, auto import position was Some(AutoImportPosition(111,0,false))
Apr 16, 2026 3:20:32 PM scala.meta.internal.pc.AutoImportsProvider$$anonfun$1 applyOrElse
WARNING: Could not infer edits for riscv.PcPayload, tree around the position were scala.reflect.internal.Trees$Ident,scala.reflect.internal.Trees$Apply,scala.reflect.internal.Trees$Apply,scala.reflect.internal.Trees$Apply,scala.reflect.internal.Trees$Apply, auto import position was Some(AutoImportPosition(111,0,false))
Apr 16, 2026 3:20:32 PM scala.meta.internal.pc.AutoImportsProvider$$anonfun$1 applyOrElse
WARNING: Could not infer edits for riscv.PcPayload, tree around the position were scala.reflect.internal.Trees$Ident,scala.reflect.internal.Trees$Apply,scala.reflect.internal.Trees$Apply,scala.reflect.internal.Trees$Apply,scala.reflect.internal.Trees$Select, auto import position was Some(AutoImportPosition(111,0,false))
2026.04.16 15:20:32 INFO  compiling core (1 scala source)
2026.04.16 15:20:32 INFO  time: compiled core in 0.67s
Apr 16, 2026 3:20:34 PM scala.meta.internal.pc.CompilerAccess retryWithCleanCompiler
INFO: compiler crashed due to an error in the Scala compiler, retrying with new compiler instance.
Apr 16, 2026 3:20:34 PM org.eclipse.lsp4j.jsonrpc.RemoteEndpoint handleCancellation
WARNING: Unmatched cancel notification for request id 6316
Apr 16, 2026 3:20:35 PM scala.meta.internal.pc.CompilerAccess retryWithCleanCompiler
INFO: compiler crashed due to an error in the Scala compiler, retrying with new compiler instance.
Apr 16, 2026 3:20:35 PM scala.meta.internal.pc.CompilerAccess retryWithCleanCompiler
INFO: compiler crashed due to an error in the Scala compiler, retrying with new compiler instance.
Apr 16, 2026 3:20:36 PM scala.meta.internal.pc.CompilerAccess retryWithCleanCompiler
INFO: compiler crashed due to an error in the Scala compiler, retrying with new compiler instance.
Apr 16, 2026 3:20:36 PM scala.meta.internal.pc.AutoImportsProvider$$anonfun$1 applyOrElse
WARNING: Could not infer edits for riscv.PcPayload, tree around the position were scala.reflect.internal.Trees$Ident,scala.reflect.internal.Trees$Apply,scala.reflect.internal.Trees$Apply,scala.reflect.internal.Trees$Apply,scala.reflect.internal.Trees$Select, auto import position was Some(AutoImportPosition(111,0,false))
Apr 16, 2026 3:20:36 PM scala.meta.internal.pc.AutoImportsProvider$$anonfun$1 applyOrElse
WARNING: Could not infer edits for riscv.PcPayload, tree around the position were scala.reflect.internal.Trees$Ident,scala.reflect.internal.Trees$Apply,scala.reflect.internal.Trees$Apply,scala.reflect.internal.Trees$Apply,scala.reflect.internal.Trees$Select, auto import position was Some(AutoImportPosition(111,0,false))
Apr 16, 2026 3:20:36 PM scala.meta.internal.pc.AutoImportsProvider$$anonfun$1 applyOrElse
WARNING: Could not infer edits for riscv.PcPayload, tree around the position were scala.reflect.internal.Trees$Ident,scala.reflect.internal.Trees$Apply,scala.reflect.internal.Trees$Apply,scala.reflect.internal.Trees$Apply,scala.reflect.internal.Trees$Select, auto import position was Some(AutoImportPosition(111,0,false))
Apr 16, 2026 3:20:36 PM scala.meta.internal.pc.AutoImportsProvider$$anonfun$1 applyOrElse
WARNING: Could not infer edits for riscv.PcPayload, tree around the position were scala.reflect.internal.Trees$Ident,scala.reflect.internal.Trees$Apply,scala.reflect.internal.Trees$Apply,scala.reflect.internal.Trees$Apply,scala.reflect.internal.Trees$Select, auto import position was Some(AutoImportPosition(111,0,false))
Apr 16, 2026 3:20:36 PM scala.meta.internal.pc.AutoImportsProvider$$anonfun$1 applyOrElse
WARNING: Could not infer edits for riscv.PcPayload, tree around the position were scala.reflect.internal.Trees$Ident,scala.reflect.internal.Trees$Apply,scala.reflect.internal.Trees$Apply,scala.reflect.internal.Trees$Apply,scala.reflect.internal.Trees$Select, auto import position was Some(AutoImportPosition(111,0,false))
Apr 16, 2026 3:20:36 PM scala.meta.internal.pc.AutoImportsProvider$$anonfun$1 applyOrElse
WARNING: Could not infer edits for riscv.PcPayload, tree around the position were scala.reflect.internal.Trees$Ident,scala.reflect.internal.Trees$Apply,scala.reflect.internal.Trees$Apply,scala.reflect.internal.Trees$Apply,scala.reflect.internal.Trees$Select, auto import position was Some(AutoImportPosition(111,0,false))
Apr 16, 2026 3:20:37 PM scala.meta.internal.pc.CompilerAccess retryWithCleanCompiler
INFO: compiler crashed due to an error in the Scala compiler, retrying with new compiler instance.
Apr 16, 2026 3:20:37 PM scala.meta.internal.pc.AutoImportsProvider$$anonfun$1 applyOrElse
WARNING: Could not infer edits for riscv.PcPayload, tree around the position were scala.reflect.internal.Trees$Ident,scala.reflect.internal.Trees$Apply,scala.reflect.internal.Trees$Apply,scala.reflect.internal.Trees$Apply,scala.reflect.internal.Trees$Select, auto import position was Some(AutoImportPosition(111,0,false))
Apr 16, 2026 3:20:37 PM scala.meta.internal.pc.CompilerAccess retryWithCleanCompiler
INFO: compiler crashed due to an error in the Scala compiler, retrying with new compiler instance.
Apr 16, 2026 3:20:37 PM scala.meta.internal.pc.AutoImportsProvider$$anonfun$1 applyOrElse
WARNING: Could not infer edits for riscv.PcPayload, tree around the position were scala.reflect.internal.Trees$Ident,scala.reflect.internal.Trees$Apply,scala.reflect.internal.Trees$Apply,scala.reflect.internal.Trees$Apply,scala.reflect.internal.Trees$Select, auto import position was Some(AutoImportPosition(111,0,false))
Apr 16, 2026 3:20:37 PM scala.meta.internal.pc.AutoImportsProvider$$anonfun$1 applyOrElse
WARNING: Could not infer edits for riscv.PcPayload, tree around the position were scala.reflect.internal.Trees$Ident,scala.reflect.internal.Trees$Apply,scala.reflect.internal.Trees$Apply,scala.reflect.internal.Trees$Apply,scala.reflect.internal.Trees$Select, auto import position was Some(AutoImportPosition(111,0,false))
Apr 16, 2026 3:20:37 PM scala.meta.internal.pc.AutoImportsProvider$$anonfun$1 applyOrElse
WARNING: Could not infer edits for riscv.PcPayload, tree around the position were scala.reflect.internal.Trees$Ident,scala.reflect.internal.Trees$Apply,scala.reflect.internal.Trees$Apply,scala.reflect.internal.Trees$Apply,scala.reflect.internal.Trees$Select, auto import position was Some(AutoImportPosition(111,0,false))
Apr 16, 2026 3:20:37 PM scala.meta.internal.pc.AutoImportsProvider$$anonfun$1 applyOrElse
WARNING: Could not infer edits for riscv.PcPayload, tree around the position were scala.reflect.internal.Trees$Ident,scala.reflect.internal.Trees$Apply,scala.reflect.internal.Trees$Apply,scala.reflect.internal.Trees$Apply,scala.reflect.internal.Trees$Select, auto import position was Some(AutoImportPosition(111,0,false))
Apr 16, 2026 3:20:37 PM scala.meta.internal.pc.AutoImportsProvider$$anonfun$1 applyOrElse
WARNING: Could not infer edits for riscv.PcPayload, tree around the position were scala.reflect.internal.Trees$Ident,scala.reflect.internal.Trees$Apply,scala.reflect.internal.Trees$Apply,scala.reflect.internal.Trees$Apply,scala.reflect.internal.Trees$Select, auto import position was Some(AutoImportPosition(111,0,false))
Apr 16, 2026 3:20:37 PM scala.meta.internal.pc.AutoImportsProvider$$anonfun$1 applyOrElse
WARNING: Could not infer edits for riscv.PcPayload, tree around the position were scala.reflect.internal.Trees$Ident,scala.reflect.internal.Trees$Apply,scala.reflect.internal.Trees$Apply,scala.reflect.internal.Trees$Apply,scala.reflect.internal.Trees$Select, auto import position was Some(AutoImportPosition(111,0,false))
Apr 16, 2026 3:20:37 PM scala.meta.internal.pc.AutoImportsProvider$$anonfun$1 applyOrElse
WARNING: Could not infer edits for riscv.PcPayload, tree around the position were scala.reflect.internal.Trees$Ident,scala.reflect.internal.Trees$Apply,scala.reflect.internal.Trees$Apply,scala.reflect.internal.Trees$Apply,scala.reflect.internal.Trees$Select, auto import position was Some(AutoImportPosition(111,0,false))
Apr 16, 2026 3:20:37 PM scala.meta.internal.pc.AutoImportsProvider$$anonfun$1 applyOrElse
WARNING: Could not infer edits for riscv.PcPayload, tree around the position were scala.reflect.internal.Trees$Ident,scala.reflect.internal.Trees$Apply,scala.reflect.internal.Trees$Apply,scala.reflect.internal.Trees$Apply,scala.reflect.internal.Trees$Select, auto import position was Some(AutoImportPosition(111,0,false))
Apr 16, 2026 3:20:38 PM scala.meta.internal.pc.CompilerAccess retryWithCleanCompiler
INFO: compiler crashed due to an error in the Scala compiler, retrying with new compiler instance.
Apr 16, 2026 3:20:38 PM scala.meta.internal.pc.AutoImportsProvider$$anonfun$1 applyOrElse
WARNING: Could not infer edits for riscv.PcPayload, tree around the position were scala.reflect.internal.Trees$Ident,scala.reflect.internal.Trees$Apply,scala.reflect.internal.Trees$Apply,scala.reflect.internal.Trees$Apply,scala.reflect.internal.Trees$Select, auto import position was Some(AutoImportPosition(111,0,false))
Apr 16, 2026 3:20:38 PM scala.meta.internal.pc.AutoImportsProvider$$anonfun$1 applyOrElse
WARNING: Could not infer edits for riscv.PcPayload, tree around the position were scala.reflect.internal.Trees$Ident,scala.reflect.internal.Trees$Apply,scala.reflect.internal.Trees$Apply,scala.reflect.internal.Trees$Apply,scala.reflect.internal.Trees$Select, auto import position was Some(AutoImportPosition(111,0,false))
2026.04.16 15:20:38 INFO  compiling core (1 scala source)
Apr 16, 2026 3:20:38 PM scala.meta.internal.pc.CompilerAccess retryWithCleanCompiler
INFO: compiler crashed due to an error in the Scala compiler, retrying with new compiler instance.
Apr 16, 2026 3:20:38 PM scala.meta.internal.pc.AutoImportsProvider$$anonfun$1 applyOrElse
WARNING: Could not infer edits for riscv.PcPayload, tree around the position were scala.reflect.internal.Trees$Ident,scala.reflect.internal.Trees$Apply,scala.reflect.internal.Trees$Apply,scala.reflect.internal.Trees$Apply,scala.reflect.internal.Trees$Select, auto import position was Some(AutoImportPosition(111,0,false))
Apr 16, 2026 3:20:38 PM scala.meta.internal.pc.AutoImportsProvider$$anonfun$1 applyOrElse
WARNING: Could not infer edits for riscv.PcPayload, tree around the position were scala.reflect.internal.Trees$Ident,scala.reflect.internal.Trees$Apply,scala.reflect.internal.Trees$Apply,scala.reflect.internal.Trees$Apply,scala.reflect.internal.Trees$Select, auto import position was Some(AutoImportPosition(111,0,false))
2026.04.16 15:20:38 INFO  time: compiled core in 0.21s
Apr 16, 2026 3:20:39 PM scala.meta.internal.pc.CompilerAccess retryWithCleanCompiler
INFO: compiler crashed due to an error in the Scala compiler, retrying with new compiler instance.
Apr 16, 2026 3:20:39 PM scala.meta.internal.pc.CompilerAccess retryWithCleanCompiler
INFO: compiler crashed due to an error in the Scala compiler, retrying with new compiler instance.
Apr 16, 2026 3:20:41 PM scala.meta.internal.pc.AutoImportsProvider$$anonfun$1 applyOrElse
WARNING: Could not infer edits for riscv.PcPayload, tree around the position were scala.reflect.internal.Trees$Ident,scala.reflect.internal.Trees$Apply,scala.reflect.internal.Trees$Apply,scala.reflect.internal.Trees$Apply,scala.reflect.internal.Trees$Select, auto import position was Some(AutoImportPosition(111,0,false))
Apr 16, 2026 3:20:41 PM scala.meta.internal.pc.AutoImportsProvider$$anonfun$1 applyOrElse
WARNING: Could not infer edits for riscv.PcPayload, tree around the position were scala.reflect.internal.Trees$Ident,scala.reflect.internal.Trees$Apply,scala.reflect.internal.Trees$Apply,scala.reflect.internal.Trees$Apply,scala.reflect.internal.Trees$Select, auto import position was Some(AutoImportPosition(111,0,false))
Apr 16, 2026 3:20:42 PM scala.meta.internal.pc.CompilerAccess retryWithCleanCompiler
INFO: compiler crashed due to an error in the Scala compiler, retrying with new compiler instance.
Apr 16, 2026 3:20:42 PM scala.meta.internal.pc.CompilerAccess retryWithCleanCompiler
INFO: compiler crashed due to an error in the Scala compiler, retrying with new compiler instance.
Apr 16, 2026 3:20:42 PM scala.meta.internal.pc.AutoImportsProvider$$anonfun$1 applyOrElse
WARNING: Could not infer edits for riscv.PcPayload, tree around the position were scala.reflect.internal.Trees$Ident,scala.reflect.internal.Trees$Apply,scala.reflect.internal.Trees$Apply,scala.reflect.internal.Trees$Apply,scala.reflect.internal.Trees$Select, auto import position was Some(AutoImportPosition(111,0,false))
2026.04.16 15:20:42 INFO  compiling core (1 scala source)
Apr 16, 2026 3:20:43 PM scala.meta.internal.pc.AutoImportsProvider$$anonfun$1 applyOrElse
WARNING: Could not infer edits for riscv.PcPayload, tree around the position were scala.reflect.internal.Trees$Ident,scala.reflect.internal.Trees$Apply,scala.reflect.internal.Trees$Apply,scala.reflect.internal.Trees$Apply,scala.reflect.internal.Trees$Select, auto import position was Some(AutoImportPosition(111,0,false))
2026.04.16 15:20:42 INFO  time: compiled core in 0.14s
2026.04.16 15:21:27 INFO  compiling core (1 scala source)
2026.04.16 15:21:27 INFO  time: compiled core in 0.17s
Apr 16, 2026 3:21:28 PM scala.meta.internal.pc.CompilerAccess retryWithCleanCompiler
INFO: compiler crashed due to an error in the Scala compiler, retrying with new compiler instance.
Apr 16, 2026 3:21:30 PM scala.meta.internal.pc.CompilerAccess retryWithCleanCompiler
INFO: compiler crashed due to an error in the Scala compiler, retrying with new compiler instance.
Apr 16, 2026 3:21:30 PM scala.meta.internal.pc.CompilerAccess retryWithCleanCompiler
INFO: compiler crashed due to an error in the Scala compiler, retrying with new compiler instance.
Apr 16, 2026 3:21:31 PM scala.meta.internal.pc.CompilerAccess retryWithCleanCompiler
INFO: compiler crashed due to an error in the Scala compiler, retrying with new compiler instance.
Apr 16, 2026 3:21:31 PM scala.meta.internal.pc.AutoImportsProvider$$anonfun$1 applyOrElse
WARNING: Could not infer edits for riscv.PcPayload, tree around the position were scala.reflect.internal.Trees$Ident,scala.reflect.internal.Trees$Apply,scala.reflect.internal.Trees$Apply,scala.reflect.internal.Trees$Apply,scala.reflect.internal.Trees$Select, auto import position was Some(AutoImportPosition(111,0,false))
Apr 16, 2026 3:21:33 PM scala.meta.internal.pc.CompilerAccess retryWithCleanCompiler
INFO: compiler crashed due to an error in the Scala compiler, retrying with new compiler instance.
Apr 16, 2026 3:21:33 PM scala.meta.internal.pc.AutoImportsProvider$$anonfun$1 applyOrElse
WARNING: Could not infer edits for riscv.PcPayload, tree around the position were scala.reflect.internal.Trees$Ident,scala.reflect.internal.Trees$Apply,scala.reflect.internal.Trees$Apply,scala.reflect.internal.Trees$Apply,scala.reflect.internal.Trees$Select, auto import position was Some(AutoImportPosition(111,0,false))
Apr 16, 2026 3:21:33 PM scala.meta.internal.pc.CompilerAccess retryWithCleanCompiler
INFO: compiler crashed due to an error in the Scala compiler, retrying with new compiler instance.
Apr 16, 2026 3:21:34 PM scala.meta.internal.pc.CompilerAccess retryWithCleanCompiler
INFO: compiler crashed due to an error in the Scala compiler, retrying with new compiler instance.
Apr 16, 2026 3:21:34 PM scala.meta.internal.pc.AutoImportsProvider$$anonfun$1 applyOrElse
WARNING: Could not infer edits for riscv.PcPayload, tree around the position were scala.reflect.internal.Trees$Ident,scala.reflect.internal.Trees$Apply,scala.reflect.internal.Trees$Apply,scala.reflect.internal.Trees$Apply,scala.reflect.internal.Trees$Select, auto import position was Some(AutoImportPosition(111,0,false))
Apr 16, 2026 3:21:34 PM scala.meta.internal.pc.AutoImportsProvider$$anonfun$1 applyOrElse
WARNING: Could not infer edits for riscv.PcPayload, tree around the position were scala.reflect.internal.Trees$Ident,scala.reflect.internal.Trees$Apply,scala.reflect.internal.Trees$Apply,scala.reflect.internal.Trees$Apply,scala.reflect.internal.Trees$Select, auto import position was Some(AutoImportPosition(111,0,false))
Apr 16, 2026 3:21:34 PM scala.meta.internal.pc.AutoImportsProvider$$anonfun$1 applyOrElse
WARNING: Could not infer edits for riscv.PcPayload, tree around the position were scala.reflect.internal.Trees$Ident,scala.reflect.internal.Trees$Apply,scala.reflect.internal.Trees$Apply,scala.reflect.internal.Trees$Apply,scala.reflect.internal.Trees$Select, auto import position was Some(AutoImportPosition(111,0,false))
Apr 16, 2026 3:21:34 PM scala.meta.internal.pc.AutoImportsProvider$$anonfun$1 applyOrElse
WARNING: Could not infer edits for riscv.PcPayload, tree around the position were scala.reflect.internal.Trees$Ident,scala.reflect.internal.Trees$Apply,scala.reflect.internal.Trees$Apply,scala.reflect.internal.Trees$Apply,scala.reflect.internal.Trees$Select, auto import position was Some(AutoImportPosition(111,0,false))
Apr 16, 2026 3:21:35 PM scala.meta.internal.pc.CompilerAccess retryWithCleanCompiler
INFO: compiler crashed due to an error in the Scala compiler, retrying with new compiler instance.
Apr 16, 2026 3:21:35 PM scala.meta.internal.pc.AutoImportsProvider$$anonfun$1 applyOrElse
WARNING: Could not infer edits for riscv.PcPayload, tree around the position were scala.reflect.internal.Trees$Ident,scala.reflect.internal.Trees$Apply,scala.reflect.internal.Trees$Apply,scala.reflect.internal.Trees$Apply,scala.reflect.internal.Trees$Select, auto import position was Some(AutoImportPosition(111,0,false))
Apr 16, 2026 3:21:35 PM scala.meta.internal.pc.AutoImportsProvider$$anonfun$1 applyOrElse
WARNING: Could not infer edits for riscv.PcPayload, tree around the position were scala.reflect.internal.Trees$Ident,scala.reflect.internal.Trees$Apply,scala.reflect.internal.Trees$Apply,scala.reflect.internal.Trees$Apply,scala.reflect.internal.Trees$Select, auto import position was Some(AutoImportPosition(111,0,false))
Apr 16, 2026 3:21:35 PM scala.meta.internal.pc.AutoImportsProvider$$anonfun$1 applyOrElse
WARNING: Could not infer edits for riscv.PcPayload, tree around the position were scala.reflect.internal.Trees$Ident,scala.reflect.internal.Trees$Apply,scala.reflect.internal.Trees$Apply,scala.reflect.internal.Trees$Apply,scala.reflect.internal.Trees$Select, auto import position was Some(AutoImportPosition(111,0,false))
Apr 16, 2026 3:21:36 PM scala.meta.internal.pc.CompilerAccess retryWithCleanCompiler
INFO: compiler crashed due to an error in the Scala compiler, retrying with new compiler instance.
Apr 16, 2026 3:21:36 PM scala.meta.internal.pc.AutoImportsProvider$$anonfun$1 applyOrElse
WARNING: Could not infer edits for riscv.PcPayload, tree around the position were scala.reflect.internal.Trees$Ident,scala.reflect.internal.Trees$Apply,scala.reflect.internal.Trees$Apply,scala.reflect.internal.Trees$Apply,scala.reflect.internal.Trees$Select, auto import position was Some(AutoImportPosition(111,0,false))
Apr 16, 2026 3:21:36 PM scala.meta.internal.pc.AutoImportsProvider$$anonfun$1 applyOrElse
WARNING: Could not infer edits for riscv.PcPayload, tree around the position were scala.reflect.internal.Trees$Ident,scala.reflect.internal.Trees$Apply,scala.reflect.internal.Trees$Apply,scala.reflect.internal.Trees$Apply,scala.reflect.internal.Trees$Select, auto import position was Some(AutoImportPosition(111,0,false))
Apr 16, 2026 3:21:36 PM scala.meta.internal.pc.CompilerAccess retryWithCleanCompiler
INFO: compiler crashed due to an error in the Scala compiler, retrying with new compiler instance.
2026.04.16 15:21:36 INFO  Created report: Optional[file:///Users/robbetiteca/projects/school/thesis/ecosystem-randomized-cache/core/src/main/scala/riscv/plugins/Cache.scala]
2026.04.16 15:21:36 INFO  scala.reflect.internal.Types$TypeError: illegal cyclic reference involving object Predef (full report at: "/Users/robbetiteca/projects/school/thesis/ecosystem-randomized-cache/.metals/.reports/metals-full/2026-04-16/r_compiler-error_(core)_15-21-36-992.md")
Apr 16, 2026 3:21:37 PM scala.meta.internal.pc.AutoImportsProvider$$anonfun$1 applyOrElse
WARNING: Could not infer edits for riscv.PcPayload, tree around the position were scala.reflect.internal.Trees$Apply,scala.reflect.internal.Trees$Select,scala.reflect.internal.Trees$Apply,scala.reflect.internal.Trees$Apply,scala.reflect.internal.Trees$Apply, auto import position was Some(AutoImportPosition(111,0,false))
Apr 16, 2026 3:21:37 PM scala.meta.internal.pc.AutoImportsProvider$$anonfun$1 applyOrElse
WARNING: Could not infer edits for riscv.PcPayload, tree around the position were scala.reflect.internal.Trees$Ident,scala.reflect.internal.Trees$Apply,scala.reflect.internal.Trees$Apply,scala.reflect.internal.Trees$Apply,scala.reflect.internal.Trees$Select, auto import position was Some(AutoImportPosition(111,0,false))
Apr 16, 2026 3:21:37 PM scala.meta.internal.pc.AutoImportsProvider$$anonfun$1 applyOrElse
WARNING: Could not infer edits for riscv.PcPayload, tree around the position were scala.reflect.internal.Trees$Ident,scala.reflect.internal.Trees$Apply,scala.reflect.internal.Trees$Apply,scala.reflect.internal.Trees$Apply,scala.reflect.internal.Trees$Select, auto import position was Some(AutoImportPosition(111,0,false))
Apr 16, 2026 3:21:37 PM scala.meta.internal.pc.AutoImportsProvider$$anonfun$1 applyOrElse
WARNING: Could not infer edits for riscv.PcPayload, tree around the position were scala.reflect.internal.Trees$Ident,scala.reflect.internal.Trees$Apply,scala.reflect.internal.Trees$Apply,scala.reflect.internal.Trees$Apply,scala.reflect.internal.Trees$Select, auto import position was Some(AutoImportPosition(111,0,false))
Apr 16, 2026 3:21:37 PM scala.meta.internal.pc.CompilerAccess retryWithCleanCompiler
INFO: compiler crashed due to an error in the Scala compiler, retrying with new compiler instance.
Apr 16, 2026 3:21:37 PM scala.meta.internal.pc.AutoImportsProvider$$anonfun$1 applyOrElse
WARNING: Could not infer edits for riscv.PcPayload, tree around the position were scala.reflect.internal.Trees$Ident,scala.reflect.internal.Trees$Apply,scala.reflect.internal.Trees$Apply,scala.reflect.internal.Trees$Apply,scala.reflect.internal.Trees$Select, auto import position was Some(AutoImportPosition(111,0,false))
Apr 16, 2026 3:21:37 PM scala.meta.internal.pc.AutoImportsProvider$$anonfun$1 applyOrElse
WARNING: Could not infer edits for riscv.PcPayload, tree around the position were scala.reflect.internal.Trees$Apply,scala.reflect.internal.Trees$Select,scala.reflect.internal.Trees$Apply,scala.reflect.internal.Trees$Apply,scala.reflect.internal.Trees$Apply, auto import position was Some(AutoImportPosition(111,0,false))
Apr 16, 2026 3:21:37 PM scala.meta.internal.pc.AutoImportsProvider$$anonfun$1 applyOrElse
WARNING: Could not infer edits for riscv.PcPayload, tree around the position were scala.reflect.internal.Trees$Ident,scala.reflect.internal.Trees$Apply,scala.reflect.internal.Trees$Apply,scala.reflect.internal.Trees$Apply,scala.reflect.internal.Trees$Select, auto import position was Some(AutoImportPosition(111,0,false))
Apr 16, 2026 3:21:37 PM scala.meta.internal.pc.AutoImportsProvider$$anonfun$1 applyOrElse
WARNING: Could not infer edits for riscv.PcPayload, tree around the position were scala.reflect.internal.Trees$Ident,scala.reflect.internal.Trees$Apply,scala.reflect.internal.Trees$Apply,scala.reflect.internal.Trees$Apply,scala.reflect.internal.Trees$Select, auto import position was Some(AutoImportPosition(111,0,false))
2026.04.16 15:21:38 INFO  compiling core (1 scala source)
2026.04.16 15:21:38 INFO  time: compiled core in 0.15s
2026.04.16 15:28:25 INFO  compiling core (1 scala source)
2026.04.16 15:28:25 INFO  time: compiled core in 0.64s
Apr 16, 2026 3:29:03 PM scala.meta.internal.pc.CompletionProvider expected$1
WARNING: Range [13930, 13930 + -1) out of bounds for length 25967
Apr 16, 2026 3:29:16 PM org.eclipse.lsp4j.jsonrpc.RemoteEndpoint handleCancellation
WARNING: Unmatched cancel notification for request id 7384
2026.04.16 15:29:33 INFO  compiling core (1 scala source)
2026.04.16 15:29:33 INFO  time: compiled core in 0.24s
2026.04.16 15:29:33 INFO  compiling core (1 scala source)
2026.04.16 15:29:33 INFO  time: compiled core in 0.16s
2026.04.16 15:29:36 INFO  compiling core (1 scala source)
2026.04.16 15:29:36 INFO  time: compiled core in 0.18s
2026.04.16 15:29:54 INFO  compiling core (1 scala source)
2026.04.16 15:29:54 INFO  time: compiled core in 0.19s
Apr 16, 2026 3:31:17 PM org.eclipse.lsp4j.jsonrpc.RemoteEndpoint handleCancellation
WARNING: Unmatched cancel notification for request id 7836
2026.04.16 15:31:34 INFO  compiling core (1 scala source)
2026.04.16 15:31:34 INFO  time: compiled core in 0.65s
2026.04.16 15:31:43 INFO  compiling core (1 scala source)
2026.04.16 15:31:43 INFO  time: compiled core in 0.23s
2026.04.16 15:31:48 INFO  compiling core (1 scala source)
2026.04.16 15:31:48 INFO  time: compiled core in 0.15s
Apr 16, 2026 3:31:50 PM org.eclipse.lsp4j.jsonrpc.RemoteEndpoint handleCancellation
WARNING: Unmatched cancel notification for request id 8224
2026.04.16 15:31:58 INFO  compiling core (1 scala source)
2026.04.16 15:31:58 INFO  time: compiled core in 0.15s
2026.04.16 15:32:05 INFO  compiling core (1 scala source)
2026.04.16 15:32:05 INFO  time: compiled core in 0.16s
2026.04.16 15:32:14 INFO  compiling core (1 scala source)
2026.04.16 15:32:14 INFO  time: compiled core in 0.15s
2026.04.16 15:32:21 INFO  compiling core (1 scala source)
2026.04.16 15:32:21 INFO  time: compiled core in 0.13s
2026.04.16 15:34:01 INFO  compiling core (1 scala source)
2026.04.16 15:34:03 INFO  time: compiled core in 1.29s
2026.04.16 15:40:10 INFO  compiling core (1 scala source)
2026.04.16 15:40:10 INFO  time: compiled core in 0.66s
Apr 16, 2026 3:40:12 PM scala.meta.internal.pc.CompletionProvider expected$1
WARNING: Range [14424, 14424 + -1) out of bounds for length 26585
Apr 16, 2026 3:40:13 PM scala.meta.internal.pc.CompilerAccess retryWithCleanCompiler
INFO: compiler crashed due to an error in the Scala compiler, retrying with new compiler instance.
Apr 16, 2026 3:40:15 PM scala.meta.internal.pc.CompilerAccess retryWithCleanCompiler
INFO: compiler crashed due to an error in the Scala compiler, retrying with new compiler instance.
Apr 16, 2026 3:40:19 PM org.eclipse.lsp4j.jsonrpc.RemoteEndpoint handleCancellation
WARNING: Unmatched cancel notification for request id 9606
Apr 16, 2026 3:40:23 PM org.eclipse.lsp4j.jsonrpc.RemoteEndpoint handleCancellation
WARNING: Unmatched cancel notification for request id 9681
Apr 16, 2026 3:40:29 PM scala.meta.internal.pc.CompilerAccess retryWithCleanCompiler
INFO: compiler crashed due to an error in the Scala compiler, retrying with new compiler instance.
Apr 16, 2026 3:40:29 PM scala.meta.internal.pc.CompilerAccess retryWithCleanCompiler
INFO: compiler crashed due to an error in the Scala compiler, retrying with new compiler instance.
Apr 16, 2026 3:40:31 PM scala.meta.internal.pc.CompilerAccess retryWithCleanCompiler
INFO: compiler crashed due to an error in the Scala compiler, retrying with new compiler instance.
Apr 16, 2026 3:40:31 PM scala.meta.internal.pc.CompilerAccess retryWithCleanCompiler
INFO: compiler crashed due to an error in the Scala compiler, retrying with new compiler instance.
Apr 16, 2026 3:40:31 PM scala.meta.internal.pc.CompilerAccess retryWithCleanCompiler
INFO: compiler crashed due to an error in the Scala compiler, retrying with new compiler instance.
Apr 16, 2026 3:40:33 PM scala.meta.internal.pc.CompilerAccess retryWithCleanCompiler
INFO: compiler crashed due to an error in the Scala compiler, retrying with new compiler instance.
2026.04.16 15:40:33 INFO  compiling core (1 scala source)
2026.04.16 15:40:33 INFO  time: compiled core in 0.23s
Apr 16, 2026 3:40:35 PM scala.meta.internal.pc.CompilerAccess retryWithCleanCompiler
INFO: compiler crashed due to an error in the Scala compiler, retrying with new compiler instance.
Apr 16, 2026 3:40:35 PM scala.meta.internal.pc.CompilerAccess retryWithCleanCompiler
INFO: compiler crashed due to an error in the Scala compiler, retrying with new compiler instance.
Apr 16, 2026 3:40:35 PM scala.meta.internal.pc.CompilerAccess retryWithCleanCompiler
INFO: compiler crashed due to an error in the Scala compiler, retrying with new compiler instance.
Apr 16, 2026 3:40:36 PM scala.meta.internal.pc.CompilerAccess retryWithCleanCompiler
INFO: compiler crashed due to an error in the Scala compiler, retrying with new compiler instance.
Apr 16, 2026 3:41:09 PM scala.meta.internal.pc.CompilerAccess retryWithCleanCompiler
INFO: compiler crashed due to an error in the Scala compiler, retrying with new compiler instance.
Apr 16, 2026 3:41:09 PM scala.meta.internal.pc.CompilerAccess retryWithCleanCompiler
INFO: compiler crashed due to an error in the Scala compiler, retrying with new compiler instance.
Apr 16, 2026 3:41:10 PM scala.meta.internal.pc.CompilerAccess retryWithCleanCompiler
INFO: compiler crashed due to an error in the Scala compiler, retrying with new compiler instance.
Apr 16, 2026 3:41:12 PM scala.meta.internal.pc.CompilerAccess retryWithCleanCompiler
INFO: compiler crashed due to an error in the Scala compiler, retrying with new compiler instance.
Apr 16, 2026 3:41:13 PM scala.meta.internal.pc.CompilerAccess retryWithCleanCompiler
INFO: compiler crashed due to an error in the Scala compiler, retrying with new compiler instance.
Apr 16, 2026 3:41:14 PM scala.meta.internal.pc.CompilerAccess retryWithCleanCompiler
INFO: compiler crashed due to an error in the Scala compiler, retrying with new compiler instance.
Apr 16, 2026 3:41:14 PM scala.meta.internal.pc.CompilerAccess retryWithCleanCompiler
INFO: compiler crashed due to an error in the Scala compiler, retrying with new compiler instance.
Apr 16, 2026 3:41:15 PM scala.meta.internal.pc.CompilerAccess retryWithCleanCompiler
INFO: compiler crashed due to an error in the Scala compiler, retrying with new compiler instance.
Apr 16, 2026 3:41:15 PM scala.meta.internal.pc.CompilerAccess retryWithCleanCompiler
INFO: compiler crashed due to an error in the Scala compiler, retrying with new compiler instance.
Apr 16, 2026 3:41:18 PM scala.meta.internal.pc.CompilerAccess retryWithCleanCompiler
INFO: compiler crashed due to an error in the Scala compiler, retrying with new compiler instance.
Apr 16, 2026 3:41:18 PM scala.meta.internal.pc.CompilerAccess retryWithCleanCompiler
INFO: compiler crashed due to an error in the Scala compiler, retrying with new compiler instance.
2026.04.16 15:41:18 INFO  compiling core (1 scala source)
2026.04.16 15:41:18 INFO  time: compiled core in 0.2s
Apr 16, 2026 3:41:20 PM scala.meta.internal.pc.CompilerAccess retryWithCleanCompiler
INFO: compiler crashed due to an error in the Scala compiler, retrying with new compiler instance.
Apr 16, 2026 3:41:23 PM scala.meta.internal.pc.CompilerAccess retryWithCleanCompiler
INFO: compiler crashed due to an error in the Scala compiler, retrying with new compiler instance.
Apr 16, 2026 3:41:24 PM scala.meta.internal.pc.CompilerAccess retryWithCleanCompiler
INFO: compiler crashed due to an error in the Scala compiler, retrying with new compiler instance.
Apr 16, 2026 3:41:25 PM scala.meta.internal.pc.CompilerAccess retryWithCleanCompiler
INFO: compiler crashed due to an error in the Scala compiler, retrying with new compiler instance.
Apr 16, 2026 3:41:25 PM scala.meta.internal.pc.CompilerAccess retryWithCleanCompiler
INFO: compiler crashed due to an error in the Scala compiler, retrying with new compiler instance.
Apr 16, 2026 3:41:27 PM scala.meta.internal.pc.CompilerAccess retryWithCleanCompiler
INFO: compiler crashed due to an error in the Scala compiler, retrying with new compiler instance.
Apr 16, 2026 3:41:27 PM scala.meta.internal.pc.CompilerAccess retryWithCleanCompiler
INFO: compiler crashed due to an error in the Scala compiler, retrying with new compiler instance.
Apr 16, 2026 3:41:27 PM scala.meta.internal.pc.CompilerAccess retryWithCleanCompiler
INFO: compiler crashed due to an error in the Scala compiler, retrying with new compiler instance.
Apr 16, 2026 3:41:27 PM scala.meta.internal.pc.CompilerAccess retryWithCleanCompiler
INFO: compiler crashed due to an error in the Scala compiler, retrying with new compiler instance.
Apr 16, 2026 3:41:30 PM scala.meta.internal.pc.CompilerAccess retryWithCleanCompiler
INFO: compiler crashed due to an error in the Scala compiler, retrying with new compiler instance.
Apr 16, 2026 3:41:30 PM scala.meta.internal.pc.CompilerAccess retryWithCleanCompiler
INFO: compiler crashed due to an error in the Scala compiler, retrying with new compiler instance.
Apr 16, 2026 3:41:32 PM scala.meta.internal.pc.CompilerAccess retryWithCleanCompiler
INFO: compiler crashed due to an error in the Scala compiler, retrying with new compiler instance.
Apr 16, 2026 3:41:32 PM scala.meta.internal.pc.CompilerAccess retryWithCleanCompiler
INFO: compiler crashed due to an error in the Scala compiler, retrying with new compiler instance.
Apr 16, 2026 3:41:32 PM scala.meta.internal.pc.CompilerAccess retryWithCleanCompiler
INFO: compiler crashed due to an error in the Scala compiler, retrying with new compiler instance.
Apr 16, 2026 3:41:33 PM scala.meta.internal.pc.CompilerAccess retryWithCleanCompiler
INFO: compiler crashed due to an error in the Scala compiler, retrying with new compiler instance.
Apr 16, 2026 3:41:33 PM scala.meta.internal.pc.CompilerAccess retryWithCleanCompiler
INFO: compiler crashed due to an error in the Scala compiler, retrying with new compiler instance.
Apr 16, 2026 3:41:33 PM scala.meta.internal.pc.CompilerAccess retryWithCleanCompiler
INFO: compiler crashed due to an error in the Scala compiler, retrying with new compiler instance.
Apr 16, 2026 3:41:34 PM scala.meta.internal.pc.CompilerAccess retryWithCleanCompiler
INFO: compiler crashed due to an error in the Scala compiler, retrying with new compiler instance.
Apr 16, 2026 3:41:34 PM scala.meta.internal.pc.CompilerAccess retryWithCleanCompiler
INFO: compiler crashed due to an error in the Scala compiler, retrying with new compiler instance.
Apr 16, 2026 3:41:34 PM scala.meta.internal.pc.CompilerAccess retryWithCleanCompiler
INFO: compiler crashed due to an error in the Scala compiler, retrying with new compiler instance.
Apr 16, 2026 3:41:34 PM scala.meta.internal.pc.CompilerAccess retryWithCleanCompiler
INFO: compiler crashed due to an error in the Scala compiler, retrying with new compiler instance.
2026.04.16 15:41:35 INFO  compiling core (1 scala source)
2026.04.16 15:41:35 INFO  time: compiled core in 0.17s
2026.04.16 15:41:42 INFO  compiling core (1 scala source)
2026.04.16 15:41:42 INFO  time: compiled core in 0.14s
2026.04.16 15:41:47 INFO  compiling core (1 scala source)
2026.04.16 15:41:49 INFO  time: compiled core in 1.17s
2026.04.16 15:41:51 INFO  compiling core (1 scala source)
2026.04.16 15:41:51 INFO  time: compiled core in 0.72s
2026.04.16 15:42:31 INFO  compiling core (1 scala source)
2026.04.16 15:42:31 INFO  time: compiled core in 0.14s
Apr 16, 2026 3:42:40 PM org.eclipse.lsp4j.jsonrpc.RemoteEndpoint handleCancellation
WARNING: Unmatched cancel notification for request id 10349
2026.04.16 15:42:58 INFO  compiling core (1 scala source)
2026.04.16 15:42:59 INFO  time: compiled core in 1.61s
2026.04.16 15:43:05 INFO  compiling core (1 scala source)
2026.04.16 15:43:05 INFO  time: compiled core in 0.78s
2026.04.16 15:43:14 INFO  compiling core (1 scala source)
2026.04.16 15:43:14 INFO  time: compiled core in 0.16s
2026.04.16 15:43:19 INFO  compiling core (1 scala source)
2026.04.16 15:43:19 INFO  time: compiled core in 0.75s
2026.04.16 15:44:38 INFO  compiling core (1 scala source)
2026.04.16 15:44:40 INFO  time: compiled core in 1.77s
2026.04.16 15:46:38 INFO  compiling core (1 scala source)
2026.04.16 15:46:40 INFO  time: compiled core in 1.89s
2026.04.16 15:46:48 INFO  compiling core (1 scala source)
2026.04.16 15:46:48 INFO  time: compiled core in 0.91s
2026.04.16 15:53:43 INFO  compiling core (1 scala source)
2026.04.16 15:53:45 INFO  time: compiled core in 2.14s
2026.04.16 15:54:48 INFO  compiling core (1 scala source)
2026.04.16 15:54:48 INFO  time: compiled core in 0.51s
2026.04.16 15:54:55 INFO  compiling core (1 scala source)
2026.04.16 15:54:57 INFO  time: compiled core in 1.17s
2026.04.16 15:55:01 INFO  compiling core (1 scala source)
2026.04.16 15:55:01 INFO  time: compiled core in 0.72s
Apr 16, 2026 3:55:48 PM org.eclipse.lsp4j.jsonrpc.RemoteEndpoint handleCancellation
WARNING: Unmatched cancel notification for request id 11897
2026.04.16 15:56:03 INFO  compiling core (1 scala source)
2026.04.16 15:56:03 INFO  time: compiled core in 0.15s
2026.04.16 15:56:07 INFO  compiling core (1 scala source)
2026.04.16 15:56:09 INFO  time: compiled core in 1.73s
2026.04.16 15:56:55 INFO  compiling core (1 scala source)
2026.04.16 15:56:55 INFO  time: compiled core in 0.21s
Apr 16, 2026 3:57:25 PM org.eclipse.lsp4j.jsonrpc.RemoteEndpoint handleCancellation
WARNING: Unmatched cancel notification for request id 12245
2026.04.16 15:57:35 INFO  compiling core (1 scala source)
2026.04.16 15:57:36 INFO  time: compiled core in 1.26s
2026.04.16 15:59:19 INFO  compiling core (1 scala source)
2026.04.16 15:59:19 INFO  time: compiled core in 0.72s
Apr 16, 2026 4:00:07 PM org.eclipse.lsp4j.jsonrpc.RemoteEndpoint handleCancellation
WARNING: Unmatched cancel notification for request id 12553
2026.04.16 16:00:32 INFO  compiling core (1 scala source)
2026.04.16 16:00:32 INFO  time: compiled core in 0.68s
2026.04.16 16:00:35 INFO  compiling core (1 scala source)
2026.04.16 16:00:36 INFO  time: compiled core in 1.7s
2026.04.16 16:06:25 INFO  compiling core (1 scala source)
2026.04.16 16:06:27 WARN  one feature warning; re-run with -feature for details
2026.04.16 16:06:27 INFO  time: compiled core in 1.77s
2026.04.16 16:07:00 INFO  compiling core (1 scala source)
2026.04.16 16:07:00 INFO  time: compiled core in 0.86s
2026.04.16 16:08:31 INFO  compiling core (1 scala source)
2026.04.16 16:08:33 INFO  time: compiled core in 2.12s
Apr 16, 2026 4:09:17 PM org.eclipse.lsp4j.jsonrpc.RemoteEndpoint handleCancellation
WARNING: Unmatched cancel notification for request id 13339
2026.04.16 16:09:38 INFO  compiling core (1 scala source)
2026.04.16 16:09:40 INFO  time: compiled core in 2s
2026.04.16 16:09:41 INFO  compiling core (1 scala source)
2026.04.16 16:09:43 INFO  time: compiled core in 1.19s
2026.04.16 16:09:50 INFO  compiling core (1 scala source)
2026.04.16 16:09:50 INFO  time: compiled core in 0.74s
2026.04.20 14:21:21 INFO  Shutting down server
2026.04.20 14:21:21 INFO  Memory monitor stopped
2026.04.20 14:21:21 INFO  shutting down Metals
2026.04.20 14:21:21 INFO  Shut down connection with build server.
2026.04.20 14:21:21 INFO  Exiting server
2026.04.20 14:42:53 INFO  Started: Metals version 1.6.7 in folders '/Users/robbetiteca/projects/school/thesis/ecosystem-randomized-cache' for client Visual Studio Code 1.116.0.
2026.04.20 14:42:53 INFO  Memory monitor started
2026.04.20 14:42:53 WARN  Using H2 2.4.240 which is newer than the version Flyway has been verified with. The latest verified version of H2 is 2.3.232.
2026.04.20 14:42:53 INFO  no build target found for /Users/robbetiteca/projects/school/thesis/ecosystem-randomized-cache/core/src/main/scala/riscv/Core.scala. Using presentation compiler with project's scala-library version: 3.3.7
2026.04.20 14:42:55 INFO  no build target found for /Users/robbetiteca/projects/school/thesis/ecosystem-randomized-cache/core/src/main/scala/riscv/Core.scala. Using presentation compiler with project's scala-library version: 3.3.7
2026.04.20 14:42:55 INFO  Attempting to connect to the build server...
2026.04.20 14:42:55 INFO  Found a Bloop server running
2026.04.20 14:42:55 INFO  tracing is disabled for protocol BSP, to enable tracing of incoming and outgoing JSON messages create an empty file at /Users/robbetiteca/projects/school/thesis/ecosystem-randomized-cache/.metals/bsp.trace.json or /Users/robbetiteca/Library/Caches/org.scalameta.metals/bsp.trace.json
2026.04.20 14:42:55 INFO  time: Connected to build server in 0.16s
2026.04.20 14:42:55 INFO  Connected to Build server: Bloop v2.0.19
2026.04.20 14:42:57 WARN  Using H2 2.4.240 which is newer than the version Flyway has been verified with. The latest verified version of H2 is 2.3.232.
2026.04.20 14:42:57 INFO  time: indexed workspace in 2.33s
2026.04.20 14:43:04 INFO  Shutting down server
2026.04.20 14:43:04 INFO  Memory monitor stopped
2026.04.20 14:43:04 INFO  shutting down Metals
2026.04.20 14:43:04 INFO  Shut down connection with build server.
2026.04.20 14:43:04 INFO  Exiting server
2026.04.26 16:00:13 INFO  Started: Metals version 1.6.7 in folders '/Users/robbetiteca/projects/school/thesis/ecosystem-randomized-cache' for client Visual Studio Code 1.116.0.
2026.04.26 16:00:13 INFO  Memory monitor started
2026.04.26 16:00:13 WARN  Using H2 2.4.240 which is newer than the version Flyway has been verified with. The latest verified version of H2 is 2.3.232.
2026.04.26 16:00:13 INFO  no build target found for /Users/robbetiteca/projects/school/thesis/ecosystem-randomized-cache/core/src/main/scala/riscv/Core.scala. Using presentation compiler with project's scala-library version: 3.3.7
Apr 26, 2026 4:00:15 PM org.eclipse.lsp4j.jsonrpc.RemoteEndpoint handleCancellation
WARNING: Unmatched cancel notification for request id 1
2026.04.26 16:00:15 INFO  no build target found for /Users/robbetiteca/projects/school/thesis/ecosystem-randomized-cache/core/src/main/scala/riscv/Core.scala. Using presentation compiler with project's scala-library version: 3.3.7
2026.04.26 16:00:15 INFO  Attempting to connect to the build server...
2026.04.26 16:00:15 INFO  No running Bloop server found, starting one.
2026.04.26 16:00:15 INFO  no build target found for /Users/robbetiteca/projects/school/thesis/ecosystem-randomized-cache/core/src/main/scala/riscv/Core.scala. Using presentation compiler with project's scala-library version: 3.3.7
2026.04.26 16:00:15 INFO  no build target found for /Users/robbetiteca/projects/school/thesis/ecosystem-randomized-cache/core/src/main/scala/riscv/Core.scala. Using presentation compiler with project's scala-library version: 3.3.7
Apr 26, 2026 4:00:15 PM org.eclipse.lsp4j.jsonrpc.services.GenericEndpoint notify
INFO: Unsupported notification method: $/setTrace
Apr 26, 2026 4:00:15 PM org.eclipse.lsp4j.jsonrpc.RemoteEndpoint handleCancellation
WARNING: Unmatched cancel notification for request id 3
2026.04.26 16:00:15 INFO  no build target found for /Users/robbetiteca/projects/school/thesis/ecosystem-randomized-cache/core/src/main/scala/riscv/Core.scala. Using presentation compiler with project's scala-library version: 3.3.7
2026.04.26 16:00:15 INFO  no build target found for /Users/robbetiteca/projects/school/thesis/ecosystem-randomized-cache/core/src/main/scala/riscv/Core.scala. Using presentation compiler with project's scala-library version: 3.3.7
Apr 26, 2026 4:00:16 PM org.eclipse.lsp4j.jsonrpc.RemoteEndpoint handleCancellation
WARNING: Unmatched cancel notification for request id 9
Apr 26, 2026 4:00:16 PM org.eclipse.lsp4j.jsonrpc.RemoteEndpoint handleCancellation
WARNING: Unmatched cancel notification for request id 5
Apr 26, 2026 4:00:16 PM org.eclipse.lsp4j.jsonrpc.RemoteEndpoint handleCancellation
WARNING: Unmatched cancel notification for request id 12
Apr 26, 2026 4:00:16 PM org.eclipse.lsp4j.jsonrpc.RemoteEndpoint handleCancellation
WARNING: Unmatched cancel notification for request id 11
Apr 26, 2026 4:00:16 PM org.eclipse.lsp4j.jsonrpc.RemoteEndpoint handleCancellation
WARNING: Unmatched cancel notification for request id 10
2026.04.26 16:00:15 INFO  no build target found for /Users/robbetiteca/projects/school/thesis/ecosystem-randomized-cache/core/src/main/scala/riscv/Core.scala. Using presentation compiler with project's scala-library version: 3.3.7
2026.04.26 16:00:16 INFO  Starting compilation server
2026.04.26 16:00:15 INFO  no build target found for /Users/robbetiteca/projects/school/thesis/ecosystem-randomized-cache/core/src/main/scala/riscv/plugins/RNG.scala. Using presentation compiler with project's scala-library version: 3.3.7
2026.04.26 16:00:15 INFO  no build target found for /Users/robbetiteca/projects/school/thesis/ecosystem-randomized-cache/core/src/main/scala/riscv/plugins/RNG.scala. Using presentation compiler with project's scala-library version: 3.3.7
2026.04.26 16:00:15 INFO  no build target found for /Users/robbetiteca/projects/school/thesis/ecosystem-randomized-cache/core/src/main/scala/riscv/plugins/RNG.scala. Using presentation compiler with project's scala-library version: 3.3.7
Apr 26, 2026 4:00:16 PM org.eclipse.lsp4j.jsonrpc.RemoteEndpoint handleCancellation
WARNING: Unmatched cancel notification for request id 14
2026.04.26 16:00:15 INFO  no build target found for /Users/robbetiteca/projects/school/thesis/ecosystem-randomized-cache/core/src/main/scala/riscv/plugins/RNG.scala. Using presentation compiler with project's scala-library version: 3.3.7
Apr 26, 2026 4:00:16 PM org.eclipse.lsp4j.jsonrpc.RemoteEndpoint handleCancellation
WARNING: Unmatched cancel notification for request id 17
2026.04.26 16:00:16 INFO  tracing is disabled for protocol BSP, to enable tracing of incoming and outgoing JSON messages create an empty file at /Users/robbetiteca/projects/school/thesis/ecosystem-randomized-cache/.metals/bsp.trace.json or /Users/robbetiteca/Library/Caches/org.scalameta.metals/bsp.trace.json
2026.04.26 16:00:17 INFO  time: Connected to build server in 1.57s
2026.04.26 16:00:17 INFO  Connected to Build server: Bloop v2.0.19
2026.04.26 16:00:18 WARN  Using H2 2.4.240 which is newer than the version Flyway has been verified with. The latest verified version of H2 is 2.3.232.
2026.04.26 16:00:18 INFO  time: indexed workspace in 1.82s
2026.04.26 16:00:19 INFO  compiling core (76 scala sources)
Apr 26, 2026 4:00:20 PM org.eclipse.lsp4j.jsonrpc.RemoteEndpoint handleCancellation
WARNING: Unmatched cancel notification for request id 24
2026.04.26 16:00:27 WARN  6 deprecations (since 2.12.2); re-run with -deprecation for details
2026.04.26 16:00:27 WARN  two feature warnings; re-run with -feature for details
2026.04.26 16:00:27 INFO  time: compiled core in 8.37s
2026.04.26 16:49:21 INFO  compiling core (1 scala source)
2026.04.26 16:49:23 INFO  time: compiled core in 1.89s
2026.04.26 16:49:23 INFO  compiling core (1 scala source)
2026.04.26 16:49:24 WARN  Could not load snapshot text for /Users/robbetiteca/projects/school/thesis/ecosystem-randomized-cache/core/src/main/scala/riscv/plugins/Cache.scala
2026.04.26 16:49:25 INFO  time: compiled core in 1.1s
2026.04.26 16:49:35 INFO  compiling core (1 scala source)
2026.04.26 16:49:35 INFO  time: compiled core in 0.72s
2026.04.26 17:41:21 INFO  compiling core (1 scala source)
2026.04.26 17:41:22 INFO  time: compiled core in 1.72s
2026.04.26 17:42:38 WARN  Could not find semantic tokens for: file:///Users/robbetiteca/projects/school/thesis/ecosystem-randomized-cache/core/src/main/scala/riscv/plugins/Cache.scala
2026.04.26 17:42:43 INFO  compiling core (1 scala source)
2026.04.26 17:42:45 INFO  time: compiled core in 1.65s
2026.04.28 12:59:53 INFO  Shutting down server
2026.04.28 12:59:53 INFO  Memory monitor stopped
2026.04.28 12:59:53 INFO  shutting down Metals
2026.04.28 12:59:53 INFO  Shut down connection with build server.
2026.04.28 12:59:53 INFO  Exiting server
2026.04.29 16:04:46 INFO  Started: Metals version 1.6.7 in folders '/Users/robbetiteca/projects/school/thesis/ecosystem-randomized-cache' for client Visual Studio Code 1.117.0.
2026.04.29 16:04:46 INFO  Memory monitor started
2026.04.29 16:04:46 WARN  Using H2 2.4.240 which is newer than the version Flyway has been verified with. The latest verified version of H2 is 2.3.232.
2026.04.29 16:04:46 INFO  no build target found for /Users/robbetiteca/projects/school/thesis/ecosystem-randomized-cache/core/src/main/scala/riscv/plugins/Cache.scala. Using presentation compiler with project's scala-library version: 3.3.7
Apr 29, 2026 4:04:48 PM org.eclipse.lsp4j.jsonrpc.RemoteEndpoint handleCancellation
WARNING: Unmatched cancel notification for request id 1
2026.04.29 16:04:48 INFO  no build target found for /Users/robbetiteca/projects/school/thesis/ecosystem-randomized-cache/core/src/main/scala/riscv/plugins/Cache.scala. Using presentation compiler with project's scala-library version: 3.3.7
2026.04.29 16:04:48 INFO  Attempting to connect to the build server...
2026.04.29 16:04:48 INFO  Found a Bloop server running
2026.04.29 16:04:48 INFO  tracing is disabled for protocol BSP, to enable tracing of incoming and outgoing JSON messages create an empty file at /Users/robbetiteca/projects/school/thesis/ecosystem-randomized-cache/.metals/bsp.trace.json or /Users/robbetiteca/Library/Caches/org.scalameta.metals/bsp.trace.json
2026.04.29 16:04:48 INFO  time: Connected to build server in 0.17s
2026.04.29 16:04:48 INFO  Connected to Build server: Bloop v2.0.19
Apr 29, 2026 4:04:49 PM org.eclipse.lsp4j.jsonrpc.RemoteEndpoint handleCancellation
WARNING: Unmatched cancel notification for request id 3
Apr 29, 2026 4:04:49 PM org.eclipse.lsp4j.jsonrpc.services.GenericEndpoint notify
INFO: Unsupported notification method: $/setTrace
Apr 29, 2026 4:04:49 PM org.eclipse.lsp4j.jsonrpc.RemoteEndpoint handleCancellation
WARNING: Unmatched cancel notification for request id 4
Apr 29, 2026 4:04:49 PM org.eclipse.lsp4j.jsonrpc.RemoteEndpoint handleCancellation
WARNING: Unmatched cancel notification for request id 2
Apr 29, 2026 4:04:49 PM org.eclipse.lsp4j.jsonrpc.RemoteEndpoint handleCancellation
WARNING: Unmatched cancel notification for request id 11
Apr 29, 2026 4:04:49 PM org.eclipse.lsp4j.jsonrpc.RemoteEndpoint handleCancellation
WARNING: Unmatched cancel notification for request id 12
Apr 29, 2026 4:04:49 PM org.eclipse.lsp4j.jsonrpc.RemoteEndpoint handleCancellation
WARNING: Unmatched cancel notification for request id 14
2026.04.29 16:04:50 WARN  Using H2 2.4.240 which is newer than the version Flyway has been verified with. The latest verified version of H2 is 2.3.232.
2026.04.29 16:04:50 INFO  time: indexed workspace in 1.93s
2026.04.29 16:06:03 INFO  compiling core (1 scala source)
2026.04.29 16:06:05 INFO  time: compiled core in 2.02s
2026.04.29 16:06:05 INFO  compiling core (1 scala source)
2026.04.29 16:06:06 INFO  time: compiled core in 1.18s
2026.04.29 16:07:16 INFO  compiling core (1 scala source)
2026.04.29 16:07:18 INFO  time: compiled core in 1.66s
2026.04.29 16:07:20 INFO  compiling core (1 scala source)
2026.04.29 16:07:21 INFO  time: compiled core in 1.07s
2026.04.29 16:08:57 INFO  compiling core (1 scala source)
2026.04.29 16:08:57 INFO  time: compiled core in 0.24s
2026.04.29 16:08:57 INFO  compiling core (1 scala source)
2026.04.29 16:08:57 INFO  time: compiled core in 78ms
Apr 29, 2026 4:09:22 PM org.eclipse.lsp4j.jsonrpc.RemoteEndpoint handleCancellation
WARNING: Unmatched cancel notification for request id 1045
2026.04.29 16:09:26 INFO  compiling core (1 scala source)
2026.04.29 16:09:26 INFO  time: compiled core in 57ms
2026.04.29 16:11:02 INFO  compiling core (1 scala source)
2026.04.29 16:11:04 INFO  time: compiled core in 1.63s
2026.04.29 16:12:04 INFO  compiling core (1 scala source)
2026.04.29 16:12:04 INFO  time: compiled core in 0.87s
2026.04.29 16:13:25 INFO  compiling core (1 scala source)
2026.04.29 16:13:27 INFO  time: compiled core in 1.7s
2026.04.29 16:13:40 INFO  Created report: Optional[file:///Users/robbetiteca/projects/school/thesis/ecosystem-randomized-cache/core/src/main/scala/riscv/plugins/Cache.scala]
2026.04.29 16:13:40 INFO  java.lang.StringIndexOutOfBoundsException: Range [1752, 1752 + -5) out of bounds for length 27448 (full report at: "/Users/robbetiteca/projects/school/thesis/ecosystem-randomized-cache/.metals/.reports/metals-full/2026-04-29/r_compiler-error_(core)_16-13-40-000.md")
Apr 29, 2026 4:13:56 PM org.eclipse.lsp4j.jsonrpc.RemoteEndpoint handleCancellation
WARNING: Unmatched cancel notification for request id 1844
2026.04.29 16:16:05 INFO  compiling core (1 scala source)
2026.04.29 16:16:05 INFO  time: compiled core in 0.57s
2026.04.29 16:16:06 WARN  Could not load snapshot text for /Users/robbetiteca/projects/school/thesis/ecosystem-randomized-cache/core/src/main/scala/riscv/plugins/Cache.scala
2026.04.29 16:16:10 WARN  Could not load snapshot text for /Users/robbetiteca/projects/school/thesis/ecosystem-randomized-cache/core/src/main/scala/riscv/plugins/Cache.scala
2026.04.29 16:16:10 INFO  compiling core (1 scala source)
2026.04.29 16:16:11 INFO  time: compiled core in 1.06s
2026.04.29 16:16:13 INFO  compiling core (1 scala source)
2026.04.29 16:16:13 INFO  time: compiled core in 0.86s
2026.04.29 16:20:24 INFO  compiling core (1 scala source)
2026.04.29 16:20:26 INFO  time: compiled core in 2.19s
2026.04.29 16:20:27 INFO  compiling core (1 scala source)
2026.04.29 16:20:27 INFO  time: compiled core in 0.34s
2026.04.29 16:20:28 WARN  Could not load snapshot text for /Users/robbetiteca/projects/school/thesis/ecosystem-randomized-cache/core/src/main/scala/riscv/plugins/Cache.scala
2026.04.29 16:20:33 WARN  Could not load snapshot text for /Users/robbetiteca/projects/school/thesis/ecosystem-randomized-cache/core/src/main/scala/riscv/plugins/Cache.scala
2026.04.29 16:20:33 INFO  compiling core (1 scala source)
2026.04.29 16:20:33 INFO  time: compiled core in 0.85s
2026.04.29 16:20:45 INFO  compiling core (1 scala source)
2026.04.29 16:20:45 INFO  time: compiled core in 0.17s
Apr 29, 2026 4:24:36 PM org.eclipse.lsp4j.jsonrpc.RemoteEndpoint handleCancellation
WARNING: Unmatched cancel notification for request id 2445
2026.04.29 16:24:38 INFO  compiling core (1 scala source)
2026.04.29 16:24:40 INFO  time: compiled core in 1.78s
2026.04.29 16:24:40 INFO  compiling core (1 scala source)
2026.04.29 16:24:42 INFO  time: compiled core in 1.11s
2026.04.29 16:24:51 INFO  compiling core (1 scala source)
2026.04.29 16:24:51 INFO  time: compiled core in 0.76s
2026.04.29 16:27:26 INFO  compiling core (1 scala source)
2026.04.29 16:27:27 INFO  time: compiled core in 1.76s
2026.04.29 16:28:02 INFO  compiling core (1 scala source)
2026.04.29 16:28:03 INFO  time: compiled core in 1.12s
Apr 29, 2026 4:28:32 PM org.eclipse.lsp4j.jsonrpc.RemoteEndpoint handleCancellation
WARNING: Unmatched cancel notification for request id 2680
2026.04.29 16:29:35 INFO  compiling core (1 scala source)
2026.04.29 16:29:37 INFO  time: compiled core in 1.67s
2026.04.29 16:30:09 INFO  compiling core (1 scala source)
2026.04.29 16:30:09 WARN  one feature warning; re-run with -feature for details
2026.04.29 16:30:10 INFO  time: compiled core in 1.15s
2026.04.29 16:30:50 INFO  compiling core (1 scala source)
2026.04.29 16:30:52 INFO  time: compiled core in 1.77s
2026.04.29 16:31:49 INFO  compiling core (1 scala source)
2026.04.29 16:31:50 INFO  time: compiled core in 1.01s
2026.04.29 16:32:08 INFO  compiling core (1 scala source)
2026.04.29 16:32:08 WARN  one feature warning; re-run with -feature for details
2026.04.29 16:32:08 INFO  time: compiled core in 0.61s
2026.04.29 16:35:18 INFO  compiling core (1 scala source)
2026.04.29 16:35:20 INFO  time: compiled core in 2.01s
Apr 29, 2026 4:35:35 PM org.eclipse.lsp4j.jsonrpc.RemoteEndpoint handleCancellation
WARNING: Unmatched cancel notification for request id 3403
2026.04.29 16:35:36 INFO  compiling core (1 scala source)
2026.04.29 16:35:37 INFO  time: compiled core in 1.06s
2026.04.29 16:35:57 INFO  compiling core (1 scala source)
2026.04.29 16:35:57 INFO  time: compiled core in 0.83s
2026.04.29 16:36:36 INFO  compiling core (1 scala source)
2026.04.29 16:36:37 INFO  time: compiled core in 1.06s
2026.04.29 16:36:54 INFO  compiling core (1 scala source)
2026.04.29 16:36:54 INFO  time: compiled core in 0.72s
2026.04.29 16:37:21 INFO  compiling core (1 scala source)
2026.04.29 16:37:22 INFO  time: compiled core in 1.02s
2026.04.29 16:37:56 INFO  compiling core (1 scala source)
2026.04.29 16:37:58 INFO  time: compiled core in 1.68s
2026.04.29 16:38:48 INFO  compiling core (1 scala source)
2026.04.29 16:38:48 INFO  time: compiled core in 0.94s
2026.04.29 16:39:22 INFO  compiling core (1 scala source)
2026.04.29 16:39:22 WARN  one feature warning; re-run with -feature for details
2026.04.29 16:39:22 INFO  time: compiled core in 0.66s
2026.04.29 16:39:26 INFO  compiling core (1 scala source)
2026.04.29 16:39:26 WARN  one feature warning; re-run with -feature for details
2026.04.29 16:39:26 INFO  time: compiled core in 0.51s
2026.04.29 16:39:31 INFO  compiling core (1 scala source)
2026.04.29 16:39:31 WARN  one feature warning; re-run with -feature for details
2026.04.29 16:39:31 INFO  time: compiled core in 0.53s
2026.04.29 16:40:01 INFO  compiling core (1 scala source)
2026.04.29 16:40:01 INFO  time: compiled core in 0.96s
2026.04.29 16:40:30 INFO  compiling core (1 scala source)
2026.04.29 16:40:30 WARN  one feature warning; re-run with -feature for details
2026.04.29 16:40:30 INFO  time: compiled core in 0.68s
2026.04.29 16:40:37 INFO  compiling core (1 scala source)
2026.04.29 16:40:37 WARN  one feature warning; re-run with -feature for details
2026.04.29 16:40:37 INFO  time: compiled core in 0.55s
2026.04.30 16:30:56 INFO  compiling core (1 scala source)
2026.04.30 16:30:56 INFO  time: compiled core in 0.49s
2026.04.30 16:31:15 INFO  compiling core (2 scala sources)
2026.04.30 16:31:15 INFO  time: compiled core in 0.33s
2026.04.30 16:31:27 INFO  compiling core (2 scala sources)
2026.04.30 16:31:27 INFO  time: compiled core in 0.24s
2026.04.30 16:31:46 INFO  compiling core (2 scala sources)
2026.04.30 16:31:46 INFO  time: compiled core in 0.22s
2026.04.30 16:31:58 INFO  empty definition using pc, found symbol in pc:  (full report at: "/Users/robbetiteca/projects/school/thesis/ecosystem-randomized-cache/.metals/.reports/metals-full/2026-03-03/r_empty-definition_15-40-14-658.md")
2026.04.30 16:31:59 INFO  empty definition using pc, found symbol in pc:  (full report at: "/Users/robbetiteca/projects/school/thesis/ecosystem-randomized-cache/.metals/.reports/metals-full/2026-03-03/r_empty-definition_15-40-14-658.md")
2026.04.30 16:31:59 INFO  empty definition using pc, found symbol in pc:  (full report at: "/Users/robbetiteca/projects/school/thesis/ecosystem-randomized-cache/.metals/.reports/metals-full/2026-03-03/r_empty-definition_15-40-14-658.md")
2026.04.30 16:32:10 INFO  compiling core (2 scala sources)
2026.04.30 16:32:10 INFO  time: compiled core in 0.23s
2026.04.30 16:33:25 INFO  compiling core (2 scala sources)
2026.04.30 16:33:25 INFO  time: compiled core in 0.23s
2026.04.30 16:33:28 INFO  compiling core (2 scala sources)
2026.04.30 16:33:28 INFO  time: compiled core in 0.16s
2026.04.30 16:33:49 INFO  compiling core (2 scala sources)
2026.04.30 16:33:49 INFO  time: compiled core in 0.23s
2026.04.30 16:33:51 INFO  compiling core (2 scala sources)
2026.04.30 16:33:51 INFO  time: compiled core in 0.17s
2026.04.30 16:34:13 INFO  compiling core (2 scala sources)
2026.04.30 16:34:13 INFO  time: compiled core in 0.21s
2026.04.30 16:34:46 INFO  compiling core (2 scala sources)
2026.04.30 16:34:46 INFO  time: compiled core in 0.21s
2026.04.30 16:34:57 INFO  compiling core (2 scala sources)
2026.04.30 16:34:57 INFO  time: compiled core in 0.19s
2026.04.30 16:34:59 INFO  compiling core (2 scala sources)
2026.04.30 16:34:59 INFO  time: compiled core in 0.17s
2026.04.30 16:35:05 INFO  compiling core (2 scala sources)
2026.04.30 16:35:05 INFO  time: compiled core in 0.16s
2026.04.30 16:37:09 INFO  compiling core (2 scala sources)
2026.04.30 16:37:09 INFO  time: compiled core in 0.2s
2026.04.30 16:37:27 INFO  compiling core (2 scala sources)
2026.04.30 16:37:27 INFO  time: compiled core in 0.21s
2026.04.30 16:37:35 INFO  compiling core (2 scala sources)
2026.04.30 16:37:35 INFO  time: compiled core in 0.23s
2026.04.30 16:40:22 INFO  compiling core (2 scala sources)
2026.04.30 16:40:23 WARN  one feature warning; re-run with -feature for details
2026.04.30 16:40:23 INFO  time: compiled core in 1.33s
2026.04.30 16:40:25 INFO  compiling core (1 scala source)
2026.04.30 16:40:25 WARN  one feature warning; re-run with -feature for details
2026.04.30 16:40:25 INFO  time: compiled core in 0.5s
2026.04.30 16:41:24 INFO  compiling core (2 scala sources)
2026.04.30 16:41:24 INFO  time: compiled core in 0.17s
2026.04.30 16:41:24 INFO  compiling core (2 scala sources)
2026.04.30 16:41:24 INFO  time: compiled core in 57ms
2026.04.30 16:41:30 WARN  Could not load snapshot text for /Users/robbetiteca/projects/school/thesis/ecosystem-randomized-cache/core/src/main/scala/riscv/plugins/Cache.scala
2026.04.30 16:41:49 WARN  Could not load snapshot text for /Users/robbetiteca/projects/school/thesis/ecosystem-randomized-cache/core/src/main/scala/riscv/plugins/Cache.scala
2026.04.30 16:41:51 INFO  compiling core (1 scala source)
2026.04.30 16:41:51 INFO  time: compiled core in 0.12s
2026.05.04 14:08:02 INFO  compiling core (1 scala source)
2026.05.04 14:08:03 WARN  one feature warning; re-run with -feature for details
2026.05.04 14:08:03 INFO  time: compiled core in 1.98s
2026.05.04 14:08:03 INFO  compiling core (1 scala source)
2026.05.04 14:08:05 WARN  one feature warning; re-run with -feature for details
2026.05.04 14:08:05 INFO  time: compiled core in 1.16s
2026.05.04 14:08:37 INFO  compiling core (1 scala source)
2026.05.04 14:08:37 WARN  one feature warning; re-run with -feature for details
2026.05.04 14:08:37 INFO  time: compiled core in 0.79s
2026.05.04 14:08:45 INFO  compiling core (1 scala source)
2026.05.04 14:08:45 WARN  one feature warning; re-run with -feature for details
2026.05.04 14:08:45 INFO  time: compiled core in 0.64s
May 04, 2026 2:23:46 PM org.eclipse.lsp4j.jsonrpc.services.GenericEndpoint notify
INFO: Unsupported notification method: $/setTrace
2026.05.05 15:09:12 INFO  compiling core (1 scala source)
2026.05.05 15:09:12 INFO  time: compiled core in 0.63s
2026.05.05 15:09:13 INFO  compiling core (1 scala source)
2026.05.05 15:09:13 INFO  time: compiled core in 0.21s
2026.05.05 15:09:15 INFO  compiling core (1 scala source)
2026.05.05 15:09:15 INFO  time: compiled core in 0.16s
2026.05.05 15:09:25 INFO  compiling core (1 scala source)
2026.05.05 15:09:25 INFO  time: compiled core in 0.13s
2026.05.05 15:09:26 INFO  compiling core (1 scala source)
2026.05.05 15:09:26 INFO  time: compiled core in 0.12s
2026.05.05 15:09:40 INFO  compiling core (1 scala source)
2026.05.05 15:09:40 INFO  time: compiled core in 0.11s
2026.05.05 15:10:28 INFO  compiling core (1 scala source)
2026.05.05 15:10:28 INFO  time: compiled core in 0.13s
2026.05.05 15:10:32 INFO  compiling core (1 scala source)
2026.05.05 15:10:32 INFO  time: compiled core in 0.11s
May 05, 2026 3:10:48 PM org.eclipse.lsp4j.jsonrpc.RemoteEndpoint handleCancellation
WARNING: Unmatched cancel notification for request id 7530
2026.05.05 15:10:55 INFO  compiling core (1 scala source)
2026.05.05 15:10:55 INFO  time: compiled core in 0.14s
2026.05.05 15:11:10 INFO  compiling core (1 scala source)
2026.05.05 15:11:10 INFO  time: compiled core in 0.11s
2026.05.05 15:11:20 INFO  compiling core (1 scala source)
2026.05.05 15:11:20 INFO  time: compiled core in 0.11s
2026.05.05 15:11:21 INFO  compiling core (1 scala source)
2026.05.05 15:11:21 INFO  time: compiled core in 93ms
2026.05.05 15:11:41 INFO  compiling core (1 scala source)
2026.05.05 15:11:41 WARN  one feature warning; re-run with -feature for details
2026.05.05 15:11:41 INFO  time: compiled core in 0.92s
2026.05.05 15:11:53 INFO  compiling core (1 scala source)
2026.05.05 15:11:53 WARN  one feature warning; re-run with -feature for details
2026.05.05 15:11:53 INFO  time: compiled core in 0.55s
2026.05.05 15:49:59 INFO  compiling core (1 scala source)
2026.05.05 15:50:00 WARN  one feature warning; re-run with -feature for details
2026.05.05 15:50:00 INFO  time: compiled core in 1.4s
2026.05.05 15:50:31 INFO  compiling core (1 scala source)
2026.05.05 15:50:31 WARN  one feature warning; re-run with -feature for details
2026.05.05 15:50:31 INFO  time: compiled core in 0.6s
May 06, 2026 11:26:40 AM org.eclipse.lsp4j.jsonrpc.services.GenericEndpoint notify
INFO: Unsupported notification method: $/setTrace
2026.05.06 16:07:57 INFO  compiling core (1 scala source)
2026.05.06 16:07:59 INFO  time: compiled core in 1.83s
2026.05.06 16:08:01 INFO  compiling core (1 scala source)
2026.05.06 16:08:01 INFO  time: compiled core in 0.29s
2026.05.06 16:08:04 INFO  compiling core (1 scala source)
2026.05.06 16:08:04 INFO  time: compiled core in 0.86s
2026.05.06 16:12:43 INFO  compiling core (1 scala source)
2026.05.06 16:12:45 INFO  time: compiled core in 1.67s
2026.05.06 16:13:16 INFO  compiling core (1 scala source)
2026.05.06 16:13:18 INFO  time: compiled core in 1.23s
2026.05.06 16:15:20 INFO  compiling core (1 scala source)
2026.05.06 16:15:21 INFO  time: compiled core in 1.74s
2026.05.06 16:18:07 INFO  compiling core (1 scala source)
2026.05.06 16:18:08 INFO  time: compiled core in 1.81s
2026.05.06 16:21:13 INFO  compiling core (1 scala source)
2026.05.06 16:21:15 INFO  time: compiled core in 1.87s
2026.05.06 16:22:28 INFO  compiling core (1 scala source)
2026.05.06 16:22:28 INFO  time: compiled core in 0.14s
2026.05.06 16:25:04 INFO  compiling core (1 scala source)
2026.05.06 16:25:04 INFO  time: compiled core in 0.14s
2026.05.06 16:25:04 INFO  compiling core (1 scala source)
2026.05.06 16:25:04 INFO  time: compiled core in 54ms
2026.05.06 16:29:14 INFO  compiling core (1 scala source)
2026.05.06 16:29:14 INFO  time: compiled core in 62ms
2026.05.06 16:29:36 INFO  compiling core (1 scala source)
2026.05.06 16:29:36 INFO  time: compiled core in 55ms
May 06, 2026 4:29:59 PM org.eclipse.lsp4j.jsonrpc.RemoteEndpoint handleCancellation
WARNING: Unmatched cancel notification for request id 9928
2026.05.06 16:30:01 INFO  compiling core (1 scala source)
2026.05.06 16:30:01 INFO  time: compiled core in 65ms
2026.05.06 16:31:44 INFO  compiling core (1 scala source)
2026.05.06 16:31:44 INFO  time: compiled core in 61ms
2026.05.06 16:32:09 INFO  compiling core (1 scala source)
2026.05.06 16:32:09 INFO  time: compiled core in 54ms
2026.05.06 16:33:51 INFO  compiling core (1 scala source)
2026.05.06 16:33:51 INFO  time: compiled core in 54ms
2026.05.06 16:34:17 INFO  compiling core (1 scala source)
2026.05.06 16:34:17 INFO  time: compiled core in 49ms
2026.05.06 16:34:22 INFO  compiling core (1 scala source)
2026.05.06 16:34:22 INFO  time: compiled core in 47ms
2026.05.06 16:34:48 INFO  compiling core (1 scala source)
2026.05.06 16:34:48 INFO  time: compiled core in 49ms
2026.05.06 16:34:58 INFO  compiling core (1 scala source)
2026.05.06 16:34:58 INFO  time: compiled core in 0.46s
2026.05.06 16:35:42 INFO  compiling core (1 scala source)
2026.05.06 16:35:42 INFO  time: compiled core in 0.21s
May 06, 2026 4:35:43 PM scala.meta.internal.pc.CompilerAccess retryWithCleanCompiler
INFO: compiler crashed due to an error in the Scala compiler, retrying with new compiler instance.
2026.05.06 16:35:43 INFO  Created report: Optional[file:///Users/robbetiteca/projects/school/thesis/ecosystem-randomized-cache/core/src/main/scala/riscv/plugins/Cache.scala]
2026.05.06 16:35:43 INFO  scala.reflect.internal.FatalError: 
  ThisType(value $anonfun) for sym which is not a class
     while compiling: file:///Users/robbetiteca/projects/school/thesis/ecosystem-randomized-cache/core/src/main/scala/riscv/plugins/Cache.scala
        during phase: globalPhase=<no phase>, enteringPhase=parser
     library version: version 2.12.20
    compiler version: version 2.12.18
  reconstructed args: -classpath /Users/robbetiteca/projects/school/thesis/ecosystem-randomized-cache/core/.bloop/core/bloop-bsp-clients-classes/classes-Metals-3EER-df6QfWC-_MqQZNAmg==:/Users/robbetiteca/Library/Caches/bloop/semanticdb/com.sourcegraph.semanticdb-javac.0.11.2/semanticdb-javac-0.11.2.jar:/Users/robbetiteca/Library/Caches/Coursier/v1/https/repo1.maven.org/maven2/org/scala-lang/scala-library/2.12.18/scala-library-2.12.18.jar:/Users/robbetiteca/Library/Caches/Coursier/v1/https/repo1.maven.org/maven2/com/github/spinalhdl/spinalhdl-core_2.12/1.13.0/spinalhdl-core_2.12-1.13.0.jar:/Users/robbetiteca/Library/Caches/Coursier/v1/https/repo1.maven.org/maven2/com/github/spinalhdl/spinalhdl-lib_2.12/1.13.0/spinalhdl-lib_2.12-1.13.0.jar:/Users/robbetiteca/Library/Caches/Coursier/v1/https/repo1.maven.org/maven2/com/github/spinalhdl/spinalhdl-idsl-plugin_2.12/1.13.0/spinalhdl-idsl-plugin_2.12-1.13.0.jar:/Users/robbetiteca/Library/Caches/Coursier/v1/https/repo1.maven.org/maven2/com/github/spinalhdl/spinalhdl-sim_2.12/1.13.0/spinalhdl-sim_2.12-1.13.0.jar:/Users/robbetiteca/Library/Caches/Coursier/v1/https/repo1.maven.org/maven2/org/scalactic/scalactic_2.12/3.2.10/scalactic_2.12-3.2.10.jar:/Users/robbetiteca/Library/Caches/Coursier/v1/https/repo1.maven.org/maven2/org/scala-lang/scala-reflect/2.12.18/scala-reflect-2.12.18.jar:/Users/robbetiteca/Library/Caches/Coursier/v1/https/repo1.maven.org/maven2/com/github/scopt/scopt_2.12/4.1.0/scopt_2.12-4.1.0.jar:/Users/robbetiteca/Library/Caches/Coursier/v1/https/repo1.maven.org/maven2/com/lihaoyi/sourcecode_2.12/0.3.0/sourcecode_2.12-0.3.0.jar:/Users/robbetiteca/Library/Caches/Coursier/v1/https/repo1.maven.org/maven2/commons-io/commons-io/2.11.0/commons-io-2.11.0.jar:/Users/robbetiteca/Library/Caches/Coursier/v1/https/repo1.maven.org/maven2/org/scala-lang/scala-compiler/2.12.18/scala-compiler-2.12.18.jar:/Users/robbetiteca/Library/Caches/Coursier/v1/https/repo1.maven.org/maven2/com/github/spinalhdl/spinalhdl-idsl-payload_2.12/1.13.0/spinalhdl-idsl-payload_2.12-1.13.0.jar:/Users/robbetiteca/Library/Caches/Coursier/v1/https/repo1.maven.org/maven2/net/openhft/affinity/3.23.2/affinity-3.23.2.jar:/Users/robbetiteca/Library/Caches/Coursier/v1/https/repo1.maven.org/maven2/org/slf4j/slf4j-simple/2.0.5/slf4j-simple-2.0.5.jar:/Users/robbetiteca/Library/Caches/Coursier/v1/https/repo1.maven.org/maven2/com/github/oshi/oshi-core/6.4.0/oshi-core-6.4.0.jar:/Users/robbetiteca/Library/Caches/Coursier/v1/https/repo1.maven.org/maven2/org/scala-lang/modules/scala-xml_2.12/2.1.0/scala-xml_2.12-2.1.0.jar:/Users/robbetiteca/Library/Caches/Coursier/v1/https/repo1.maven.org/maven2/org/slf4j/slf4j-api/2.0.5/slf4j-api-2.0.5.jar:/Users/robbetiteca/Library/Caches/Coursier/v1/https/repo1.maven.org/maven2/net/java/dev/jna/jna/5.12.1/jna-5.12.1.jar:/Users/robbetiteca/Library/Caches/Coursier/v1/https/repo1.maven.org/maven2/net/java/dev/jna/jna-platform/5.12.1/jna-platform-5.12.1.jar -Xplugin-require:semanticdb -Yrangepos -Ymacro-expand:discard -Ycache-plugin-class-loader:last-modified -Ypresentation-any-thread

  last tree to typer: TypeTree(<refinement of spinal.core.Area>)
       tree position: line 108 of file:///Users/robbetiteca/projects/school/thesis/ecosystem-randomized-cache/core/src/main/scala/riscv/plugins/Cache.scala
            tree tpe: spinal.core.Area{val rngService: riscv.RngService; val rng: riscv.RngIo}
              symbol: <refinement of spinal.core.Area>
   symbol definition: class <refinement> extends Area (a RefinementClassSymbol)
      symbol package: riscv.plugins
       symbol owners: <refinement of spinal.core.Area> -> value cacheArea -> method connect -> class Cache
           call site: <none> in <none>

== Source file context for tree position ==

   105   }
   106 
   107   private def connect(_s: Stage, internal: MemBus, external: MemBus): Unit = {
   108     val cacheArea = pipeline plug new Area {
   109       val rngService = pipeline.service[RngService]
   110       val rng = new RngIo
   111       rng.rdata_request := False // TODO: This should be handled by isSlave!! (full report at: "/Users/robbetiteca/projects/school/thesis/ecosystem-randomized-cache/.metals/.reports/metals-full/2026-05-06/r_compiler-error_(core)_16-35-43-263.md")
May 06, 2026 4:35:45 PM scala.meta.internal.pc.CompilerAccess retryWithCleanCompiler
INFO: compiler crashed due to an error in the Scala compiler, retrying with new compiler instance.
2026.05.06 16:35:45 INFO  Created report: Optional[file:///Users/robbetiteca/projects/school/thesis/ecosystem-randomized-cache/core/src/main/scala/riscv/plugins/Cache.scala]
2026.05.06 16:35:45 INFO  scala.reflect.internal.FatalError: 
  ThisType(value $anonfun) for sym which is not a class
     while compiling: file:///Users/robbetiteca/projects/school/thesis/ecosystem-randomized-cache/core/src/main/scala/riscv/plugins/Cache.scala
        during phase: globalPhase=<no phase>, enteringPhase=parser
     library version: version 2.12.20
    compiler version: version 2.12.18
  reconstructed args: -classpath /Users/robbetiteca/projects/school/thesis/ecosystem-randomized-cache/core/.bloop/core/bloop-bsp-clients-classes/classes-Metals-3EER-df6QfWC-_MqQZNAmg==:/Users/robbetiteca/Library/Caches/bloop/semanticdb/com.sourcegraph.semanticdb-javac.0.11.2/semanticdb-javac-0.11.2.jar:/Users/robbetiteca/Library/Caches/Coursier/v1/https/repo1.maven.org/maven2/org/scala-lang/scala-library/2.12.18/scala-library-2.12.18.jar:/Users/robbetiteca/Library/Caches/Coursier/v1/https/repo1.maven.org/maven2/com/github/spinalhdl/spinalhdl-core_2.12/1.13.0/spinalhdl-core_2.12-1.13.0.jar:/Users/robbetiteca/Library/Caches/Coursier/v1/https/repo1.maven.org/maven2/com/github/spinalhdl/spinalhdl-lib_2.12/1.13.0/spinalhdl-lib_2.12-1.13.0.jar:/Users/robbetiteca/Library/Caches/Coursier/v1/https/repo1.maven.org/maven2/com/github/spinalhdl/spinalhdl-idsl-plugin_2.12/1.13.0/spinalhdl-idsl-plugin_2.12-1.13.0.jar:/Users/robbetiteca/Library/Caches/Coursier/v1/https/repo1.maven.org/maven2/com/github/spinalhdl/spinalhdl-sim_2.12/1.13.0/spinalhdl-sim_2.12-1.13.0.jar:/Users/robbetiteca/Library/Caches/Coursier/v1/https/repo1.maven.org/maven2/org/scalactic/scalactic_2.12/3.2.10/scalactic_2.12-3.2.10.jar:/Users/robbetiteca/Library/Caches/Coursier/v1/https/repo1.maven.org/maven2/org/scala-lang/scala-reflect/2.12.18/scala-reflect-2.12.18.jar:/Users/robbetiteca/Library/Caches/Coursier/v1/https/repo1.maven.org/maven2/com/github/scopt/scopt_2.12/4.1.0/scopt_2.12-4.1.0.jar:/Users/robbetiteca/Library/Caches/Coursier/v1/https/repo1.maven.org/maven2/com/lihaoyi/sourcecode_2.12/0.3.0/sourcecode_2.12-0.3.0.jar:/Users/robbetiteca/Library/Caches/Coursier/v1/https/repo1.maven.org/maven2/commons-io/commons-io/2.11.0/commons-io-2.11.0.jar:/Users/robbetiteca/Library/Caches/Coursier/v1/https/repo1.maven.org/maven2/org/scala-lang/scala-compiler/2.12.18/scala-compiler-2.12.18.jar:/Users/robbetiteca/Library/Caches/Coursier/v1/https/repo1.maven.org/maven2/com/github/spinalhdl/spinalhdl-idsl-payload_2.12/1.13.0/spinalhdl-idsl-payload_2.12-1.13.0.jar:/Users/robbetiteca/Library/Caches/Coursier/v1/https/repo1.maven.org/maven2/net/openhft/affinity/3.23.2/affinity-3.23.2.jar:/Users/robbetiteca/Library/Caches/Coursier/v1/https/repo1.maven.org/maven2/org/slf4j/slf4j-simple/2.0.5/slf4j-simple-2.0.5.jar:/Users/robbetiteca/Library/Caches/Coursier/v1/https/repo1.maven.org/maven2/com/github/oshi/oshi-core/6.4.0/oshi-core-6.4.0.jar:/Users/robbetiteca/Library/Caches/Coursier/v1/https/repo1.maven.org/maven2/org/scala-lang/modules/scala-xml_2.12/2.1.0/scala-xml_2.12-2.1.0.jar:/Users/robbetiteca/Library/Caches/Coursier/v1/https/repo1.maven.org/maven2/org/slf4j/slf4j-api/2.0.5/slf4j-api-2.0.5.jar:/Users/robbetiteca/Library/Caches/Coursier/v1/https/repo1.maven.org/maven2/net/java/dev/jna/jna/5.12.1/jna-5.12.1.jar:/Users/robbetiteca/Library/Caches/Coursier/v1/https/repo1.maven.org/maven2/net/java/dev/jna/jna-platform/5.12.1/jna-platform-5.12.1.jar -Xplugin-require:semanticdb -Yrangepos -Ymacro-expand:discard -Ycache-plugin-class-loader:last-modified -Ypresentation-any-thread

  last tree to typer: TypeTree(<refinement of spinal.core.Area>)
       tree position: line 108 of file:///Users/robbetiteca/projects/school/thesis/ecosystem-randomized-cache/core/src/main/scala/riscv/plugins/Cache.scala
            tree tpe: spinal.core.Area{val rngService: riscv.RngService; val rng: riscv.RngIo}
              symbol: <refinement of spinal.core.Area>
   symbol definition: class <refinement> extends Area (a RefinementClassSymbol)
      symbol package: riscv.plugins
       symbol owners: <refinement of spinal.core.Area> -> value cacheArea -> method connect -> class Cache
           call site: <none> in <none>

== Source file context for tree position ==

   105   }
   106 
   107   private def connect(_s: Stage, internal: MemBus, external: MemBus): Unit = {
   108     val cacheArea = pipeline plug new Area {
   109       val rngService = pipeline.service[RngService]
   110       val rng = new RngIo
   111       rng.rdata_request := False // TODO: This should be handled by isSlave!! (full report at: "/Users/robbetiteca/projects/school/thesis/ecosystem-randomized-cache/.metals/.reports/metals-full/2026-05-06/r_compiler-error_(core)_16-35-45-102.md")
May 06, 2026 4:35:45 PM scala.meta.internal.pc.CompilerAccess retryWithCleanCompiler
INFO: compiler crashed due to an error in the Scala compiler, retrying with new compiler instance.
2026.05.06 16:35:45 INFO  Created report: Optional[file:///Users/robbetiteca/projects/school/thesis/ecosystem-randomized-cache/core/src/main/scala/riscv/plugins/Cache.scala]
2026.05.06 16:35:45 INFO  scala.reflect.internal.FatalError: 
  ThisType(value $anonfun) for sym which is not a class
     while compiling: file:///Users/robbetiteca/projects/school/thesis/ecosystem-randomized-cache/core/src/main/scala/riscv/plugins/Cache.scala
        during phase: globalPhase=<no phase>, enteringPhase=parser
     library version: version 2.12.20
    compiler version: version 2.12.18
  reconstructed args: -classpath /Users/robbetiteca/projects/school/thesis/ecosystem-randomized-cache/core/.bloop/core/bloop-bsp-clients-classes/classes-Metals-3EER-df6QfWC-_MqQZNAmg==:/Users/robbetiteca/Library/Caches/bloop/semanticdb/com.sourcegraph.semanticdb-javac.0.11.2/semanticdb-javac-0.11.2.jar:/Users/robbetiteca/Library/Caches/Coursier/v1/https/repo1.maven.org/maven2/org/scala-lang/scala-library/2.12.18/scala-library-2.12.18.jar:/Users/robbetiteca/Library/Caches/Coursier/v1/https/repo1.maven.org/maven2/com/github/spinalhdl/spinalhdl-core_2.12/1.13.0/spinalhdl-core_2.12-1.13.0.jar:/Users/robbetiteca/Library/Caches/Coursier/v1/https/repo1.maven.org/maven2/com/github/spinalhdl/spinalhdl-lib_2.12/1.13.0/spinalhdl-lib_2.12-1.13.0.jar:/Users/robbetiteca/Library/Caches/Coursier/v1/https/repo1.maven.org/maven2/com/github/spinalhdl/spinalhdl-idsl-plugin_2.12/1.13.0/spinalhdl-idsl-plugin_2.12-1.13.0.jar:/Users/robbetiteca/Library/Caches/Coursier/v1/https/repo1.maven.org/maven2/com/github/spinalhdl/spinalhdl-sim_2.12/1.13.0/spinalhdl-sim_2.12-1.13.0.jar:/Users/robbetiteca/Library/Caches/Coursier/v1/https/repo1.maven.org/maven2/org/scalactic/scalactic_2.12/3.2.10/scalactic_2.12-3.2.10.jar:/Users/robbetiteca/Library/Caches/Coursier/v1/https/repo1.maven.org/maven2/org/scala-lang/scala-reflect/2.12.18/scala-reflect-2.12.18.jar:/Users/robbetiteca/Library/Caches/Coursier/v1/https/repo1.maven.org/maven2/com/github/scopt/scopt_2.12/4.1.0/scopt_2.12-4.1.0.jar:/Users/robbetiteca/Library/Caches/Coursier/v1/https/repo1.maven.org/maven2/com/lihaoyi/sourcecode_2.12/0.3.0/sourcecode_2.12-0.3.0.jar:/Users/robbetiteca/Library/Caches/Coursier/v1/https/repo1.maven.org/maven2/commons-io/commons-io/2.11.0/commons-io-2.11.0.jar:/Users/robbetiteca/Library/Caches/Coursier/v1/https/repo1.maven.org/maven2/org/scala-lang/scala-compiler/2.12.18/scala-compiler-2.12.18.jar:/Users/robbetiteca/Library/Caches/Coursier/v1/https/repo1.maven.org/maven2/com/github/spinalhdl/spinalhdl-idsl-payload_2.12/1.13.0/spinalhdl-idsl-payload_2.12-1.13.0.jar:/Users/robbetiteca/Library/Caches/Coursier/v1/https/repo1.maven.org/maven2/net/openhft/affinity/3.23.2/affinity-3.23.2.jar:/Users/robbetiteca/Library/Caches/Coursier/v1/https/repo1.maven.org/maven2/org/slf4j/slf4j-simple/2.0.5/slf4j-simple-2.0.5.jar:/Users/robbetiteca/Library/Caches/Coursier/v1/https/repo1.maven.org/maven2/com/github/oshi/oshi-core/6.4.0/oshi-core-6.4.0.jar:/Users/robbetiteca/Library/Caches/Coursier/v1/https/repo1.maven.org/maven2/org/scala-lang/modules/scala-xml_2.12/2.1.0/scala-xml_2.12-2.1.0.jar:/Users/robbetiteca/Library/Caches/Coursier/v1/https/repo1.maven.org/maven2/org/slf4j/slf4j-api/2.0.5/slf4j-api-2.0.5.jar:/Users/robbetiteca/Library/Caches/Coursier/v1/https/repo1.maven.org/maven2/net/java/dev/jna/jna/5.12.1/jna-5.12.1.jar:/Users/robbetiteca/Library/Caches/Coursier/v1/https/repo1.maven.org/maven2/net/java/dev/jna/jna-platform/5.12.1/jna-platform-5.12.1.jar -Xplugin-require:semanticdb -Yrangepos -Ymacro-expand:discard -Ycache-plugin-class-loader:last-modified -Ypresentation-any-thread

  last tree to typer: TypeTree(<refinement of spinal.core.Area>)
       tree position: line 108 of file:///Users/robbetiteca/projects/school/thesis/ecosystem-randomized-cache/core/src/main/scala/riscv/plugins/Cache.scala
            tree tpe: spinal.core.Area{val rngService: riscv.RngService; val rng: riscv.RngIo}
              symbol: <refinement of spinal.core.Area>
   symbol definition: class <refinement> extends Area (a RefinementClassSymbol)
      symbol package: riscv.plugins
       symbol owners: <refinement of spinal.core.Area> -> value cacheArea -> method connect -> class Cache
           call site: <none> in <none>

== Source file context for tree position ==

   105   }
   106 
   107   private def connect(_s: Stage, internal: MemBus, external: MemBus): Unit = {
   108     val cacheArea = pipeline plug new Area {
   109       val rngService = pipeline.service[RngService]
   110       val rng = new RngIo
   111       rng.rdata_request := False // TODO: This should be handled by isSlave!! (full report at: "/Users/robbetiteca/projects/school/thesis/ecosystem-randomized-cache/.metals/.reports/metals-full/2026-05-06/r_compiler-error_(core)_16-35-45-646.md")
May 06, 2026 4:35:45 PM scala.meta.internal.pc.CompilerAccess retryWithCleanCompiler
INFO: compiler crashed due to an error in the Scala compiler, retrying with new compiler instance.
2026.05.06 16:35:45 INFO  Created report: Optional[file:///Users/robbetiteca/projects/school/thesis/ecosystem-randomized-cache/core/src/main/scala/riscv/plugins/Cache.scala]
2026.05.06 16:35:45 INFO  scala.reflect.internal.FatalError: 
  ThisType(value $anonfun) for sym which is not a class
     while compiling: file:///Users/robbetiteca/projects/school/thesis/ecosystem-randomized-cache/core/src/main/scala/riscv/plugins/Cache.scala
        during phase: globalPhase=<no phase>, enteringPhase=parser
     library version: version 2.12.20
    compiler version: version 2.12.18
  reconstructed args: -classpath /Users/robbetiteca/projects/school/thesis/ecosystem-randomized-cache/core/.bloop/core/bloop-bsp-clients-classes/classes-Metals-3EER-df6QfWC-_MqQZNAmg==:/Users/robbetiteca/Library/Caches/bloop/semanticdb/com.sourcegraph.semanticdb-javac.0.11.2/semanticdb-javac-0.11.2.jar:/Users/robbetiteca/Library/Caches/Coursier/v1/https/repo1.maven.org/maven2/org/scala-lang/scala-library/2.12.18/scala-library-2.12.18.jar:/Users/robbetiteca/Library/Caches/Coursier/v1/https/repo1.maven.org/maven2/com/github/spinalhdl/spinalhdl-core_2.12/1.13.0/spinalhdl-core_2.12-1.13.0.jar:/Users/robbetiteca/Library/Caches/Coursier/v1/https/repo1.maven.org/maven2/com/github/spinalhdl/spinalhdl-lib_2.12/1.13.0/spinalhdl-lib_2.12-1.13.0.jar:/Users/robbetiteca/Library/Caches/Coursier/v1/https/repo1.maven.org/maven2/com/github/spinalhdl/spinalhdl-idsl-plugin_2.12/1.13.0/spinalhdl-idsl-plugin_2.12-1.13.0.jar:/Users/robbetiteca/Library/Caches/Coursier/v1/https/repo1.maven.org/maven2/com/github/spinalhdl/spinalhdl-sim_2.12/1.13.0/spinalhdl-sim_2.12-1.13.0.jar:/Users/robbetiteca/Library/Caches/Coursier/v1/https/repo1.maven.org/maven2/org/scalactic/scalactic_2.12/3.2.10/scalactic_2.12-3.2.10.jar:/Users/robbetiteca/Library/Caches/Coursier/v1/https/repo1.maven.org/maven2/org/scala-lang/scala-reflect/2.12.18/scala-reflect-2.12.18.jar:/Users/robbetiteca/Library/Caches/Coursier/v1/https/repo1.maven.org/maven2/com/github/scopt/scopt_2.12/4.1.0/scopt_2.12-4.1.0.jar:/Users/robbetiteca/Library/Caches/Coursier/v1/https/repo1.maven.org/maven2/com/lihaoyi/sourcecode_2.12/0.3.0/sourcecode_2.12-0.3.0.jar:/Users/robbetiteca/Library/Caches/Coursier/v1/https/repo1.maven.org/maven2/commons-io/commons-io/2.11.0/commons-io-2.11.0.jar:/Users/robbetiteca/Library/Caches/Coursier/v1/https/repo1.maven.org/maven2/org/scala-lang/scala-compiler/2.12.18/scala-compiler-2.12.18.jar:/Users/robbetiteca/Library/Caches/Coursier/v1/https/repo1.maven.org/maven2/com/github/spinalhdl/spinalhdl-idsl-payload_2.12/1.13.0/spinalhdl-idsl-payload_2.12-1.13.0.jar:/Users/robbetiteca/Library/Caches/Coursier/v1/https/repo1.maven.org/maven2/net/openhft/affinity/3.23.2/affinity-3.23.2.jar:/Users/robbetiteca/Library/Caches/Coursier/v1/https/repo1.maven.org/maven2/org/slf4j/slf4j-simple/2.0.5/slf4j-simple-2.0.5.jar:/Users/robbetiteca/Library/Caches/Coursier/v1/https/repo1.maven.org/maven2/com/github/oshi/oshi-core/6.4.0/oshi-core-6.4.0.jar:/Users/robbetiteca/Library/Caches/Coursier/v1/https/repo1.maven.org/maven2/org/scala-lang/modules/scala-xml_2.12/2.1.0/scala-xml_2.12-2.1.0.jar:/Users/robbetiteca/Library/Caches/Coursier/v1/https/repo1.maven.org/maven2/org/slf4j/slf4j-api/2.0.5/slf4j-api-2.0.5.jar:/Users/robbetiteca/Library/Caches/Coursier/v1/https/repo1.maven.org/maven2/net/java/dev/jna/jna/5.12.1/jna-5.12.1.jar:/Users/robbetiteca/Library/Caches/Coursier/v1/https/repo1.maven.org/maven2/net/java/dev/jna/jna-platform/5.12.1/jna-platform-5.12.1.jar -Xplugin-require:semanticdb -Yrangepos -Ymacro-expand:discard -Ycache-plugin-class-loader:last-modified -Ypresentation-any-thread

  last tree to typer: TypeTree(<refinement of spinal.core.Area>)
       tree position: line 108 of file:///Users/robbetiteca/projects/school/thesis/ecosystem-randomized-cache/core/src/main/scala/riscv/plugins/Cache.scala
            tree tpe: spinal.core.Area{val rngService: riscv.RngService; val rng: riscv.RngIo}
              symbol: <refinement of spinal.core.Area>
   symbol definition: class <refinement> extends Area (a RefinementClassSymbol)
      symbol package: riscv.plugins
       symbol owners: <refinement of spinal.core.Area> -> value cacheArea -> method connect -> class Cache
           call site: <none> in <none>

== Source file context for tree position ==

   105   }
   106 
   107   private def connect(_s: Stage, internal: MemBus, external: MemBus): Unit = {
   108     val cacheArea = pipeline plug new Area {
   109       val rngService = pipeline.service[RngService]
   110       val rng = new RngIo
   111       rng.rdata_request := False // TODO: This should be handled by isSlave!! (full report at: "/Users/robbetiteca/projects/school/thesis/ecosystem-randomized-cache/.metals/.reports/metals-full/2026-05-06/r_compiler-error_(core)_16-35-45-753.md")
May 06, 2026 4:35:46 PM scala.meta.internal.pc.CompilerAccess retryWithCleanCompiler
INFO: compiler crashed due to an error in the Scala compiler, retrying with new compiler instance.
2026.05.06 16:35:46 INFO  Created report: Optional[file:///Users/robbetiteca/projects/school/thesis/ecosystem-randomized-cache/core/src/main/scala/riscv/plugins/Cache.scala]
2026.05.06 16:35:46 INFO  scala.reflect.internal.FatalError: 
  ThisType(value $anonfun) for sym which is not a class
     while compiling: file:///Users/robbetiteca/projects/school/thesis/ecosystem-randomized-cache/core/src/main/scala/riscv/plugins/Cache.scala
        during phase: globalPhase=<no phase>, enteringPhase=parser
     library version: version 2.12.20
    compiler version: version 2.12.18
  reconstructed args: -classpath /Users/robbetiteca/projects/school/thesis/ecosystem-randomized-cache/core/.bloop/core/bloop-bsp-clients-classes/classes-Metals-3EER-df6QfWC-_MqQZNAmg==:/Users/robbetiteca/Library/Caches/bloop/semanticdb/com.sourcegraph.semanticdb-javac.0.11.2/semanticdb-javac-0.11.2.jar:/Users/robbetiteca/Library/Caches/Coursier/v1/https/repo1.maven.org/maven2/org/scala-lang/scala-library/2.12.18/scala-library-2.12.18.jar:/Users/robbetiteca/Library/Caches/Coursier/v1/https/repo1.maven.org/maven2/com/github/spinalhdl/spinalhdl-core_2.12/1.13.0/spinalhdl-core_2.12-1.13.0.jar:/Users/robbetiteca/Library/Caches/Coursier/v1/https/repo1.maven.org/maven2/com/github/spinalhdl/spinalhdl-lib_2.12/1.13.0/spinalhdl-lib_2.12-1.13.0.jar:/Users/robbetiteca/Library/Caches/Coursier/v1/https/repo1.maven.org/maven2/com/github/spinalhdl/spinalhdl-idsl-plugin_2.12/1.13.0/spinalhdl-idsl-plugin_2.12-1.13.0.jar:/Users/robbetiteca/Library/Caches/Coursier/v1/https/repo1.maven.org/maven2/com/github/spinalhdl/spinalhdl-sim_2.12/1.13.0/spinalhdl-sim_2.12-1.13.0.jar:/Users/robbetiteca/Library/Caches/Coursier/v1/https/repo1.maven.org/maven2/org/scalactic/scalactic_2.12/3.2.10/scalactic_2.12-3.2.10.jar:/Users/robbetiteca/Library/Caches/Coursier/v1/https/repo1.maven.org/maven2/org/scala-lang/scala-reflect/2.12.18/scala-reflect-2.12.18.jar:/Users/robbetiteca/Library/Caches/Coursier/v1/https/repo1.maven.org/maven2/com/github/scopt/scopt_2.12/4.1.0/scopt_2.12-4.1.0.jar:/Users/robbetiteca/Library/Caches/Coursier/v1/https/repo1.maven.org/maven2/com/lihaoyi/sourcecode_2.12/0.3.0/sourcecode_2.12-0.3.0.jar:/Users/robbetiteca/Library/Caches/Coursier/v1/https/repo1.maven.org/maven2/commons-io/commons-io/2.11.0/commons-io-2.11.0.jar:/Users/robbetiteca/Library/Caches/Coursier/v1/https/repo1.maven.org/maven2/org/scala-lang/scala-compiler/2.12.18/scala-compiler-2.12.18.jar:/Users/robbetiteca/Library/Caches/Coursier/v1/https/repo1.maven.org/maven2/com/github/spinalhdl/spinalhdl-idsl-payload_2.12/1.13.0/spinalhdl-idsl-payload_2.12-1.13.0.jar:/Users/robbetiteca/Library/Caches/Coursier/v1/https/repo1.maven.org/maven2/net/openhft/affinity/3.23.2/affinity-3.23.2.jar:/Users/robbetiteca/Library/Caches/Coursier/v1/https/repo1.maven.org/maven2/org/slf4j/slf4j-simple/2.0.5/slf4j-simple-2.0.5.jar:/Users/robbetiteca/Library/Caches/Coursier/v1/https/repo1.maven.org/maven2/com/github/oshi/oshi-core/6.4.0/oshi-core-6.4.0.jar:/Users/robbetiteca/Library/Caches/Coursier/v1/https/repo1.maven.org/maven2/org/scala-lang/modules/scala-xml_2.12/2.1.0/scala-xml_2.12-2.1.0.jar:/Users/robbetiteca/Library/Caches/Coursier/v1/https/repo1.maven.org/maven2/org/slf4j/slf4j-api/2.0.5/slf4j-api-2.0.5.jar:/Users/robbetiteca/Library/Caches/Coursier/v1/https/repo1.maven.org/maven2/net/java/dev/jna/jna/5.12.1/jna-5.12.1.jar:/Users/robbetiteca/Library/Caches/Coursier/v1/https/repo1.maven.org/maven2/net/java/dev/jna/jna-platform/5.12.1/jna-platform-5.12.1.jar -Xplugin-require:semanticdb -Yrangepos -Ymacro-expand:discard -Ycache-plugin-class-loader:last-modified -Ypresentation-any-thread

  last tree to typer: TypeTree(<refinement of spinal.core.Area>)
       tree position: line 108 of file:///Users/robbetiteca/projects/school/thesis/ecosystem-randomized-cache/core/src/main/scala/riscv/plugins/Cache.scala
            tree tpe: spinal.core.Area{val rngService: riscv.RngService; val rng: riscv.RngIo}
              symbol: <refinement of spinal.core.Area>
   symbol definition: class <refinement> extends Area (a RefinementClassSymbol)
      symbol package: riscv.plugins
       symbol owners: <refinement of spinal.core.Area> -> value cacheArea -> method connect -> class Cache
           call site: <none> in <none>

== Source file context for tree position ==

   105   }
   106 
   107   private def connect(_s: Stage, internal: MemBus, external: MemBus): Unit = {
   108     val cacheArea = pipeline plug new Area {
   109       val rngService = pipeline.service[RngService]
   110       val rng = new RngIo
   111       rng.rdata_request := False // TODO: This should be handled by isSlave!! (full report at: "/Users/robbetiteca/projects/school/thesis/ecosystem-randomized-cache/.metals/.reports/metals-full/2026-05-06/r_compiler-error_(core)_16-35-46-961.md")
May 06, 2026 4:35:47 PM scala.meta.internal.pc.CompilerAccess retryWithCleanCompiler
INFO: compiler crashed due to an error in the Scala compiler, retrying with new compiler instance.
2026.05.06 16:35:46 INFO  Created report: Optional[file:///Users/robbetiteca/projects/school/thesis/ecosystem-randomized-cache/core/src/main/scala/riscv/plugins/Cache.scala]
2026.05.06 16:35:46 INFO  scala.reflect.internal.FatalError: 
  ThisType(value $anonfun) for sym which is not a class
     while compiling: file:///Users/robbetiteca/projects/school/thesis/ecosystem-randomized-cache/core/src/main/scala/riscv/plugins/Cache.scala
        during phase: globalPhase=<no phase>, enteringPhase=parser
     library version: version 2.12.20
    compiler version: version 2.12.18
  reconstructed args: -classpath /Users/robbetiteca/projects/school/thesis/ecosystem-randomized-cache/core/.bloop/core/bloop-bsp-clients-classes/classes-Metals-3EER-df6QfWC-_MqQZNAmg==:/Users/robbetiteca/Library/Caches/bloop/semanticdb/com.sourcegraph.semanticdb-javac.0.11.2/semanticdb-javac-0.11.2.jar:/Users/robbetiteca/Library/Caches/Coursier/v1/https/repo1.maven.org/maven2/org/scala-lang/scala-library/2.12.18/scala-library-2.12.18.jar:/Users/robbetiteca/Library/Caches/Coursier/v1/https/repo1.maven.org/maven2/com/github/spinalhdl/spinalhdl-core_2.12/1.13.0/spinalhdl-core_2.12-1.13.0.jar:/Users/robbetiteca/Library/Caches/Coursier/v1/https/repo1.maven.org/maven2/com/github/spinalhdl/spinalhdl-lib_2.12/1.13.0/spinalhdl-lib_2.12-1.13.0.jar:/Users/robbetiteca/Library/Caches/Coursier/v1/https/repo1.maven.org/maven2/com/github/spinalhdl/spinalhdl-idsl-plugin_2.12/1.13.0/spinalhdl-idsl-plugin_2.12-1.13.0.jar:/Users/robbetiteca/Library/Caches/Coursier/v1/https/repo1.maven.org/maven2/com/github/spinalhdl/spinalhdl-sim_2.12/1.13.0/spinalhdl-sim_2.12-1.13.0.jar:/Users/robbetiteca/Library/Caches/Coursier/v1/https/repo1.maven.org/maven2/org/scalactic/scalactic_2.12/3.2.10/scalactic_2.12-3.2.10.jar:/Users/robbetiteca/Library/Caches/Coursier/v1/https/repo1.maven.org/maven2/org/scala-lang/scala-reflect/2.12.18/scala-reflect-2.12.18.jar:/Users/robbetiteca/Library/Caches/Coursier/v1/https/repo1.maven.org/maven2/com/github/scopt/scopt_2.12/4.1.0/scopt_2.12-4.1.0.jar:/Users/robbetiteca/Library/Caches/Coursier/v1/https/repo1.maven.org/maven2/com/lihaoyi/sourcecode_2.12/0.3.0/sourcecode_2.12-0.3.0.jar:/Users/robbetiteca/Library/Caches/Coursier/v1/https/repo1.maven.org/maven2/commons-io/commons-io/2.11.0/commons-io-2.11.0.jar:/Users/robbetiteca/Library/Caches/Coursier/v1/https/repo1.maven.org/maven2/org/scala-lang/scala-compiler/2.12.18/scala-compiler-2.12.18.jar:/Users/robbetiteca/Library/Caches/Coursier/v1/https/repo1.maven.org/maven2/com/github/spinalhdl/spinalhdl-idsl-payload_2.12/1.13.0/spinalhdl-idsl-payload_2.12-1.13.0.jar:/Users/robbetiteca/Library/Caches/Coursier/v1/https/repo1.maven.org/maven2/net/openhft/affinity/3.23.2/affinity-3.23.2.jar:/Users/robbetiteca/Library/Caches/Coursier/v1/https/repo1.maven.org/maven2/org/slf4j/slf4j-simple/2.0.5/slf4j-simple-2.0.5.jar:/Users/robbetiteca/Library/Caches/Coursier/v1/https/repo1.maven.org/maven2/com/github/oshi/oshi-core/6.4.0/oshi-core-6.4.0.jar:/Users/robbetiteca/Library/Caches/Coursier/v1/https/repo1.maven.org/maven2/org/scala-lang/modules/scala-xml_2.12/2.1.0/scala-xml_2.12-2.1.0.jar:/Users/robbetiteca/Library/Caches/Coursier/v1/https/repo1.maven.org/maven2/org/slf4j/slf4j-api/2.0.5/slf4j-api-2.0.5.jar:/Users/robbetiteca/Library/Caches/Coursier/v1/https/repo1.maven.org/maven2/net/java/dev/jna/jna/5.12.1/jna-5.12.1.jar:/Users/robbetiteca/Library/Caches/Coursier/v1/https/repo1.maven.org/maven2/net/java/dev/jna/jna-platform/5.12.1/jna-platform-5.12.1.jar -Xplugin-require:semanticdb -Yrangepos -Ymacro-expand:discard -Ycache-plugin-class-loader:last-modified -Ypresentation-any-thread

  last tree to typer: TypeTree(<refinement of spinal.core.Area>)
       tree position: line 108 of file:///Users/robbetiteca/projects/school/thesis/ecosystem-randomized-cache/core/src/main/scala/riscv/plugins/Cache.scala
            tree tpe: spinal.core.Area{val rngService: riscv.RngService; val rng: riscv.RngIo}
              symbol: <refinement of spinal.core.Area>
   symbol definition: class <refinement> extends Area (a RefinementClassSymbol)
      symbol package: riscv.plugins
       symbol owners: <refinement of spinal.core.Area> -> value cacheArea -> method connect -> class Cache
           call site: <none> in <none>

== Source file context for tree position ==

   105   }
   106 
   107   private def connect(_s: Stage, internal: MemBus, external: MemBus): Unit = {
   108     val cacheArea = pipeline plug new Area {
   109       val rngService = pipeline.service[RngService]
   110       val rng = new RngIo
   111       rng.rdata_request := False // TODO: This should be handled by isSlave!! (full report at: "/Users/robbetiteca/projects/school/thesis/ecosystem-randomized-cache/.metals/.reports/metals-full/2026-05-06/r_compiler-error_(core)_16-35-47-093.md")
May 06, 2026 4:35:47 PM scala.meta.internal.pc.CompilerAccess retryWithCleanCompiler
INFO: compiler crashed due to an error in the Scala compiler, retrying with new compiler instance.
2026.05.06 16:35:46 INFO  Created report: Optional[file:///Users/robbetiteca/projects/school/thesis/ecosystem-randomized-cache/core/src/main/scala/riscv/plugins/Cache.scala]
2026.05.06 16:35:46 INFO  scala.reflect.internal.FatalError: 
  ThisType(value $anonfun) for sym which is not a class
     while compiling: file:///Users/robbetiteca/projects/school/thesis/ecosystem-randomized-cache/core/src/main/scala/riscv/plugins/Cache.scala
        during phase: globalPhase=<no phase>, enteringPhase=parser
     library version: version 2.12.20
    compiler version: version 2.12.18
  reconstructed args: -classpath /Users/robbetiteca/projects/school/thesis/ecosystem-randomized-cache/core/.bloop/core/bloop-bsp-clients-classes/classes-Metals-3EER-df6QfWC-_MqQZNAmg==:/Users/robbetiteca/Library/Caches/bloop/semanticdb/com.sourcegraph.semanticdb-javac.0.11.2/semanticdb-javac-0.11.2.jar:/Users/robbetiteca/Library/Caches/Coursier/v1/https/repo1.maven.org/maven2/org/scala-lang/scala-library/2.12.18/scala-library-2.12.18.jar:/Users/robbetiteca/Library/Caches/Coursier/v1/https/repo1.maven.org/maven2/com/github/spinalhdl/spinalhdl-core_2.12/1.13.0/spinalhdl-core_2.12-1.13.0.jar:/Users/robbetiteca/Library/Caches/Coursier/v1/https/repo1.maven.org/maven2/com/github/spinalhdl/spinalhdl-lib_2.12/1.13.0/spinalhdl-lib_2.12-1.13.0.jar:/Users/robbetiteca/Library/Caches/Coursier/v1/https/repo1.maven.org/maven2/com/github/spinalhdl/spinalhdl-idsl-plugin_2.12/1.13.0/spinalhdl-idsl-plugin_2.12-1.13.0.jar:/Users/robbetiteca/Library/Caches/Coursier/v1/https/repo1.maven.org/maven2/com/github/spinalhdl/spinalhdl-sim_2.12/1.13.0/spinalhdl-sim_2.12-1.13.0.jar:/Users/robbetiteca/Library/Caches/Coursier/v1/https/repo1.maven.org/maven2/org/scalactic/scalactic_2.12/3.2.10/scalactic_2.12-3.2.10.jar:/Users/robbetiteca/Library/Caches/Coursier/v1/https/repo1.maven.org/maven2/org/scala-lang/scala-reflect/2.12.18/scala-reflect-2.12.18.jar:/Users/robbetiteca/Library/Caches/Coursier/v1/https/repo1.maven.org/maven2/com/github/scopt/scopt_2.12/4.1.0/scopt_2.12-4.1.0.jar:/Users/robbetiteca/Library/Caches/Coursier/v1/https/repo1.maven.org/maven2/com/lihaoyi/sourcecode_2.12/0.3.0/sourcecode_2.12-0.3.0.jar:/Users/robbetiteca/Library/Caches/Coursier/v1/https/repo1.maven.org/maven2/commons-io/commons-io/2.11.0/commons-io-2.11.0.jar:/Users/robbetiteca/Library/Caches/Coursier/v1/https/repo1.maven.org/maven2/org/scala-lang/scala-compiler/2.12.18/scala-compiler-2.12.18.jar:/Users/robbetiteca/Library/Caches/Coursier/v1/https/repo1.maven.org/maven2/com/github/spinalhdl/spinalhdl-idsl-payload_2.12/1.13.0/spinalhdl-idsl-payload_2.12-1.13.0.jar:/Users/robbetiteca/Library/Caches/Coursier/v1/https/repo1.maven.org/maven2/net/openhft/affinity/3.23.2/affinity-3.23.2.jar:/Users/robbetiteca/Library/Caches/Coursier/v1/https/repo1.maven.org/maven2/org/slf4j/slf4j-simple/2.0.5/slf4j-simple-2.0.5.jar:/Users/robbetiteca/Library/Caches/Coursier/v1/https/repo1.maven.org/maven2/com/github/oshi/oshi-core/6.4.0/oshi-core-6.4.0.jar:/Users/robbetiteca/Library/Caches/Coursier/v1/https/repo1.maven.org/maven2/org/scala-lang/modules/scala-xml_2.12/2.1.0/scala-xml_2.12-2.1.0.jar:/Users/robbetiteca/Library/Caches/Coursier/v1/https/repo1.maven.org/maven2/org/slf4j/slf4j-api/2.0.5/slf4j-api-2.0.5.jar:/Users/robbetiteca/Library/Caches/Coursier/v1/https/repo1.maven.org/maven2/net/java/dev/jna/jna/5.12.1/jna-5.12.1.jar:/Users/robbetiteca/Library/Caches/Coursier/v1/https/repo1.maven.org/maven2/net/java/dev/jna/jna-platform/5.12.1/jna-platform-5.12.1.jar -Xplugin-require:semanticdb -Yrangepos -Ymacro-expand:discard -Ycache-plugin-class-loader:last-modified -Ypresentation-any-thread

  last tree to typer: TypeTree(<refinement of spinal.core.Area>)
       tree position: line 108 of file:///Users/robbetiteca/projects/school/thesis/ecosystem-randomized-cache/core/src/main/scala/riscv/plugins/Cache.scala
            tree tpe: spinal.core.Area{val rngService: riscv.RngService; val rng: riscv.RngIo}
              symbol: <refinement of spinal.core.Area>
   symbol definition: class <refinement> extends Area (a RefinementClassSymbol)
      symbol package: riscv.plugins
       symbol owners: <refinement of spinal.core.Area> -> value cacheArea -> method connect -> class Cache
           call site: <none> in <none>

== Source file context for tree position ==

   105   }
   106 
   107   private def connect(_s: Stage, internal: MemBus, external: MemBus): Unit = {
   108     val cacheArea = pipeline plug new Area {
   109       val rngService = pipeline.service[RngService]
   110       val rng = new RngIo
   111       rng.rdata_request := False // TODO: This should be handled by isSlave!! (full report at: "/Users/robbetiteca/projects/school/thesis/ecosystem-randomized-cache/.metals/.reports/metals-full/2026-05-06/r_compiler-error_(core)_16-35-47-693.md")
May 06, 2026 4:35:47 PM scala.meta.internal.pc.CompilerAccess retryWithCleanCompiler
INFO: compiler crashed due to an error in the Scala compiler, retrying with new compiler instance.
2026.05.06 16:35:46 INFO  Created report: Optional[file:///Users/robbetiteca/projects/school/thesis/ecosystem-randomized-cache/core/src/main/scala/riscv/plugins/Cache.scala]
2026.05.06 16:35:46 INFO  scala.reflect.internal.FatalError: 
  ThisType(value $anonfun) for sym which is not a class
     while compiling: file:///Users/robbetiteca/projects/school/thesis/ecosystem-randomized-cache/core/src/main/scala/riscv/plugins/Cache.scala
        during phase: globalPhase=<no phase>, enteringPhase=parser
     library version: version 2.12.20
    compiler version: version 2.12.18
  reconstructed args: -classpath /Users/robbetiteca/projects/school/thesis/ecosystem-randomized-cache/core/.bloop/core/bloop-bsp-clients-classes/classes-Metals-3EER-df6QfWC-_MqQZNAmg==:/Users/robbetiteca/Library/Caches/bloop/semanticdb/com.sourcegraph.semanticdb-javac.0.11.2/semanticdb-javac-0.11.2.jar:/Users/robbetiteca/Library/Caches/Coursier/v1/https/repo1.maven.org/maven2/org/scala-lang/scala-library/2.12.18/scala-library-2.12.18.jar:/Users/robbetiteca/Library/Caches/Coursier/v1/https/repo1.maven.org/maven2/com/github/spinalhdl/spinalhdl-core_2.12/1.13.0/spinalhdl-core_2.12-1.13.0.jar:/Users/robbetiteca/Library/Caches/Coursier/v1/https/repo1.maven.org/maven2/com/github/spinalhdl/spinalhdl-lib_2.12/1.13.0/spinalhdl-lib_2.12-1.13.0.jar:/Users/robbetiteca/Library/Caches/Coursier/v1/https/repo1.maven.org/maven2/com/github/spinalhdl/spinalhdl-idsl-plugin_2.12/1.13.0/spinalhdl-idsl-plugin_2.12-1.13.0.jar:/Users/robbetiteca/Library/Caches/Coursier/v1/https/repo1.maven.org/maven2/com/github/spinalhdl/spinalhdl-sim_2.12/1.13.0/spinalhdl-sim_2.12-1.13.0.jar:/Users/robbetiteca/Library/Caches/Coursier/v1/https/repo1.maven.org/maven2/org/scalactic/scalactic_2.12/3.2.10/scalactic_2.12-3.2.10.jar:/Users/robbetiteca/Library/Caches/Coursier/v1/https/repo1.maven.org/maven2/org/scala-lang/scala-reflect/2.12.18/scala-reflect-2.12.18.jar:/Users/robbetiteca/Library/Caches/Coursier/v1/https/repo1.maven.org/maven2/com/github/scopt/scopt_2.12/4.1.0/scopt_2.12-4.1.0.jar:/Users/robbetiteca/Library/Caches/Coursier/v1/https/repo1.maven.org/maven2/com/lihaoyi/sourcecode_2.12/0.3.0/sourcecode_2.12-0.3.0.jar:/Users/robbetiteca/Library/Caches/Coursier/v1/https/repo1.maven.org/maven2/commons-io/commons-io/2.11.0/commons-io-2.11.0.jar:/Users/robbetiteca/Library/Caches/Coursier/v1/https/repo1.maven.org/maven2/org/scala-lang/scala-compiler/2.12.18/scala-compiler-2.12.18.jar:/Users/robbetiteca/Library/Caches/Coursier/v1/https/repo1.maven.org/maven2/com/github/spinalhdl/spinalhdl-idsl-payload_2.12/1.13.0/spinalhdl-idsl-payload_2.12-1.13.0.jar:/Users/robbetiteca/Library/Caches/Coursier/v1/https/repo1.maven.org/maven2/net/openhft/affinity/3.23.2/affinity-3.23.2.jar:/Users/robbetiteca/Library/Caches/Coursier/v1/https/repo1.maven.org/maven2/org/slf4j/slf4j-simple/2.0.5/slf4j-simple-2.0.5.jar:/Users/robbetiteca/Library/Caches/Coursier/v1/https/repo1.maven.org/maven2/com/github/oshi/oshi-core/6.4.0/oshi-core-6.4.0.jar:/Users/robbetiteca/Library/Caches/Coursier/v1/https/repo1.maven.org/maven2/org/scala-lang/modules/scala-xml_2.12/2.1.0/scala-xml_2.12-2.1.0.jar:/Users/robbetiteca/Library/Caches/Coursier/v1/https/repo1.maven.org/maven2/org/slf4j/slf4j-api/2.0.5/slf4j-api-2.0.5.jar:/Users/robbetiteca/Library/Caches/Coursier/v1/https/repo1.maven.org/maven2/net/java/dev/jna/jna/5.12.1/jna-5.12.1.jar:/Users/robbetiteca/Library/Caches/Coursier/v1/https/repo1.maven.org/maven2/net/java/dev/jna/jna-platform/5.12.1/jna-platform-5.12.1.jar -Xplugin-require:semanticdb -Yrangepos -Ymacro-expand:discard -Ycache-plugin-class-loader:last-modified -Ypresentation-any-thread

  last tree to typer: TypeTree(<refinement of spinal.core.Area>)
       tree position: line 108 of file:///Users/robbetiteca/projects/school/thesis/ecosystem-randomized-cache/core/src/main/scala/riscv/plugins/Cache.scala
            tree tpe: spinal.core.Area{val rngService: riscv.RngService; val rng: riscv.RngIo}
              symbol: <refinement of spinal.core.Area>
   symbol definition: class <refinement> extends Area (a RefinementClassSymbol)
      symbol package: riscv.plugins
       symbol owners: <refinement of spinal.core.Area> -> value cacheArea -> method connect -> class Cache
           call site: <none> in <none>

== Source file context for tree position ==

   105   }
   106 
   107   private def connect(_s: Stage, internal: MemBus, external: MemBus): Unit = {
   108     val cacheArea = pipeline plug new Area {
   109       val rngService = pipeline.service[RngService]
   110       val rng = new RngIo
   111       rng.rdata_request := False // TODO: This should be handled by isSlave!! (full report at: "/Users/robbetiteca/projects/school/thesis/ecosystem-randomized-cache/.metals/.reports/metals-full/2026-05-06/r_compiler-error_(core)_16-35-47-802.md")
May 06, 2026 4:35:48 PM scala.meta.internal.pc.CompilerAccess retryWithCleanCompiler
INFO: compiler crashed due to an error in the Scala compiler, retrying with new compiler instance.
2026.05.06 16:35:48 INFO  Created report: Optional[file:///Users/robbetiteca/projects/school/thesis/ecosystem-randomized-cache/core/src/main/scala/riscv/plugins/Cache.scala]
2026.05.06 16:35:48 INFO  scala.reflect.internal.FatalError: 
  ThisType(value $anonfun) for sym which is not a class
     while compiling: file:///Users/robbetiteca/projects/school/thesis/ecosystem-randomized-cache/core/src/main/scala/riscv/plugins/Cache.scala
        during phase: globalPhase=<no phase>, enteringPhase=parser
     library version: version 2.12.20
    compiler version: version 2.12.18
  reconstructed args: -classpath /Users/robbetiteca/projects/school/thesis/ecosystem-randomized-cache/core/.bloop/core/bloop-bsp-clients-classes/classes-Metals-3EER-df6QfWC-_MqQZNAmg==:/Users/robbetiteca/Library/Caches/bloop/semanticdb/com.sourcegraph.semanticdb-javac.0.11.2/semanticdb-javac-0.11.2.jar:/Users/robbetiteca/Library/Caches/Coursier/v1/https/repo1.maven.org/maven2/org/scala-lang/scala-library/2.12.18/scala-library-2.12.18.jar:/Users/robbetiteca/Library/Caches/Coursier/v1/https/repo1.maven.org/maven2/com/github/spinalhdl/spinalhdl-core_2.12/1.13.0/spinalhdl-core_2.12-1.13.0.jar:/Users/robbetiteca/Library/Caches/Coursier/v1/https/repo1.maven.org/maven2/com/github/spinalhdl/spinalhdl-lib_2.12/1.13.0/spinalhdl-lib_2.12-1.13.0.jar:/Users/robbetiteca/Library/Caches/Coursier/v1/https/repo1.maven.org/maven2/com/github/spinalhdl/spinalhdl-idsl-plugin_2.12/1.13.0/spinalhdl-idsl-plugin_2.12-1.13.0.jar:/Users/robbetiteca/Library/Caches/Coursier/v1/https/repo1.maven.org/maven2/com/github/spinalhdl/spinalhdl-sim_2.12/1.13.0/spinalhdl-sim_2.12-1.13.0.jar:/Users/robbetiteca/Library/Caches/Coursier/v1/https/repo1.maven.org/maven2/org/scalactic/scalactic_2.12/3.2.10/scalactic_2.12-3.2.10.jar:/Users/robbetiteca/Library/Caches/Coursier/v1/https/repo1.maven.org/maven2/org/scala-lang/scala-reflect/2.12.18/scala-reflect-2.12.18.jar:/Users/robbetiteca/Library/Caches/Coursier/v1/https/repo1.maven.org/maven2/com/github/scopt/scopt_2.12/4.1.0/scopt_2.12-4.1.0.jar:/Users/robbetiteca/Library/Caches/Coursier/v1/https/repo1.maven.org/maven2/com/lihaoyi/sourcecode_2.12/0.3.0/sourcecode_2.12-0.3.0.jar:/Users/robbetiteca/Library/Caches/Coursier/v1/https/repo1.maven.org/maven2/commons-io/commons-io/2.11.0/commons-io-2.11.0.jar:/Users/robbetiteca/Library/Caches/Coursier/v1/https/repo1.maven.org/maven2/org/scala-lang/scala-compiler/2.12.18/scala-compiler-2.12.18.jar:/Users/robbetiteca/Library/Caches/Coursier/v1/https/repo1.maven.org/maven2/com/github/spinalhdl/spinalhdl-idsl-payload_2.12/1.13.0/spinalhdl-idsl-payload_2.12-1.13.0.jar:/Users/robbetiteca/Library/Caches/Coursier/v1/https/repo1.maven.org/maven2/net/openhft/affinity/3.23.2/affinity-3.23.2.jar:/Users/robbetiteca/Library/Caches/Coursier/v1/https/repo1.maven.org/maven2/org/slf4j/slf4j-simple/2.0.5/slf4j-simple-2.0.5.jar:/Users/robbetiteca/Library/Caches/Coursier/v1/https/repo1.maven.org/maven2/com/github/oshi/oshi-core/6.4.0/oshi-core-6.4.0.jar:/Users/robbetiteca/Library/Caches/Coursier/v1/https/repo1.maven.org/maven2/org/scala-lang/modules/scala-xml_2.12/2.1.0/scala-xml_2.12-2.1.0.jar:/Users/robbetiteca/Library/Caches/Coursier/v1/https/repo1.maven.org/maven2/org/slf4j/slf4j-api/2.0.5/slf4j-api-2.0.5.jar:/Users/robbetiteca/Library/Caches/Coursier/v1/https/repo1.maven.org/maven2/net/java/dev/jna/jna/5.12.1/jna-5.12.1.jar:/Users/robbetiteca/Library/Caches/Coursier/v1/https/repo1.maven.org/maven2/net/java/dev/jna/jna-platform/5.12.1/jna-platform-5.12.1.jar -Xplugin-require:semanticdb -Yrangepos -Ymacro-expand:discard -Ycache-plugin-class-loader:last-modified -Ypresentation-any-thread

  last tree to typer: TypeTree(<refinement of spinal.core.Area>)
       tree position: line 108 of file:///Users/robbetiteca/projects/school/thesis/ecosystem-randomized-cache/core/src/main/scala/riscv/plugins/Cache.scala
            tree tpe: spinal.core.Area{val rngService: riscv.RngService; val rng: riscv.RngIo}
              symbol: <refinement of spinal.core.Area>
   symbol definition: class <refinement> extends Area (a RefinementClassSymbol)
      symbol package: riscv.plugins
       symbol owners: <refinement of spinal.core.Area> -> value cacheArea -> method connect -> class Cache
           call site: <none> in <none>

== Source file context for tree position ==

   105   }
   106 
   107   private def connect(_s: Stage, internal: MemBus, external: MemBus): Unit = {
   108     val cacheArea = pipeline plug new Area {
   109       val rngService = pipeline.service[RngService]
   110       val rng = new RngIo
   111       rng.rdata_request := False // TODO: This should be handled by isSlave!! (full report at: "/Users/robbetiteca/projects/school/thesis/ecosystem-randomized-cache/.metals/.reports/metals-full/2026-05-06/r_compiler-error_(core)_16-35-48-128.md")
May 06, 2026 4:35:48 PM scala.meta.internal.pc.CompilerAccess retryWithCleanCompiler
INFO: compiler crashed due to an error in the Scala compiler, retrying with new compiler instance.
2026.05.06 16:35:48 INFO  Created report: Optional[file:///Users/robbetiteca/projects/school/thesis/ecosystem-randomized-cache/core/src/main/scala/riscv/plugins/Cache.scala]
2026.05.06 16:35:48 INFO  scala.reflect.internal.FatalError: 
  ThisType(value $anonfun) for sym which is not a class
     while compiling: file:///Users/robbetiteca/projects/school/thesis/ecosystem-randomized-cache/core/src/main/scala/riscv/plugins/Cache.scala
        during phase: globalPhase=<no phase>, enteringPhase=parser
     library version: version 2.12.20
    compiler version: version 2.12.18
  reconstructed args: -classpath /Users/robbetiteca/projects/school/thesis/ecosystem-randomized-cache/core/.bloop/core/bloop-bsp-clients-classes/classes-Metals-3EER-df6QfWC-_MqQZNAmg==:/Users/robbetiteca/Library/Caches/bloop/semanticdb/com.sourcegraph.semanticdb-javac.0.11.2/semanticdb-javac-0.11.2.jar:/Users/robbetiteca/Library/Caches/Coursier/v1/https/repo1.maven.org/maven2/org/scala-lang/scala-library/2.12.18/scala-library-2.12.18.jar:/Users/robbetiteca/Library/Caches/Coursier/v1/https/repo1.maven.org/maven2/com/github/spinalhdl/spinalhdl-core_2.12/1.13.0/spinalhdl-core_2.12-1.13.0.jar:/Users/robbetiteca/Library/Caches/Coursier/v1/https/repo1.maven.org/maven2/com/github/spinalhdl/spinalhdl-lib_2.12/1.13.0/spinalhdl-lib_2.12-1.13.0.jar:/Users/robbetiteca/Library/Caches/Coursier/v1/https/repo1.maven.org/maven2/com/github/spinalhdl/spinalhdl-idsl-plugin_2.12/1.13.0/spinalhdl-idsl-plugin_2.12-1.13.0.jar:/Users/robbetiteca/Library/Caches/Coursier/v1/https/repo1.maven.org/maven2/com/github/spinalhdl/spinalhdl-sim_2.12/1.13.0/spinalhdl-sim_2.12-1.13.0.jar:/Users/robbetiteca/Library/Caches/Coursier/v1/https/repo1.maven.org/maven2/org/scalactic/scalactic_2.12/3.2.10/scalactic_2.12-3.2.10.jar:/Users/robbetiteca/Library/Caches/Coursier/v1/https/repo1.maven.org/maven2/org/scala-lang/scala-reflect/2.12.18/scala-reflect-2.12.18.jar:/Users/robbetiteca/Library/Caches/Coursier/v1/https/repo1.maven.org/maven2/com/github/scopt/scopt_2.12/4.1.0/scopt_2.12-4.1.0.jar:/Users/robbetiteca/Library/Caches/Coursier/v1/https/repo1.maven.org/maven2/com/lihaoyi/sourcecode_2.12/0.3.0/sourcecode_2.12-0.3.0.jar:/Users/robbetiteca/Library/Caches/Coursier/v1/https/repo1.maven.org/maven2/commons-io/commons-io/2.11.0/commons-io-2.11.0.jar:/Users/robbetiteca/Library/Caches/Coursier/v1/https/repo1.maven.org/maven2/org/scala-lang/scala-compiler/2.12.18/scala-compiler-2.12.18.jar:/Users/robbetiteca/Library/Caches/Coursier/v1/https/repo1.maven.org/maven2/com/github/spinalhdl/spinalhdl-idsl-payload_2.12/1.13.0/spinalhdl-idsl-payload_2.12-1.13.0.jar:/Users/robbetiteca/Library/Caches/Coursier/v1/https/repo1.maven.org/maven2/net/openhft/affinity/3.23.2/affinity-3.23.2.jar:/Users/robbetiteca/Library/Caches/Coursier/v1/https/repo1.maven.org/maven2/org/slf4j/slf4j-simple/2.0.5/slf4j-simple-2.0.5.jar:/Users/robbetiteca/Library/Caches/Coursier/v1/https/repo1.maven.org/maven2/com/github/oshi/oshi-core/6.4.0/oshi-core-6.4.0.jar:/Users/robbetiteca/Library/Caches/Coursier/v1/https/repo1.maven.org/maven2/org/scala-lang/modules/scala-xml_2.12/2.1.0/scala-xml_2.12-2.1.0.jar:/Users/robbetiteca/Library/Caches/Coursier/v1/https/repo1.maven.org/maven2/org/slf4j/slf4j-api/2.0.5/slf4j-api-2.0.5.jar:/Users/robbetiteca/Library/Caches/Coursier/v1/https/repo1.maven.org/maven2/net/java/dev/jna/jna/5.12.1/jna-5.12.1.jar:/Users/robbetiteca/Library/Caches/Coursier/v1/https/repo1.maven.org/maven2/net/java/dev/jna/jna-platform/5.12.1/jna-platform-5.12.1.jar -Xplugin-require:semanticdb -Yrangepos -Ymacro-expand:discard -Ycache-plugin-class-loader:last-modified -Ypresentation-any-thread

  last tree to typer: TypeTree(<refinement of spinal.core.Area>)
       tree position: line 108 of file:///Users/robbetiteca/projects/school/thesis/ecosystem-randomized-cache/core/src/main/scala/riscv/plugins/Cache.scala
            tree tpe: spinal.core.Area{val rngService: riscv.RngService; val rng: riscv.RngIo}
              symbol: <refinement of spinal.core.Area>
   symbol definition: class <refinement> extends Area (a RefinementClassSymbol)
      symbol package: riscv.plugins
       symbol owners: <refinement of spinal.core.Area> -> value cacheArea -> method connect -> class Cache
           call site: <none> in <none>

== Source file context for tree position ==

   105   }
   106 
   107   private def connect(_s: Stage, internal: MemBus, external: MemBus): Unit = {
   108     val cacheArea = pipeline plug new Area {
   109       val rngService = pipeline.service[RngService]
   110       val rng = new RngIo
   111       rng.rdata_request := False // TODO: This should be handled by isSlave!! (full report at: "/Users/robbetiteca/projects/school/thesis/ecosystem-randomized-cache/.metals/.reports/metals-full/2026-05-06/r_compiler-error_(core)_16-35-48-859.md")
May 06, 2026 4:35:48 PM scala.meta.internal.pc.CompilerAccess retryWithCleanCompiler
INFO: compiler crashed due to an error in the Scala compiler, retrying with new compiler instance.
2026.05.06 16:35:48 INFO  Created report: Optional[file:///Users/robbetiteca/projects/school/thesis/ecosystem-randomized-cache/core/src/main/scala/riscv/plugins/Cache.scala]
2026.05.06 16:35:48 INFO  scala.reflect.internal.FatalError: 
  ThisType(value $anonfun) for sym which is not a class
     while compiling: file:///Users/robbetiteca/projects/school/thesis/ecosystem-randomized-cache/core/src/main/scala/riscv/plugins/Cache.scala
        during phase: globalPhase=<no phase>, enteringPhase=parser
     library version: version 2.12.20
    compiler version: version 2.12.18
  reconstructed args: -classpath /Users/robbetiteca/projects/school/thesis/ecosystem-randomized-cache/core/.bloop/core/bloop-bsp-clients-classes/classes-Metals-3EER-df6QfWC-_MqQZNAmg==:/Users/robbetiteca/Library/Caches/bloop/semanticdb/com.sourcegraph.semanticdb-javac.0.11.2/semanticdb-javac-0.11.2.jar:/Users/robbetiteca/Library/Caches/Coursier/v1/https/repo1.maven.org/maven2/org/scala-lang/scala-library/2.12.18/scala-library-2.12.18.jar:/Users/robbetiteca/Library/Caches/Coursier/v1/https/repo1.maven.org/maven2/com/github/spinalhdl/spinalhdl-core_2.12/1.13.0/spinalhdl-core_2.12-1.13.0.jar:/Users/robbetiteca/Library/Caches/Coursier/v1/https/repo1.maven.org/maven2/com/github/spinalhdl/spinalhdl-lib_2.12/1.13.0/spinalhdl-lib_2.12-1.13.0.jar:/Users/robbetiteca/Library/Caches/Coursier/v1/https/repo1.maven.org/maven2/com/github/spinalhdl/spinalhdl-idsl-plugin_2.12/1.13.0/spinalhdl-idsl-plugin_2.12-1.13.0.jar:/Users/robbetiteca/Library/Caches/Coursier/v1/https/repo1.maven.org/maven2/com/github/spinalhdl/spinalhdl-sim_2.12/1.13.0/spinalhdl-sim_2.12-1.13.0.jar:/Users/robbetiteca/Library/Caches/Coursier/v1/https/repo1.maven.org/maven2/org/scalactic/scalactic_2.12/3.2.10/scalactic_2.12-3.2.10.jar:/Users/robbetiteca/Library/Caches/Coursier/v1/https/repo1.maven.org/maven2/org/scala-lang/scala-reflect/2.12.18/scala-reflect-2.12.18.jar:/Users/robbetiteca/Library/Caches/Coursier/v1/https/repo1.maven.org/maven2/com/github/scopt/scopt_2.12/4.1.0/scopt_2.12-4.1.0.jar:/Users/robbetiteca/Library/Caches/Coursier/v1/https/repo1.maven.org/maven2/com/lihaoyi/sourcecode_2.12/0.3.0/sourcecode_2.12-0.3.0.jar:/Users/robbetiteca/Library/Caches/Coursier/v1/https/repo1.maven.org/maven2/commons-io/commons-io/2.11.0/commons-io-2.11.0.jar:/Users/robbetiteca/Library/Caches/Coursier/v1/https/repo1.maven.org/maven2/org/scala-lang/scala-compiler/2.12.18/scala-compiler-2.12.18.jar:/Users/robbetiteca/Library/Caches/Coursier/v1/https/repo1.maven.org/maven2/com/github/spinalhdl/spinalhdl-idsl-payload_2.12/1.13.0/spinalhdl-idsl-payload_2.12-1.13.0.jar:/Users/robbetiteca/Library/Caches/Coursier/v1/https/repo1.maven.org/maven2/net/openhft/affinity/3.23.2/affinity-3.23.2.jar:/Users/robbetiteca/Library/Caches/Coursier/v1/https/repo1.maven.org/maven2/org/slf4j/slf4j-simple/2.0.5/slf4j-simple-2.0.5.jar:/Users/robbetiteca/Library/Caches/Coursier/v1/https/repo1.maven.org/maven2/com/github/oshi/oshi-core/6.4.0/oshi-core-6.4.0.jar:/Users/robbetiteca/Library/Caches/Coursier/v1/https/repo1.maven.org/maven2/org/scala-lang/modules/scala-xml_2.12/2.1.0/scala-xml_2.12-2.1.0.jar:/Users/robbetiteca/Library/Caches/Coursier/v1/https/repo1.maven.org/maven2/org/slf4j/slf4j-api/2.0.5/slf4j-api-2.0.5.jar:/Users/robbetiteca/Library/Caches/Coursier/v1/https/repo1.maven.org/maven2/net/java/dev/jna/jna/5.12.1/jna-5.12.1.jar:/Users/robbetiteca/Library/Caches/Coursier/v1/https/repo1.maven.org/maven2/net/java/dev/jna/jna-platform/5.12.1/jna-platform-5.12.1.jar -Xplugin-require:semanticdb -Yrangepos -Ymacro-expand:discard -Ycache-plugin-class-loader:last-modified -Ypresentation-any-thread

  last tree to typer: TypeTree(<refinement of spinal.core.Area>)
       tree position: line 108 of file:///Users/robbetiteca/projects/school/thesis/ecosystem-randomized-cache/core/src/main/scala/riscv/plugins/Cache.scala
            tree tpe: spinal.core.Area{val rngService: riscv.RngService; val rng: riscv.RngIo}
              symbol: <refinement of spinal.core.Area>
   symbol definition: class <refinement> extends Area (a RefinementClassSymbol)
      symbol package: riscv.plugins
       symbol owners: <refinement of spinal.core.Area> -> value cacheArea -> method connect -> class Cache
           call site: <none> in <none>

== Source file context for tree position ==

   105   }
   106 
   107   private def connect(_s: Stage, internal: MemBus, external: MemBus): Unit = {
   108     val cacheArea = pipeline plug new Area {
   109       val rngService = pipeline.service[RngService]
   110       val rng = new RngIo
   111       rng.rdata_request := False // TODO: This should be handled by isSlave!! (full report at: "/Users/robbetiteca/projects/school/thesis/ecosystem-randomized-cache/.metals/.reports/metals-full/2026-05-06/r_compiler-error_(core)_16-35-48-967.md")
May 06, 2026 4:35:50 PM scala.meta.internal.pc.CompilerAccess retryWithCleanCompiler
INFO: compiler crashed due to an error in the Scala compiler, retrying with new compiler instance.
2026.05.06 16:35:50 INFO  Created report: Optional[file:///Users/robbetiteca/projects/school/thesis/ecosystem-randomized-cache/core/src/main/scala/riscv/plugins/Cache.scala]
2026.05.06 16:35:50 INFO  scala.reflect.internal.FatalError: 
  ThisType(value $anonfun) for sym which is not a class
     while compiling: file:///Users/robbetiteca/projects/school/thesis/ecosystem-randomized-cache/core/src/main/scala/riscv/plugins/Cache.scala
        during phase: globalPhase=<no phase>, enteringPhase=parser
     library version: version 2.12.20
    compiler version: version 2.12.18
  reconstructed args: -classpath /Users/robbetiteca/projects/school/thesis/ecosystem-randomized-cache/core/.bloop/core/bloop-bsp-clients-classes/classes-Metals-3EER-df6QfWC-_MqQZNAmg==:/Users/robbetiteca/Library/Caches/bloop/semanticdb/com.sourcegraph.semanticdb-javac.0.11.2/semanticdb-javac-0.11.2.jar:/Users/robbetiteca/Library/Caches/Coursier/v1/https/repo1.maven.org/maven2/org/scala-lang/scala-library/2.12.18/scala-library-2.12.18.jar:/Users/robbetiteca/Library/Caches/Coursier/v1/https/repo1.maven.org/maven2/com/github/spinalhdl/spinalhdl-core_2.12/1.13.0/spinalhdl-core_2.12-1.13.0.jar:/Users/robbetiteca/Library/Caches/Coursier/v1/https/repo1.maven.org/maven2/com/github/spinalhdl/spinalhdl-lib_2.12/1.13.0/spinalhdl-lib_2.12-1.13.0.jar:/Users/robbetiteca/Library/Caches/Coursier/v1/https/repo1.maven.org/maven2/com/github/spinalhdl/spinalhdl-idsl-plugin_2.12/1.13.0/spinalhdl-idsl-plugin_2.12-1.13.0.jar:/Users/robbetiteca/Library/Caches/Coursier/v1/https/repo1.maven.org/maven2/com/github/spinalhdl/spinalhdl-sim_2.12/1.13.0/spinalhdl-sim_2.12-1.13.0.jar:/Users/robbetiteca/Library/Caches/Coursier/v1/https/repo1.maven.org/maven2/org/scalactic/scalactic_2.12/3.2.10/scalactic_2.12-3.2.10.jar:/Users/robbetiteca/Library/Caches/Coursier/v1/https/repo1.maven.org/maven2/org/scala-lang/scala-reflect/2.12.18/scala-reflect-2.12.18.jar:/Users/robbetiteca/Library/Caches/Coursier/v1/https/repo1.maven.org/maven2/com/github/scopt/scopt_2.12/4.1.0/scopt_2.12-4.1.0.jar:/Users/robbetiteca/Library/Caches/Coursier/v1/https/repo1.maven.org/maven2/com/lihaoyi/sourcecode_2.12/0.3.0/sourcecode_2.12-0.3.0.jar:/Users/robbetiteca/Library/Caches/Coursier/v1/https/repo1.maven.org/maven2/commons-io/commons-io/2.11.0/commons-io-2.11.0.jar:/Users/robbetiteca/Library/Caches/Coursier/v1/https/repo1.maven.org/maven2/org/scala-lang/scala-compiler/2.12.18/scala-compiler-2.12.18.jar:/Users/robbetiteca/Library/Caches/Coursier/v1/https/repo1.maven.org/maven2/com/github/spinalhdl/spinalhdl-idsl-payload_2.12/1.13.0/spinalhdl-idsl-payload_2.12-1.13.0.jar:/Users/robbetiteca/Library/Caches/Coursier/v1/https/repo1.maven.org/maven2/net/openhft/affinity/3.23.2/affinity-3.23.2.jar:/Users/robbetiteca/Library/Caches/Coursier/v1/https/repo1.maven.org/maven2/org/slf4j/slf4j-simple/2.0.5/slf4j-simple-2.0.5.jar:/Users/robbetiteca/Library/Caches/Coursier/v1/https/repo1.maven.org/maven2/com/github/oshi/oshi-core/6.4.0/oshi-core-6.4.0.jar:/Users/robbetiteca/Library/Caches/Coursier/v1/https/repo1.maven.org/maven2/org/scala-lang/modules/scala-xml_2.12/2.1.0/scala-xml_2.12-2.1.0.jar:/Users/robbetiteca/Library/Caches/Coursier/v1/https/repo1.maven.org/maven2/org/slf4j/slf4j-api/2.0.5/slf4j-api-2.0.5.jar:/Users/robbetiteca/Library/Caches/Coursier/v1/https/repo1.maven.org/maven2/net/java/dev/jna/jna/5.12.1/jna-5.12.1.jar:/Users/robbetiteca/Library/Caches/Coursier/v1/https/repo1.maven.org/maven2/net/java/dev/jna/jna-platform/5.12.1/jna-platform-5.12.1.jar -Xplugin-require:semanticdb -Yrangepos -Ymacro-expand:discard -Ycache-plugin-class-loader:last-modified -Ypresentation-any-thread

  last tree to typer: TypeTree(<refinement of spinal.core.Area>)
       tree position: line 108 of file:///Users/robbetiteca/projects/school/thesis/ecosystem-randomized-cache/core/src/main/scala/riscv/plugins/Cache.scala
            tree tpe: spinal.core.Area{val rngService: riscv.RngService; val rng: riscv.RngIo}
              symbol: <refinement of spinal.core.Area>
   symbol definition: class <refinement> extends Area (a RefinementClassSymbol)
      symbol package: riscv.plugins
       symbol owners: <refinement of spinal.core.Area> -> value cacheArea -> method connect -> class Cache
           call site: <none> in <none>

== Source file context for tree position ==

   105   }
   106 
   107   private def connect(_s: Stage, internal: MemBus, external: MemBus): Unit = {
   108     val cacheArea = pipeline plug new Area {
   109       val rngService = pipeline.service[RngService]
   110       val rng = new RngIo
   111       rng.rdata_request := False // TODO: This should be handled by isSlave!! (full report at: "/Users/robbetiteca/projects/school/thesis/ecosystem-randomized-cache/.metals/.reports/metals-full/2026-05-06/r_compiler-error_(core)_16-35-50-726.md")
May 06, 2026 4:35:51 PM scala.meta.internal.pc.CompilerAccess retryWithCleanCompiler
INFO: compiler crashed due to an error in the Scala compiler, retrying with new compiler instance.
2026.05.06 16:35:50 INFO  Created report: Optional[file:///Users/robbetiteca/projects/school/thesis/ecosystem-randomized-cache/core/src/main/scala/riscv/plugins/Cache.scala]
2026.05.06 16:35:50 INFO  scala.reflect.internal.FatalError: 
  ThisType(value $anonfun) for sym which is not a class
     while compiling: file:///Users/robbetiteca/projects/school/thesis/ecosystem-randomized-cache/core/src/main/scala/riscv/plugins/Cache.scala
        during phase: globalPhase=<no phase>, enteringPhase=parser
     library version: version 2.12.20
    compiler version: version 2.12.18
  reconstructed args: -classpath /Users/robbetiteca/projects/school/thesis/ecosystem-randomized-cache/core/.bloop/core/bloop-bsp-clients-classes/classes-Metals-3EER-df6QfWC-_MqQZNAmg==:/Users/robbetiteca/Library/Caches/bloop/semanticdb/com.sourcegraph.semanticdb-javac.0.11.2/semanticdb-javac-0.11.2.jar:/Users/robbetiteca/Library/Caches/Coursier/v1/https/repo1.maven.org/maven2/org/scala-lang/scala-library/2.12.18/scala-library-2.12.18.jar:/Users/robbetiteca/Library/Caches/Coursier/v1/https/repo1.maven.org/maven2/com/github/spinalhdl/spinalhdl-core_2.12/1.13.0/spinalhdl-core_2.12-1.13.0.jar:/Users/robbetiteca/Library/Caches/Coursier/v1/https/repo1.maven.org/maven2/com/github/spinalhdl/spinalhdl-lib_2.12/1.13.0/spinalhdl-lib_2.12-1.13.0.jar:/Users/robbetiteca/Library/Caches/Coursier/v1/https/repo1.maven.org/maven2/com/github/spinalhdl/spinalhdl-idsl-plugin_2.12/1.13.0/spinalhdl-idsl-plugin_2.12-1.13.0.jar:/Users/robbetiteca/Library/Caches/Coursier/v1/https/repo1.maven.org/maven2/com/github/spinalhdl/spinalhdl-sim_2.12/1.13.0/spinalhdl-sim_2.12-1.13.0.jar:/Users/robbetiteca/Library/Caches/Coursier/v1/https/repo1.maven.org/maven2/org/scalactic/scalactic_2.12/3.2.10/scalactic_2.12-3.2.10.jar:/Users/robbetiteca/Library/Caches/Coursier/v1/https/repo1.maven.org/maven2/org/scala-lang/scala-reflect/2.12.18/scala-reflect-2.12.18.jar:/Users/robbetiteca/Library/Caches/Coursier/v1/https/repo1.maven.org/maven2/com/github/scopt/scopt_2.12/4.1.0/scopt_2.12-4.1.0.jar:/Users/robbetiteca/Library/Caches/Coursier/v1/https/repo1.maven.org/maven2/com/lihaoyi/sourcecode_2.12/0.3.0/sourcecode_2.12-0.3.0.jar:/Users/robbetiteca/Library/Caches/Coursier/v1/https/repo1.maven.org/maven2/commons-io/commons-io/2.11.0/commons-io-2.11.0.jar:/Users/robbetiteca/Library/Caches/Coursier/v1/https/repo1.maven.org/maven2/org/scala-lang/scala-compiler/2.12.18/scala-compiler-2.12.18.jar:/Users/robbetiteca/Library/Caches/Coursier/v1/https/repo1.maven.org/maven2/com/github/spinalhdl/spinalhdl-idsl-payload_2.12/1.13.0/spinalhdl-idsl-payload_2.12-1.13.0.jar:/Users/robbetiteca/Library/Caches/Coursier/v1/https/repo1.maven.org/maven2/net/openhft/affinity/3.23.2/affinity-3.23.2.jar:/Users/robbetiteca/Library/Caches/Coursier/v1/https/repo1.maven.org/maven2/org/slf4j/slf4j-simple/2.0.5/slf4j-simple-2.0.5.jar:/Users/robbetiteca/Library/Caches/Coursier/v1/https/repo1.maven.org/maven2/com/github/oshi/oshi-core/6.4.0/oshi-core-6.4.0.jar:/Users/robbetiteca/Library/Caches/Coursier/v1/https/repo1.maven.org/maven2/org/scala-lang/modules/scala-xml_2.12/2.1.0/scala-xml_2.12-2.1.0.jar:/Users/robbetiteca/Library/Caches/Coursier/v1/https/repo1.maven.org/maven2/org/slf4j/slf4j-api/2.0.5/slf4j-api-2.0.5.jar:/Users/robbetiteca/Library/Caches/Coursier/v1/https/repo1.maven.org/maven2/net/java/dev/jna/jna/5.12.1/jna-5.12.1.jar:/Users/robbetiteca/Library/Caches/Coursier/v1/https/repo1.maven.org/maven2/net/java/dev/jna/jna-platform/5.12.1/jna-platform-5.12.1.jar -Xplugin-require:semanticdb -Yrangepos -Ymacro-expand:discard -Ycache-plugin-class-loader:last-modified -Ypresentation-any-thread

  last tree to typer: TypeTree(<refinement of spinal.core.Area>)
       tree position: line 108 of file:///Users/robbetiteca/projects/school/thesis/ecosystem-randomized-cache/core/src/main/scala/riscv/plugins/Cache.scala
            tree tpe: spinal.core.Area{val rngService: riscv.RngService; val rng: riscv.RngIo}
              symbol: <refinement of spinal.core.Area>
   symbol definition: class <refinement> extends Area (a RefinementClassSymbol)
      symbol package: riscv.plugins
       symbol owners: <refinement of spinal.core.Area> -> value cacheArea -> method connect -> class Cache
           call site: <none> in <none>

== Source file context for tree position ==

   105   }
   106 
   107   private def connect(_s: Stage, internal: MemBus, external: MemBus): Unit = {
   108     val cacheArea = pipeline plug new Area {
   109       val rngService = pipeline.service[RngService]
   110       val rng = new RngIo
   111       rng.rdata_request := False // TODO: This should be handled by isSlave!! (full report at: "/Users/robbetiteca/projects/school/thesis/ecosystem-randomized-cache/.metals/.reports/metals-full/2026-05-06/r_compiler-error_(core)_16-35-51-619.md")
May 06, 2026 4:35:51 PM scala.meta.internal.pc.CompilerAccess retryWithCleanCompiler
INFO: compiler crashed due to an error in the Scala compiler, retrying with new compiler instance.
2026.05.06 16:35:51 INFO  Created report: Optional[file:///Users/robbetiteca/projects/school/thesis/ecosystem-randomized-cache/core/src/main/scala/riscv/plugins/Cache.scala]
2026.05.06 16:35:51 INFO  scala.reflect.internal.FatalError: 
  ThisType(value $anonfun) for sym which is not a class
     while compiling: file:///Users/robbetiteca/projects/school/thesis/ecosystem-randomized-cache/core/src/main/scala/riscv/plugins/Cache.scala
        during phase: globalPhase=<no phase>, enteringPhase=parser
     library version: version 2.12.20
    compiler version: version 2.12.18
  reconstructed args: -classpath /Users/robbetiteca/projects/school/thesis/ecosystem-randomized-cache/core/.bloop/core/bloop-bsp-clients-classes/classes-Metals-3EER-df6QfWC-_MqQZNAmg==:/Users/robbetiteca/Library/Caches/bloop/semanticdb/com.sourcegraph.semanticdb-javac.0.11.2/semanticdb-javac-0.11.2.jar:/Users/robbetiteca/Library/Caches/Coursier/v1/https/repo1.maven.org/maven2/org/scala-lang/scala-library/2.12.18/scala-library-2.12.18.jar:/Users/robbetiteca/Library/Caches/Coursier/v1/https/repo1.maven.org/maven2/com/github/spinalhdl/spinalhdl-core_2.12/1.13.0/spinalhdl-core_2.12-1.13.0.jar:/Users/robbetiteca/Library/Caches/Coursier/v1/https/repo1.maven.org/maven2/com/github/spinalhdl/spinalhdl-lib_2.12/1.13.0/spinalhdl-lib_2.12-1.13.0.jar:/Users/robbetiteca/Library/Caches/Coursier/v1/https/repo1.maven.org/maven2/com/github/spinalhdl/spinalhdl-idsl-plugin_2.12/1.13.0/spinalhdl-idsl-plugin_2.12-1.13.0.jar:/Users/robbetiteca/Library/Caches/Coursier/v1/https/repo1.maven.org/maven2/com/github/spinalhdl/spinalhdl-sim_2.12/1.13.0/spinalhdl-sim_2.12-1.13.0.jar:/Users/robbetiteca/Library/Caches/Coursier/v1/https/repo1.maven.org/maven2/org/scalactic/scalactic_2.12/3.2.10/scalactic_2.12-3.2.10.jar:/Users/robbetiteca/Library/Caches/Coursier/v1/https/repo1.maven.org/maven2/org/scala-lang/scala-reflect/2.12.18/scala-reflect-2.12.18.jar:/Users/robbetiteca/Library/Caches/Coursier/v1/https/repo1.maven.org/maven2/com/github/scopt/scopt_2.12/4.1.0/scopt_2.12-4.1.0.jar:/Users/robbetiteca/Library/Caches/Coursier/v1/https/repo1.maven.org/maven2/com/lihaoyi/sourcecode_2.12/0.3.0/sourcecode_2.12-0.3.0.jar:/Users/robbetiteca/Library/Caches/Coursier/v1/https/repo1.maven.org/maven2/commons-io/commons-io/2.11.0/commons-io-2.11.0.jar:/Users/robbetiteca/Library/Caches/Coursier/v1/https/repo1.maven.org/maven2/org/scala-lang/scala-compiler/2.12.18/scala-compiler-2.12.18.jar:/Users/robbetiteca/Library/Caches/Coursier/v1/https/repo1.maven.org/maven2/com/github/spinalhdl/spinalhdl-idsl-payload_2.12/1.13.0/spinalhdl-idsl-payload_2.12-1.13.0.jar:/Users/robbetiteca/Library/Caches/Coursier/v1/https/repo1.maven.org/maven2/net/openhft/affinity/3.23.2/affinity-3.23.2.jar:/Users/robbetiteca/Library/Caches/Coursier/v1/https/repo1.maven.org/maven2/org/slf4j/slf4j-simple/2.0.5/slf4j-simple-2.0.5.jar:/Users/robbetiteca/Library/Caches/Coursier/v1/https/repo1.maven.org/maven2/com/github/oshi/oshi-core/6.4.0/oshi-core-6.4.0.jar:/Users/robbetiteca/Library/Caches/Coursier/v1/https/repo1.maven.org/maven2/org/scala-lang/modules/scala-xml_2.12/2.1.0/scala-xml_2.12-2.1.0.jar:/Users/robbetiteca/Library/Caches/Coursier/v1/https/repo1.maven.org/maven2/org/slf4j/slf4j-api/2.0.5/slf4j-api-2.0.5.jar:/Users/robbetiteca/Library/Caches/Coursier/v1/https/repo1.maven.org/maven2/net/java/dev/jna/jna/5.12.1/jna-5.12.1.jar:/Users/robbetiteca/Library/Caches/Coursier/v1/https/repo1.maven.org/maven2/net/java/dev/jna/jna-platform/5.12.1/jna-platform-5.12.1.jar -Xplugin-require:semanticdb -Yrangepos -Ymacro-expand:discard -Ycache-plugin-class-loader:last-modified -Ypresentation-any-thread

  last tree to typer: TypeTree(<refinement of spinal.core.Area>)
       tree position: line 108 of file:///Users/robbetiteca/projects/school/thesis/ecosystem-randomized-cache/core/src/main/scala/riscv/plugins/Cache.scala
            tree tpe: spinal.core.Area{val rngService: riscv.RngService; val rng: riscv.RngIo}
              symbol: <refinement of spinal.core.Area>
   symbol definition: class <refinement> extends Area (a RefinementClassSymbol)
      symbol package: riscv.plugins
       symbol owners: <refinement of spinal.core.Area> -> value cacheArea -> method connect -> class Cache
           call site: <none> in <none>

== Source file context for tree position ==

   105   }
   106 
   107   private def connect(_s: Stage, internal: MemBus, external: MemBus): Unit = {
   108     val cacheArea = pipeline plug new Area {
   109       val rngService = pipeline.service[RngService]
   110       val rng = new RngIo
   111       rng.rdata_request := False // TODO: This should be handled by isSlave!! (full report at: "/Users/robbetiteca/projects/school/thesis/ecosystem-randomized-cache/.metals/.reports/metals-full/2026-05-06/r_compiler-error_(core)_16-35-51-752.md")
May 06, 2026 4:35:51 PM scala.meta.internal.pc.CompilerAccess retryWithCleanCompiler
INFO: compiler crashed due to an error in the Scala compiler, retrying with new compiler instance.
2026.05.06 16:35:51 INFO  Created report: Optional[file:///Users/robbetiteca/projects/school/thesis/ecosystem-randomized-cache/core/src/main/scala/riscv/plugins/Cache.scala]
2026.05.06 16:35:51 INFO  scala.reflect.internal.FatalError: 
  ThisType(value $anonfun) for sym which is not a class
     while compiling: file:///Users/robbetiteca/projects/school/thesis/ecosystem-randomized-cache/core/src/main/scala/riscv/plugins/Cache.scala
        during phase: globalPhase=<no phase>, enteringPhase=parser
     library version: version 2.12.20
    compiler version: version 2.12.18
  reconstructed args: -classpath /Users/robbetiteca/projects/school/thesis/ecosystem-randomized-cache/core/.bloop/core/bloop-bsp-clients-classes/classes-Metals-3EER-df6QfWC-_MqQZNAmg==:/Users/robbetiteca/Library/Caches/bloop/semanticdb/com.sourcegraph.semanticdb-javac.0.11.2/semanticdb-javac-0.11.2.jar:/Users/robbetiteca/Library/Caches/Coursier/v1/https/repo1.maven.org/maven2/org/scala-lang/scala-library/2.12.18/scala-library-2.12.18.jar:/Users/robbetiteca/Library/Caches/Coursier/v1/https/repo1.maven.org/maven2/com/github/spinalhdl/spinalhdl-core_2.12/1.13.0/spinalhdl-core_2.12-1.13.0.jar:/Users/robbetiteca/Library/Caches/Coursier/v1/https/repo1.maven.org/maven2/com/github/spinalhdl/spinalhdl-lib_2.12/1.13.0/spinalhdl-lib_2.12-1.13.0.jar:/Users/robbetiteca/Library/Caches/Coursier/v1/https/repo1.maven.org/maven2/com/github/spinalhdl/spinalhdl-idsl-plugin_2.12/1.13.0/spinalhdl-idsl-plugin_2.12-1.13.0.jar:/Users/robbetiteca/Library/Caches/Coursier/v1/https/repo1.maven.org/maven2/com/github/spinalhdl/spinalhdl-sim_2.12/1.13.0/spinalhdl-sim_2.12-1.13.0.jar:/Users/robbetiteca/Library/Caches/Coursier/v1/https/repo1.maven.org/maven2/org/scalactic/scalactic_2.12/3.2.10/scalactic_2.12-3.2.10.jar:/Users/robbetiteca/Library/Caches/Coursier/v1/https/repo1.maven.org/maven2/org/scala-lang/scala-reflect/2.12.18/scala-reflect-2.12.18.jar:/Users/robbetiteca/Library/Caches/Coursier/v1/https/repo1.maven.org/maven2/com/github/scopt/scopt_2.12/4.1.0/scopt_2.12-4.1.0.jar:/Users/robbetiteca/Library/Caches/Coursier/v1/https/repo1.maven.org/maven2/com/lihaoyi/sourcecode_2.12/0.3.0/sourcecode_2.12-0.3.0.jar:/Users/robbetiteca/Library/Caches/Coursier/v1/https/repo1.maven.org/maven2/commons-io/commons-io/2.11.0/commons-io-2.11.0.jar:/Users/robbetiteca/Library/Caches/Coursier/v1/https/repo1.maven.org/maven2/org/scala-lang/scala-compiler/2.12.18/scala-compiler-2.12.18.jar:/Users/robbetiteca/Library/Caches/Coursier/v1/https/repo1.maven.org/maven2/com/github/spinalhdl/spinalhdl-idsl-payload_2.12/1.13.0/spinalhdl-idsl-payload_2.12-1.13.0.jar:/Users/robbetiteca/Library/Caches/Coursier/v1/https/repo1.maven.org/maven2/net/openhft/affinity/3.23.2/affinity-3.23.2.jar:/Users/robbetiteca/Library/Caches/Coursier/v1/https/repo1.maven.org/maven2/org/slf4j/slf4j-simple/2.0.5/slf4j-simple-2.0.5.jar:/Users/robbetiteca/Library/Caches/Coursier/v1/https/repo1.maven.org/maven2/com/github/oshi/oshi-core/6.4.0/oshi-core-6.4.0.jar:/Users/robbetiteca/Library/Caches/Coursier/v1/https/repo1.maven.org/maven2/org/scala-lang/modules/scala-xml_2.12/2.1.0/scala-xml_2.12-2.1.0.jar:/Users/robbetiteca/Library/Caches/Coursier/v1/https/repo1.maven.org/maven2/org/slf4j/slf4j-api/2.0.5/slf4j-api-2.0.5.jar:/Users/robbetiteca/Library/Caches/Coursier/v1/https/repo1.maven.org/maven2/net/java/dev/jna/jna/5.12.1/jna-5.12.1.jar:/Users/robbetiteca/Library/Caches/Coursier/v1/https/repo1.maven.org/maven2/net/java/dev/jna/jna-platform/5.12.1/jna-platform-5.12.1.jar -Xplugin-require:semanticdb -Yrangepos -Ymacro-expand:discard -Ycache-plugin-class-loader:last-modified -Ypresentation-any-thread

  last tree to typer: TypeTree(<refinement of spinal.core.Area>)
       tree position: line 108 of file:///Users/robbetiteca/projects/school/thesis/ecosystem-randomized-cache/core/src/main/scala/riscv/plugins/Cache.scala
            tree tpe: spinal.core.Area{val rngService: riscv.RngService; val rng: riscv.RngIo}
              symbol: <refinement of spinal.core.Area>
   symbol definition: class <refinement> extends Area (a RefinementClassSymbol)
      symbol package: riscv.plugins
       symbol owners: <refinement of spinal.core.Area> -> value cacheArea -> method connect -> class Cache
           call site: <none> in <none>

== Source file context for tree position ==

   105   }
   106 
   107   private def connect(_s: Stage, internal: MemBus, external: MemBus): Unit = {
   108     val cacheArea = pipeline plug new Area {
   109       val rngService = pipeline.service[RngService]
   110       val rng = new RngIo
   111       rng.rdata_request := False // TODO: This should be handled by isSlave!! (full report at: "/Users/robbetiteca/projects/school/thesis/ecosystem-randomized-cache/.metals/.reports/metals-full/2026-05-06/r_compiler-error_(core)_16-35-51-895.md")
May 06, 2026 4:35:52 PM scala.meta.internal.pc.CompilerAccess retryWithCleanCompiler
INFO: compiler crashed due to an error in the Scala compiler, retrying with new compiler instance.
2026.05.06 16:35:51 INFO  Created report: Optional[file:///Users/robbetiteca/projects/school/thesis/ecosystem-randomized-cache/core/src/main/scala/riscv/plugins/Cache.scala]
2026.05.06 16:35:51 INFO  scala.reflect.internal.FatalError: 
  ThisType(value $anonfun) for sym which is not a class
     while compiling: file:///Users/robbetiteca/projects/school/thesis/ecosystem-randomized-cache/core/src/main/scala/riscv/plugins/Cache.scala
        during phase: globalPhase=<no phase>, enteringPhase=parser
     library version: version 2.12.20
    compiler version: version 2.12.18
  reconstructed args: -classpath /Users/robbetiteca/projects/school/thesis/ecosystem-randomized-cache/core/.bloop/core/bloop-bsp-clients-classes/classes-Metals-3EER-df6QfWC-_MqQZNAmg==:/Users/robbetiteca/Library/Caches/bloop/semanticdb/com.sourcegraph.semanticdb-javac.0.11.2/semanticdb-javac-0.11.2.jar:/Users/robbetiteca/Library/Caches/Coursier/v1/https/repo1.maven.org/maven2/org/scala-lang/scala-library/2.12.18/scala-library-2.12.18.jar:/Users/robbetiteca/Library/Caches/Coursier/v1/https/repo1.maven.org/maven2/com/github/spinalhdl/spinalhdl-core_2.12/1.13.0/spinalhdl-core_2.12-1.13.0.jar:/Users/robbetiteca/Library/Caches/Coursier/v1/https/repo1.maven.org/maven2/com/github/spinalhdl/spinalhdl-lib_2.12/1.13.0/spinalhdl-lib_2.12-1.13.0.jar:/Users/robbetiteca/Library/Caches/Coursier/v1/https/repo1.maven.org/maven2/com/github/spinalhdl/spinalhdl-idsl-plugin_2.12/1.13.0/spinalhdl-idsl-plugin_2.12-1.13.0.jar:/Users/robbetiteca/Library/Caches/Coursier/v1/https/repo1.maven.org/maven2/com/github/spinalhdl/spinalhdl-sim_2.12/1.13.0/spinalhdl-sim_2.12-1.13.0.jar:/Users/robbetiteca/Library/Caches/Coursier/v1/https/repo1.maven.org/maven2/org/scalactic/scalactic_2.12/3.2.10/scalactic_2.12-3.2.10.jar:/Users/robbetiteca/Library/Caches/Coursier/v1/https/repo1.maven.org/maven2/org/scala-lang/scala-reflect/2.12.18/scala-reflect-2.12.18.jar:/Users/robbetiteca/Library/Caches/Coursier/v1/https/repo1.maven.org/maven2/com/github/scopt/scopt_2.12/4.1.0/scopt_2.12-4.1.0.jar:/Users/robbetiteca/Library/Caches/Coursier/v1/https/repo1.maven.org/maven2/com/lihaoyi/sourcecode_2.12/0.3.0/sourcecode_2.12-0.3.0.jar:/Users/robbetiteca/Library/Caches/Coursier/v1/https/repo1.maven.org/maven2/commons-io/commons-io/2.11.0/commons-io-2.11.0.jar:/Users/robbetiteca/Library/Caches/Coursier/v1/https/repo1.maven.org/maven2/org/scala-lang/scala-compiler/2.12.18/scala-compiler-2.12.18.jar:/Users/robbetiteca/Library/Caches/Coursier/v1/https/repo1.maven.org/maven2/com/github/spinalhdl/spinalhdl-idsl-payload_2.12/1.13.0/spinalhdl-idsl-payload_2.12-1.13.0.jar:/Users/robbetiteca/Library/Caches/Coursier/v1/https/repo1.maven.org/maven2/net/openhft/affinity/3.23.2/affinity-3.23.2.jar:/Users/robbetiteca/Library/Caches/Coursier/v1/https/repo1.maven.org/maven2/org/slf4j/slf4j-simple/2.0.5/slf4j-simple-2.0.5.jar:/Users/robbetiteca/Library/Caches/Coursier/v1/https/repo1.maven.org/maven2/com/github/oshi/oshi-core/6.4.0/oshi-core-6.4.0.jar:/Users/robbetiteca/Library/Caches/Coursier/v1/https/repo1.maven.org/maven2/org/scala-lang/modules/scala-xml_2.12/2.1.0/scala-xml_2.12-2.1.0.jar:/Users/robbetiteca/Library/Caches/Coursier/v1/https/repo1.maven.org/maven2/org/slf4j/slf4j-api/2.0.5/slf4j-api-2.0.5.jar:/Users/robbetiteca/Library/Caches/Coursier/v1/https/repo1.maven.org/maven2/net/java/dev/jna/jna/5.12.1/jna-5.12.1.jar:/Users/robbetiteca/Library/Caches/Coursier/v1/https/repo1.maven.org/maven2/net/java/dev/jna/jna-platform/5.12.1/jna-platform-5.12.1.jar -Xplugin-require:semanticdb -Yrangepos -Ymacro-expand:discard -Ycache-plugin-class-loader:last-modified -Ypresentation-any-thread

  last tree to typer: TypeTree(<refinement of spinal.core.Area>)
       tree position: line 108 of file:///Users/robbetiteca/projects/school/thesis/ecosystem-randomized-cache/core/src/main/scala/riscv/plugins/Cache.scala
            tree tpe: spinal.core.Area{val rngService: riscv.RngService; val rng: riscv.RngIo}
              symbol: <refinement of spinal.core.Area>
   symbol definition: class <refinement> extends Area (a RefinementClassSymbol)
      symbol package: riscv.plugins
       symbol owners: <refinement of spinal.core.Area> -> value cacheArea -> method connect -> class Cache
           call site: <none> in <none>

== Source file context for tree position ==

   105   }
   106 
   107   private def connect(_s: Stage, internal: MemBus, external: MemBus): Unit = {
   108     val cacheArea = pipeline plug new Area {
   109       val rngService = pipeline.service[RngService]
   110       val rng = new RngIo
   111       rng.rdata_request := False // TODO: This should be handled by isSlave!! (full report at: "/Users/robbetiteca/projects/school/thesis/ecosystem-randomized-cache/.metals/.reports/metals-full/2026-05-06/r_compiler-error_(core)_16-35-52-304.md")
May 06, 2026 4:35:52 PM scala.meta.internal.pc.CompilerAccess retryWithCleanCompiler
INFO: compiler crashed due to an error in the Scala compiler, retrying with new compiler instance.
2026.05.06 16:35:52 INFO  Created report: Optional[file:///Users/robbetiteca/projects/school/thesis/ecosystem-randomized-cache/core/src/main/scala/riscv/plugins/Cache.scala]
2026.05.06 16:35:52 INFO  scala.reflect.internal.FatalError: 
  ThisType(value $anonfun) for sym which is not a class
     while compiling: file:///Users/robbetiteca/projects/school/thesis/ecosystem-randomized-cache/core/src/main/scala/riscv/plugins/Cache.scala
        during phase: globalPhase=<no phase>, enteringPhase=parser
     library version: version 2.12.20
    compiler version: version 2.12.18
  reconstructed args: -classpath /Users/robbetiteca/projects/school/thesis/ecosystem-randomized-cache/core/.bloop/core/bloop-bsp-clients-classes/classes-Metals-3EER-df6QfWC-_MqQZNAmg==:/Users/robbetiteca/Library/Caches/bloop/semanticdb/com.sourcegraph.semanticdb-javac.0.11.2/semanticdb-javac-0.11.2.jar:/Users/robbetiteca/Library/Caches/Coursier/v1/https/repo1.maven.org/maven2/org/scala-lang/scala-library/2.12.18/scala-library-2.12.18.jar:/Users/robbetiteca/Library/Caches/Coursier/v1/https/repo1.maven.org/maven2/com/github/spinalhdl/spinalhdl-core_2.12/1.13.0/spinalhdl-core_2.12-1.13.0.jar:/Users/robbetiteca/Library/Caches/Coursier/v1/https/repo1.maven.org/maven2/com/github/spinalhdl/spinalhdl-lib_2.12/1.13.0/spinalhdl-lib_2.12-1.13.0.jar:/Users/robbetiteca/Library/Caches/Coursier/v1/https/repo1.maven.org/maven2/com/github/spinalhdl/spinalhdl-idsl-plugin_2.12/1.13.0/spinalhdl-idsl-plugin_2.12-1.13.0.jar:/Users/robbetiteca/Library/Caches/Coursier/v1/https/repo1.maven.org/maven2/com/github/spinalhdl/spinalhdl-sim_2.12/1.13.0/spinalhdl-sim_2.12-1.13.0.jar:/Users/robbetiteca/Library/Caches/Coursier/v1/https/repo1.maven.org/maven2/org/scalactic/scalactic_2.12/3.2.10/scalactic_2.12-3.2.10.jar:/Users/robbetiteca/Library/Caches/Coursier/v1/https/repo1.maven.org/maven2/org/scala-lang/scala-reflect/2.12.18/scala-reflect-2.12.18.jar:/Users/robbetiteca/Library/Caches/Coursier/v1/https/repo1.maven.org/maven2/com/github/scopt/scopt_2.12/4.1.0/scopt_2.12-4.1.0.jar:/Users/robbetiteca/Library/Caches/Coursier/v1/https/repo1.maven.org/maven2/com/lihaoyi/sourcecode_2.12/0.3.0/sourcecode_2.12-0.3.0.jar:/Users/robbetiteca/Library/Caches/Coursier/v1/https/repo1.maven.org/maven2/commons-io/commons-io/2.11.0/commons-io-2.11.0.jar:/Users/robbetiteca/Library/Caches/Coursier/v1/https/repo1.maven.org/maven2/org/scala-lang/scala-compiler/2.12.18/scala-compiler-2.12.18.jar:/Users/robbetiteca/Library/Caches/Coursier/v1/https/repo1.maven.org/maven2/com/github/spinalhdl/spinalhdl-idsl-payload_2.12/1.13.0/spinalhdl-idsl-payload_2.12-1.13.0.jar:/Users/robbetiteca/Library/Caches/Coursier/v1/https/repo1.maven.org/maven2/net/openhft/affinity/3.23.2/affinity-3.23.2.jar:/Users/robbetiteca/Library/Caches/Coursier/v1/https/repo1.maven.org/maven2/org/slf4j/slf4j-simple/2.0.5/slf4j-simple-2.0.5.jar:/Users/robbetiteca/Library/Caches/Coursier/v1/https/repo1.maven.org/maven2/com/github/oshi/oshi-core/6.4.0/oshi-core-6.4.0.jar:/Users/robbetiteca/Library/Caches/Coursier/v1/https/repo1.maven.org/maven2/org/scala-lang/modules/scala-xml_2.12/2.1.0/scala-xml_2.12-2.1.0.jar:/Users/robbetiteca/Library/Caches/Coursier/v1/https/repo1.maven.org/maven2/org/slf4j/slf4j-api/2.0.5/slf4j-api-2.0.5.jar:/Users/robbetiteca/Library/Caches/Coursier/v1/https/repo1.maven.org/maven2/net/java/dev/jna/jna/5.12.1/jna-5.12.1.jar:/Users/robbetiteca/Library/Caches/Coursier/v1/https/repo1.maven.org/maven2/net/java/dev/jna/jna-platform/5.12.1/jna-platform-5.12.1.jar -Xplugin-require:semanticdb -Yrangepos -Ymacro-expand:discard -Ycache-plugin-class-loader:last-modified -Ypresentation-any-thread

  last tree to typer: TypeTree(<refinement of spinal.core.Area>)
       tree position: line 108 of file:///Users/robbetiteca/projects/school/thesis/ecosystem-randomized-cache/core/src/main/scala/riscv/plugins/Cache.scala
            tree tpe: spinal.core.Area{val rngService: riscv.RngService; val rng: riscv.RngIo}
              symbol: <refinement of spinal.core.Area>
   symbol definition: class <refinement> extends Area (a RefinementClassSymbol)
      symbol package: riscv.plugins
       symbol owners: <refinement of spinal.core.Area> -> value cacheArea -> method connect -> class Cache
           call site: <none> in <none>

== Source file context for tree position ==

   105   }
   106 
   107   private def connect(_s: Stage, internal: MemBus, external: MemBus): Unit = {
   108     val cacheArea = pipeline plug new Area {
   109       val rngService = pipeline.service[RngService]
   110       val rng = new RngIo
   111       rng.rdata_request := False // TODO: This should be handled by isSlave!! (full report at: "/Users/robbetiteca/projects/school/thesis/ecosystem-randomized-cache/.metals/.reports/metals-full/2026-05-06/r_compiler-error_(core)_16-35-52-792.md")
2026.05.06 16:35:52 INFO  compiling core (1 scala source)
2026.05.06 16:35:52 INFO  time: compiled core in 0.15s
2026.05.06 16:36:02 INFO  compiling core (1 scala source)
2026.05.06 16:36:02 INFO  time: compiled core in 0.13s
2026.05.06 16:36:39 INFO  compiling core (1 scala source)
2026.05.06 16:36:39 INFO  time: compiled core in 0.16s
2026.05.06 16:36:50 INFO  compiling core (1 scala source)
2026.05.06 16:36:50 INFO  time: compiled core in 57ms
2026.05.06 16:37:02 INFO  compiling core (1 scala source)
2026.05.06 16:37:02 INFO  time: compiled core in 52ms
2026.05.06 16:37:05 INFO  compiling core (1 scala source)
2026.05.06 16:37:05 INFO  time: compiled core in 0.14s
2026.05.06 16:38:11 INFO  Created report: Optional[file:///Users/robbetiteca/projects/school/thesis/ecosystem-randomized-cache/core/src/main/scala/riscv/plugins/Cache.scala]
2026.05.06 16:38:11 INFO  java.lang.StringIndexOutOfBoundsException: Range [6549, 6549 + -3) out of bounds for length 25016 (full report at: "/Users/robbetiteca/projects/school/thesis/ecosystem-randomized-cache/.metals/.reports/metals-full/2026-05-06/r_compiler-error_(core)_16-38-11-482.md")
2026.05.06 16:38:15 INFO  compiling core (1 scala source)
2026.05.06 16:38:15 INFO  time: compiled core in 0.14s
May 06, 2026 4:38:17 PM org.eclipse.lsp4j.jsonrpc.RemoteEndpoint handleCancellation
WARNING: Unmatched cancel notification for request id 12326
2026.05.06 16:38:18 INFO  compiling core (1 scala source)
2026.05.06 16:38:18 INFO  time: compiled core in 0.13s
2026.05.06 16:39:54 INFO  compiling core (1 scala source)
2026.05.06 16:39:54 INFO  time: compiled core in 57ms
2026.05.06 16:39:58 INFO  compiling core (1 scala source)
2026.05.06 16:39:58 INFO  time: compiled core in 47ms
2026.05.06 16:40:11 INFO  compiling core (1 scala source)
2026.05.06 16:40:11 INFO  time: compiled core in 0.13s
2026.05.06 16:42:21 INFO  compiling core (1 scala source)
2026.05.06 16:42:21 INFO  time: compiled core in 0.16s
2026.05.06 16:42:47 INFO  compiling core (1 scala source)
2026.05.06 16:42:47 INFO  time: compiled core in 0.12s
2026.05.06 16:43:54 INFO  compiling core (1 scala source)
2026.05.06 16:43:54 INFO  time: compiled core in 0.15s
2026.05.06 16:44:16 INFO  compiling core (1 scala source)
2026.05.06 16:44:16 INFO  time: compiled core in 49ms
2026.05.06 16:44:29 INFO  compiling core (1 scala source)
2026.05.06 16:44:29 INFO  time: compiled core in 0.14s
May 06, 2026 4:44:30 PM scala.meta.internal.pc.AutoImportsProvider$$anonfun$1 applyOrElse
WARNING: Could not infer edits for riscv.plugins.Cache, tree around the position were scala.reflect.internal.Trees$Ident,scala.reflect.internal.Trees$Apply,scala.reflect.internal.Trees$ValDef,scala.reflect.internal.Trees$Block,scala.reflect.internal.Trees$Function, auto import position was Some(AutoImportPosition(173,0,false))
May 06, 2026 4:44:32 PM scala.meta.internal.pc.AutoImportsProvider$$anonfun$1 applyOrElse
WARNING: Could not infer edits for riscv.plugins.Cache, tree around the position were scala.reflect.internal.Trees$Ident,scala.reflect.internal.Trees$Apply,scala.reflect.internal.Trees$ValDef,scala.reflect.internal.Trees$Block,scala.reflect.internal.Trees$Function, auto import position was Some(AutoImportPosition(173,0,false))
May 06, 2026 4:44:36 PM scala.meta.internal.pc.AutoImportsProvider$$anonfun$1 applyOrElse
WARNING: Could not infer edits for riscv.plugins.Cache, tree around the position were scala.reflect.internal.Trees$Ident,scala.reflect.internal.Trees$Apply,scala.reflect.internal.Trees$ValDef,scala.reflect.internal.Trees$Block,scala.reflect.internal.Trees$Function, auto import position was Some(AutoImportPosition(173,0,false))
2026.05.06 16:44:38 INFO  compiling core (1 scala source)
2026.05.06 16:44:38 INFO  time: compiled core in 55ms
2026.05.06 16:44:47 INFO  compiling core (1 scala source)
2026.05.06 16:44:47 INFO  time: compiled core in 0.12s
May 06, 2026 4:44:47 PM scala.meta.internal.pc.AutoImportsProvider$$anonfun$1 applyOrElse
WARNING: Could not infer edits for riscv.plugins.Cache, tree around the position were scala.reflect.internal.Trees$Ident,scala.reflect.internal.Trees$Apply,scala.reflect.internal.Trees$ValDef,scala.reflect.internal.Trees$Block,scala.reflect.internal.Trees$Function, auto import position was Some(AutoImportPosition(173,0,false))
May 06, 2026 4:44:47 PM scala.meta.internal.pc.AutoImportsProvider$$anonfun$1 applyOrElse
WARNING: Could not infer edits for riscv.plugins.Cache, tree around the position were scala.reflect.internal.Trees$Ident,scala.reflect.internal.Trees$Apply,scala.reflect.internal.Trees$ValDef,scala.reflect.internal.Trees$Block,scala.reflect.internal.Trees$Function, auto import position was Some(AutoImportPosition(173,0,false))
May 06, 2026 4:44:49 PM scala.meta.internal.pc.AutoImportsProvider$$anonfun$1 applyOrElse
WARNING: Could not infer edits for riscv.plugins.Cache, tree around the position were scala.reflect.internal.Trees$Ident,scala.reflect.internal.Trees$Apply,scala.reflect.internal.Trees$ValDef,scala.reflect.internal.Trees$Block,scala.reflect.internal.Trees$Function, auto import position was Some(AutoImportPosition(173,0,false))
May 06, 2026 4:44:52 PM scala.meta.internal.pc.AutoImportsProvider$$anonfun$1 applyOrElse
WARNING: Could not infer edits for riscv.plugins.Cache, tree around the position were scala.reflect.internal.Trees$Ident,scala.reflect.internal.Trees$Apply,scala.reflect.internal.Trees$ValDef,scala.reflect.internal.Trees$Block,scala.reflect.internal.Trees$Function, auto import position was Some(AutoImportPosition(173,0,false))
2026.05.06 16:44:53 INFO  compiling core (1 scala source)
2026.05.06 16:44:53 INFO  time: compiled core in 0.12s
May 06, 2026 4:44:53 PM scala.meta.internal.pc.AutoImportsProvider$$anonfun$1 applyOrElse
WARNING: Could not infer edits for riscv.plugins.Cache, tree around the position were scala.reflect.internal.Trees$Ident,scala.reflect.internal.Trees$Apply,scala.reflect.internal.Trees$ValDef,scala.reflect.internal.Trees$Block,scala.reflect.internal.Trees$Function, auto import position was Some(AutoImportPosition(173,0,false))
May 06, 2026 4:44:57 PM scala.meta.internal.pc.AutoImportsProvider$$anonfun$1 applyOrElse
WARNING: Could not infer edits for riscv.plugins.Cache, tree around the position were scala.reflect.internal.Trees$Ident,scala.reflect.internal.Trees$Apply,scala.reflect.internal.Trees$ValDef,scala.reflect.internal.Trees$Block,scala.reflect.internal.Trees$Function, auto import position was Some(AutoImportPosition(173,0,false))
May 06, 2026 4:44:57 PM scala.meta.internal.pc.AutoImportsProvider$$anonfun$1 applyOrElse
WARNING: Could not infer edits for riscv.plugins.Cache, tree around the position were scala.reflect.internal.Trees$Ident,scala.reflect.internal.Trees$Apply,scala.reflect.internal.Trees$ValDef,scala.reflect.internal.Trees$Block,scala.reflect.internal.Trees$Function, auto import position was Some(AutoImportPosition(173,0,false))
May 06, 2026 4:44:57 PM scala.meta.internal.pc.AutoImportsProvider$$anonfun$1 applyOrElse
WARNING: Could not infer edits for riscv.plugins.Cache, tree around the position were scala.reflect.internal.Trees$Ident,scala.reflect.internal.Trees$Apply,scala.reflect.internal.Trees$ValDef,scala.reflect.internal.Trees$Block,scala.reflect.internal.Trees$Function, auto import position was Some(AutoImportPosition(173,0,false))
May 06, 2026 4:45:07 PM scala.meta.internal.pc.AutoImportsProvider$$anonfun$1 applyOrElse
WARNING: Could not infer edits for riscv.plugins.Cache, tree around the position were scala.reflect.internal.Trees$Ident,scala.reflect.internal.Trees$Apply,scala.reflect.internal.Trees$ValDef,scala.reflect.internal.Trees$Block,scala.reflect.internal.Trees$Function, auto import position was Some(AutoImportPosition(173,0,false))
2026.05.06 16:45:07 INFO  compiling core (1 scala source)
2026.05.06 16:45:07 INFO  time: compiled core in 0.12s
May 06, 2026 4:45:08 PM scala.meta.internal.pc.AutoImportsProvider$$anonfun$1 applyOrElse
WARNING: Could not infer edits for riscv.plugins.Cache, tree around the position were scala.reflect.internal.Trees$Ident,scala.reflect.internal.Trees$Apply,scala.reflect.internal.Trees$ValDef,scala.reflect.internal.Trees$Block,scala.reflect.internal.Trees$Function, auto import position was Some(AutoImportPosition(173,0,false))
May 06, 2026 4:45:12 PM scala.meta.internal.pc.AutoImportsProvider$$anonfun$1 applyOrElse
WARNING: Could not infer edits for riscv.plugins.Cache, tree around the position were scala.reflect.internal.Trees$Ident,scala.reflect.internal.Trees$Apply,scala.reflect.internal.Trees$ValDef,scala.reflect.internal.Trees$Block,scala.reflect.internal.Trees$Function, auto import position was Some(AutoImportPosition(173,0,false))
May 06, 2026 4:45:12 PM scala.meta.internal.pc.AutoImportsProvider$$anonfun$1 applyOrElse
WARNING: Could not infer edits for riscv.plugins.Cache, tree around the position were scala.reflect.internal.Trees$Ident,scala.reflect.internal.Trees$Apply,scala.reflect.internal.Trees$ValDef,scala.reflect.internal.Trees$Block,scala.reflect.internal.Trees$Function, auto import position was Some(AutoImportPosition(173,0,false))
May 06, 2026 4:45:13 PM scala.meta.internal.pc.AutoImportsProvider$$anonfun$1 applyOrElse
WARNING: Could not infer edits for riscv.plugins.Cache, tree around the position were scala.reflect.internal.Trees$Ident,scala.reflect.internal.Trees$Apply,scala.reflect.internal.Trees$ValDef,scala.reflect.internal.Trees$Block,scala.reflect.internal.Trees$Function, auto import position was Some(AutoImportPosition(173,0,false))
May 06, 2026 4:45:13 PM scala.meta.internal.pc.AutoImportsProvider$$anonfun$1 applyOrElse
WARNING: Could not infer edits for riscv.plugins.Cache, tree around the position were scala.reflect.internal.Trees$Ident,scala.reflect.internal.Trees$Apply,scala.reflect.internal.Trees$ValDef,scala.reflect.internal.Trees$Block,scala.reflect.internal.Trees$Function, auto import position was Some(AutoImportPosition(173,0,false))
May 06, 2026 4:45:13 PM scala.meta.internal.pc.AutoImportsProvider$$anonfun$1 applyOrElse
WARNING: Could not infer edits for riscv.plugins.Cache, tree around the position were scala.reflect.internal.Trees$Ident,scala.reflect.internal.Trees$Apply,scala.reflect.internal.Trees$ValDef,scala.reflect.internal.Trees$Block,scala.reflect.internal.Trees$Function, auto import position was Some(AutoImportPosition(173,0,false))
May 06, 2026 4:45:13 PM scala.meta.internal.pc.AutoImportsProvider$$anonfun$1 applyOrElse
WARNING: Could not infer edits for riscv.plugins.Cache, tree around the position were scala.reflect.internal.Trees$Ident,scala.reflect.internal.Trees$Apply,scala.reflect.internal.Trees$ValDef,scala.reflect.internal.Trees$Block,scala.reflect.internal.Trees$Function, auto import position was Some(AutoImportPosition(173,0,false))
May 06, 2026 4:45:39 PM scala.meta.internal.pc.AutoImportsProvider$$anonfun$1 applyOrElse
WARNING: Could not infer edits for riscv.plugins.Cache, tree around the position were scala.reflect.internal.Trees$Ident,scala.reflect.internal.Trees$Apply,scala.reflect.internal.Trees$ValDef,scala.reflect.internal.Trees$Block,scala.reflect.internal.Trees$Function, auto import position was Some(AutoImportPosition(173,0,false))
May 06, 2026 4:45:41 PM scala.meta.internal.pc.AutoImportsProvider$$anonfun$1 applyOrElse
WARNING: Could not infer edits for riscv.plugins.Cache, tree around the position were scala.reflect.internal.Trees$Ident,scala.reflect.internal.Trees$Apply,scala.reflect.internal.Trees$ValDef,scala.reflect.internal.Trees$Block,scala.reflect.internal.Trees$Function, auto import position was Some(AutoImportPosition(173,0,false))
May 06, 2026 4:45:42 PM scala.meta.internal.pc.AutoImportsProvider$$anonfun$1 applyOrElse
WARNING: Could not infer edits for riscv.plugins.Cache, tree around the position were scala.reflect.internal.Trees$Ident,scala.reflect.internal.Trees$Apply,scala.reflect.internal.Trees$ValDef,scala.reflect.internal.Trees$Block,scala.reflect.internal.Trees$Function, auto import position was Some(AutoImportPosition(173,0,false))
May 06, 2026 4:45:42 PM scala.meta.internal.pc.AutoImportsProvider$$anonfun$1 applyOrElse
WARNING: Could not infer edits for riscv.plugins.Cache, tree around the position were scala.reflect.internal.Trees$Ident,scala.reflect.internal.Trees$Apply,scala.reflect.internal.Trees$ValDef,scala.reflect.internal.Trees$Block,scala.reflect.internal.Trees$Function, auto import position was Some(AutoImportPosition(173,0,false))
May 06, 2026 4:45:42 PM scala.meta.internal.pc.AutoImportsProvider$$anonfun$1 applyOrElse
WARNING: Could not infer edits for riscv.plugins.Cache, tree around the position were scala.reflect.internal.Trees$Ident,scala.reflect.internal.Trees$Apply,scala.reflect.internal.Trees$ValDef,scala.reflect.internal.Trees$Block,scala.reflect.internal.Trees$Function, auto import position was Some(AutoImportPosition(173,0,false))
May 06, 2026 4:45:42 PM scala.meta.internal.pc.AutoImportsProvider$$anonfun$1 applyOrElse
WARNING: Could not infer edits for riscv.plugins.Cache, tree around the position were scala.reflect.internal.Trees$Ident,scala.reflect.internal.Trees$Apply,scala.reflect.internal.Trees$ValDef,scala.reflect.internal.Trees$Block,scala.reflect.internal.Trees$Function, auto import position was Some(AutoImportPosition(173,0,false))
May 06, 2026 4:45:43 PM scala.meta.internal.pc.AutoImportsProvider$$anonfun$1 applyOrElse
WARNING: Could not infer edits for riscv.plugins.Cache, tree around the position were scala.reflect.internal.Trees$Ident,scala.reflect.internal.Trees$Apply,scala.reflect.internal.Trees$ValDef,scala.reflect.internal.Trees$Block,scala.reflect.internal.Trees$Function, auto import position was Some(AutoImportPosition(173,0,false))
May 06, 2026 4:45:43 PM scala.meta.internal.pc.AutoImportsProvider$$anonfun$1 applyOrElse
WARNING: Could not infer edits for riscv.plugins.Cache, tree around the position were scala.reflect.internal.Trees$Ident,scala.reflect.internal.Trees$Apply,scala.reflect.internal.Trees$ValDef,scala.reflect.internal.Trees$Block,scala.reflect.internal.Trees$Function, auto import position was Some(AutoImportPosition(173,0,false))
May 06, 2026 4:45:44 PM scala.meta.internal.pc.AutoImportsProvider$$anonfun$1 applyOrElse
WARNING: Could not infer edits for riscv.plugins.Cache, tree around the position were scala.reflect.internal.Trees$Ident,scala.reflect.internal.Trees$Apply,scala.reflect.internal.Trees$ValDef,scala.reflect.internal.Trees$Block,scala.reflect.internal.Trees$Function, auto import position was Some(AutoImportPosition(173,0,false))
May 06, 2026 4:45:44 PM scala.meta.internal.pc.AutoImportsProvider$$anonfun$1 applyOrElse
WARNING: Could not infer edits for riscv.plugins.Cache, tree around the position were scala.reflect.internal.Trees$Ident,scala.reflect.internal.Trees$Apply,scala.reflect.internal.Trees$ValDef,scala.reflect.internal.Trees$Block,scala.reflect.internal.Trees$Function, auto import position was Some(AutoImportPosition(173,0,false))
May 06, 2026 4:45:44 PM scala.meta.internal.pc.AutoImportsProvider$$anonfun$1 applyOrElse
WARNING: Could not infer edits for riscv.plugins.Cache, tree around the position were scala.reflect.internal.Trees$Ident,scala.reflect.internal.Trees$Apply,scala.reflect.internal.Trees$ValDef,scala.reflect.internal.Trees$Block,scala.reflect.internal.Trees$Function, auto import position was Some(AutoImportPosition(173,0,false))
May 06, 2026 4:45:44 PM scala.meta.internal.pc.AutoImportsProvider$$anonfun$1 applyOrElse
WARNING: Could not infer edits for riscv.plugins.Cache, tree around the position were scala.reflect.internal.Trees$Ident,scala.reflect.internal.Trees$Apply,scala.reflect.internal.Trees$ValDef,scala.reflect.internal.Trees$Block,scala.reflect.internal.Trees$Function, auto import position was Some(AutoImportPosition(173,0,false))
May 06, 2026 4:45:45 PM scala.meta.internal.pc.AutoImportsProvider$$anonfun$1 applyOrElse
WARNING: Could not infer edits for riscv.plugins.Cache, tree around the position were scala.reflect.internal.Trees$Ident,scala.reflect.internal.Trees$Apply,scala.reflect.internal.Trees$ValDef,scala.reflect.internal.Trees$Block,scala.reflect.internal.Trees$Function, auto import position was Some(AutoImportPosition(173,0,false))
May 06, 2026 4:45:51 PM scala.meta.internal.pc.AutoImportsProvider$$anonfun$1 applyOrElse
WARNING: Could not infer edits for riscv.plugins.Cache, tree around the position were scala.reflect.internal.Trees$Ident,scala.reflect.internal.Trees$Apply,scala.reflect.internal.Trees$ValDef,scala.reflect.internal.Trees$Block,scala.reflect.internal.Trees$Function, auto import position was Some(AutoImportPosition(173,0,false))
May 06, 2026 4:45:52 PM scala.meta.internal.pc.AutoImportsProvider$$anonfun$1 applyOrElse
WARNING: Could not infer edits for riscv.plugins.Cache, tree around the position were scala.reflect.internal.Trees$Ident,scala.reflect.internal.Trees$Apply,scala.reflect.internal.Trees$ValDef,scala.reflect.internal.Trees$Block,scala.reflect.internal.Trees$Function, auto import position was Some(AutoImportPosition(173,0,false))
May 06, 2026 4:45:53 PM scala.meta.internal.pc.AutoImportsProvider$$anonfun$1 applyOrElse
WARNING: Could not infer edits for riscv.plugins.Cache, tree around the position were scala.reflect.internal.Trees$Ident,scala.reflect.internal.Trees$Select,scala.reflect.internal.Trees$Select,scala.reflect.internal.Trees$Apply,scala.reflect.internal.Trees$Assign, auto import position was Some(AutoImportPosition(173,0,false))
2026.05.06 16:45:53 INFO  compiling core (1 scala source)
2026.05.06 16:45:53 INFO  time: compiled core in 0.12s
May 06, 2026 4:45:54 PM scala.meta.internal.pc.AutoImportsProvider$$anonfun$1 applyOrElse
WARNING: Could not infer edits for riscv.plugins.Cache, tree around the position were scala.reflect.internal.Trees$Ident,scala.reflect.internal.Trees$Apply,scala.reflect.internal.Trees$ValDef,scala.reflect.internal.Trees$Block,scala.reflect.internal.Trees$Function, auto import position was Some(AutoImportPosition(173,0,false))
May 06, 2026 4:45:54 PM scala.meta.internal.pc.AutoImportsProvider$$anonfun$1 applyOrElse
WARNING: Could not infer edits for riscv.plugins.Cache, tree around the position were scala.reflect.internal.Trees$Ident,scala.reflect.internal.Trees$Apply,scala.reflect.internal.Trees$ValDef,scala.reflect.internal.Trees$Block,scala.reflect.internal.Trees$Function, auto import position was Some(AutoImportPosition(173,0,false))
May 06, 2026 4:45:55 PM scala.meta.internal.pc.AutoImportsProvider$$anonfun$1 applyOrElse
WARNING: Could not infer edits for riscv.plugins.Cache, tree around the position were scala.reflect.internal.Trees$Ident,scala.reflect.internal.Trees$Apply,scala.reflect.internal.Trees$ValDef,scala.reflect.internal.Trees$Block,scala.reflect.internal.Trees$Function, auto import position was Some(AutoImportPosition(173,0,false))
May 06, 2026 4:45:56 PM scala.meta.internal.pc.AutoImportsProvider$$anonfun$1 applyOrElse
WARNING: Could not infer edits for riscv.plugins.Cache, tree around the position were scala.reflect.internal.Trees$Ident,scala.reflect.internal.Trees$Apply,scala.reflect.internal.Trees$ValDef,scala.reflect.internal.Trees$Block,scala.reflect.internal.Trees$Function, auto import position was Some(AutoImportPosition(173,0,false))
May 06, 2026 4:45:57 PM scala.meta.internal.pc.AutoImportsProvider$$anonfun$1 applyOrElse
WARNING: Could not infer edits for riscv.plugins.Cache, tree around the position were scala.reflect.internal.Trees$Ident,scala.reflect.internal.Trees$Apply,scala.reflect.internal.Trees$ValDef,scala.reflect.internal.Trees$Block,scala.reflect.internal.Trees$Function, auto import position was Some(AutoImportPosition(173,0,false))
May 06, 2026 4:45:58 PM scala.meta.internal.pc.AutoImportsProvider$$anonfun$1 applyOrElse
WARNING: Could not infer edits for riscv.plugins.Cache, tree around the position were scala.reflect.internal.Trees$Ident,scala.reflect.internal.Trees$Apply,scala.reflect.internal.Trees$ValDef,scala.reflect.internal.Trees$Block,scala.reflect.internal.Trees$Function, auto import position was Some(AutoImportPosition(173,0,false))
May 06, 2026 4:46:40 PM scala.meta.internal.pc.AutoImportsProvider$$anonfun$1 applyOrElse
WARNING: Could not infer edits for riscv.plugins.Cache, tree around the position were scala.reflect.internal.Trees$Ident,scala.reflect.internal.Trees$Apply,scala.reflect.internal.Trees$ValDef,scala.reflect.internal.Trees$Block,scala.reflect.internal.Trees$Function, auto import position was Some(AutoImportPosition(173,0,false))
May 06, 2026 4:46:40 PM scala.meta.internal.pc.AutoImportsProvider$$anonfun$1 applyOrElse
WARNING: Could not infer edits for riscv.plugins.Cache, tree around the position were scala.reflect.internal.Trees$Ident,scala.reflect.internal.Trees$Apply,scala.reflect.internal.Trees$ValDef,scala.reflect.internal.Trees$Block,scala.reflect.internal.Trees$Function, auto import position was Some(AutoImportPosition(173,0,false))
May 06, 2026 4:46:44 PM scala.meta.internal.pc.AutoImportsProvider$$anonfun$1 applyOrElse
WARNING: Could not infer edits for riscv.plugins.Cache, tree around the position were scala.reflect.internal.Trees$Ident,scala.reflect.internal.Trees$Apply,scala.reflect.internal.Trees$ValDef,scala.reflect.internal.Trees$Block,scala.reflect.internal.Trees$Function, auto import position was Some(AutoImportPosition(173,0,false))
May 06, 2026 4:46:46 PM scala.meta.internal.pc.AutoImportsProvider$$anonfun$1 applyOrElse
WARNING: Could not infer edits for riscv.plugins.Cache, tree around the position were scala.reflect.internal.Trees$Ident,scala.reflect.internal.Trees$Apply,scala.reflect.internal.Trees$ValDef,scala.reflect.internal.Trees$Block,scala.reflect.internal.Trees$Function, auto import position was Some(AutoImportPosition(173,0,false))
May 06, 2026 4:46:47 PM scala.meta.internal.pc.AutoImportsProvider$$anonfun$1 applyOrElse
WARNING: Could not infer edits for riscv.plugins.Cache, tree around the position were scala.reflect.internal.Trees$Ident,scala.reflect.internal.Trees$Apply,scala.reflect.internal.Trees$ValDef,scala.reflect.internal.Trees$Block,scala.reflect.internal.Trees$Function, auto import position was Some(AutoImportPosition(173,0,false))
May 06, 2026 4:46:49 PM scala.meta.internal.pc.AutoImportsProvider$$anonfun$1 applyOrElse
WARNING: Could not infer edits for riscv.plugins.Cache, tree around the position were scala.reflect.internal.Trees$Ident,scala.reflect.internal.Trees$Apply,scala.reflect.internal.Trees$ValDef,scala.reflect.internal.Trees$Block,scala.reflect.internal.Trees$Function, auto import position was Some(AutoImportPosition(173,0,false))
May 06, 2026 4:46:50 PM scala.meta.internal.pc.AutoImportsProvider$$anonfun$1 applyOrElse
WARNING: Could not infer edits for riscv.plugins.Cache, tree around the position were scala.reflect.internal.Trees$Ident,scala.reflect.internal.Trees$Apply,scala.reflect.internal.Trees$ValDef,scala.reflect.internal.Trees$Block,scala.reflect.internal.Trees$Function, auto import position was Some(AutoImportPosition(173,0,false))
May 06, 2026 4:46:53 PM scala.meta.internal.pc.AutoImportsProvider$$anonfun$1 applyOrElse
WARNING: Could not infer edits for riscv.plugins.Cache, tree around the position were scala.reflect.internal.Trees$Ident,scala.reflect.internal.Trees$Apply,scala.reflect.internal.Trees$ValDef,scala.reflect.internal.Trees$Block,scala.reflect.internal.Trees$Function, auto import position was Some(AutoImportPosition(173,0,false))
May 06, 2026 4:46:58 PM scala.meta.internal.pc.AutoImportsProvider$$anonfun$1 applyOrElse
WARNING: Could not infer edits for riscv.plugins.Cache, tree around the position were scala.reflect.internal.Trees$Ident,scala.reflect.internal.Trees$Apply,scala.reflect.internal.Trees$ValDef,scala.reflect.internal.Trees$Block,scala.reflect.internal.Trees$Function, auto import position was Some(AutoImportPosition(173,0,false))
May 06, 2026 4:46:58 PM scala.meta.internal.pc.AutoImportsProvider$$anonfun$1 applyOrElse
WARNING: Could not infer edits for riscv.plugins.Cache, tree around the position were scala.reflect.internal.Trees$Ident,scala.reflect.internal.Trees$Apply,scala.reflect.internal.Trees$ValDef,scala.reflect.internal.Trees$Block,scala.reflect.internal.Trees$Function, auto import position was Some(AutoImportPosition(173,0,false))
May 06, 2026 4:46:59 PM scala.meta.internal.pc.AutoImportsProvider$$anonfun$1 applyOrElse
WARNING: Could not infer edits for riscv.plugins.Cache, tree around the position were scala.reflect.internal.Trees$Ident,scala.reflect.internal.Trees$Select,scala.reflect.internal.Trees$Apply,scala.reflect.internal.Trees$ValDef,scala.reflect.internal.Trees$Block, auto import position was Some(AutoImportPosition(173,0,false))
2026.05.06 16:46:59 INFO  compiling core (1 scala source)
2026.05.06 16:46:59 INFO  time: compiled core in 0.13s
2026.05.06 16:47:06 INFO  compiling core (1 scala source)
2026.05.06 16:47:06 INFO  time: compiled core in 0.11s
2026.05.06 16:47:11 INFO  compiling core (1 scala source)
2026.05.06 16:47:11 INFO  time: compiled core in 0.12s
2026.05.06 16:47:42 INFO  compiling core (1 scala source)
2026.05.06 16:47:42 INFO  time: compiled core in 0.12s
2026.05.06 16:47:53 INFO  compiling core (1 scala source)
2026.05.06 16:47:53 INFO  time: compiled core in 0.12s
2026.05.06 16:48:09 INFO  compiling core (1 scala source)
2026.05.06 16:48:09 INFO  time: compiled core in 0.13s
2026.05.06 16:48:49 INFO  compiling core (1 scala source)
2026.05.06 16:48:49 INFO  time: compiled core in 60ms
2026.05.06 16:48:52 INFO  compiling core (1 scala source)
2026.05.06 16:48:52 INFO  time: compiled core in 0.12s
2026.05.06 16:50:15 INFO  compiling core (1 scala source)
2026.05.06 16:50:15 INFO  time: compiled core in 0.13s
2026.05.06 16:51:27 INFO  compiling core (1 scala source)
2026.05.06 16:51:27 INFO  time: compiled core in 0.13s
2026.05.06 16:51:34 INFO  compiling core (1 scala source)
2026.05.06 16:51:34 INFO  time: compiled core in 0.12s
2026.05.06 16:51:55 INFO  compiling core (1 scala source)
2026.05.06 16:51:55 INFO  time: compiled core in 0.11s
2026.05.06 16:52:05 INFO  compiling core (1 scala source)
2026.05.06 16:52:06 INFO  time: compiled core in 1.09s
2026.05.19 14:26:57 INFO  Started: Metals version 1.6.7 in folders '/Users/robbetiteca/projects/school/thesis/ecosystem-randomized-cache' for client Visual Studio Code 1.117.0.
2026.05.19 14:26:57 INFO  Memory monitor started
2026.05.19 14:26:57 WARN  Using H2 2.4.240 which is newer than the version Flyway has been verified with. The latest verified version of H2 is 2.3.232.
2026.05.19 14:26:57 INFO  no build target found for /Users/robbetiteca/projects/school/thesis/ecosystem-randomized-cache/core/src/main/scala/riscv/plugins/Cache.scala. Using presentation compiler with project's scala-library version: 3.3.7
2026.05.19 14:26:58 INFO  Attempting to connect to the build server...
2026.05.19 14:26:58 INFO  No running Bloop server found, starting one.
2026.05.19 14:26:59 INFO  no build target found for /Users/robbetiteca/projects/school/thesis/ecosystem-randomized-cache/core/src/main/scala/riscv/plugins/Cache.scala. Using presentation compiler with project's scala-library version: 3.3.7
2026.05.19 14:26:59 INFO  Starting compilation server
2026.05.19 14:26:59 INFO  no build target found for /Users/robbetiteca/projects/school/thesis/ecosystem-randomized-cache/core/src/main/scala/riscv/plugins/Cache.scala. Using presentation compiler with project's scala-library version: 3.3.7
2026.05.19 14:26:59 INFO  no build target found for /Users/robbetiteca/projects/school/thesis/ecosystem-randomized-cache/core/src/main/scala/riscv/plugins/Cache.scala. Using presentation compiler with project's scala-library version: 3.3.7
2026.05.19 14:26:59 INFO  no build target found for /Users/robbetiteca/projects/school/thesis/ecosystem-randomized-cache/core/src/main/scala/riscv/plugins/Cache.scala. Using presentation compiler with project's scala-library version: 3.3.7
2026.05.19 14:26:59 INFO  no build target found for /Users/robbetiteca/projects/school/thesis/ecosystem-randomized-cache/core/src/main/scala/riscv/plugins/Cache.scala. Using presentation compiler with project's scala-library version: 3.3.7
2026.05.19 14:26:59 INFO  no build target found for /Users/robbetiteca/projects/school/thesis/ecosystem-randomized-cache/core/src/main/scala/riscv/plugins/Cache.scala. Using presentation compiler with project's scala-library version: 3.3.7
2026.05.19 14:27:00 INFO  tracing is disabled for protocol BSP, to enable tracing of incoming and outgoing JSON messages create an empty file at /Users/robbetiteca/projects/school/thesis/ecosystem-randomized-cache/.metals/bsp.trace.json or /Users/robbetiteca/Library/Caches/org.scalameta.metals/bsp.trace.json
2026.05.19 14:27:00 INFO  no build target found for /Users/robbetiteca/projects/school/thesis/ecosystem-randomized-cache/core/src/main/scala/riscv/plugins/Cache.scala. Using presentation compiler with project's scala-library version: 3.3.7
2026.05.19 14:27:00 INFO  no build target found for /Users/robbetiteca/projects/school/thesis/ecosystem-randomized-cache/core/src/main/scala/riscv/plugins/Cache.scala. Using presentation compiler with project's scala-library version: 3.3.7
2026.05.19 14:27:00 INFO  time: Connected to build server in 1.58s
2026.05.19 14:27:00 INFO  Connected to Build server: Bloop v2.0.19
2026.05.19 14:27:02 WARN  Using H2 2.4.240 which is newer than the version Flyway has been verified with. The latest verified version of H2 is 2.3.232.
2026.05.19 14:27:02 INFO  time: indexed workspace in 1.82s
2026.05.19 14:27:22 INFO  compiling core (1 scala source)
2026.05.19 14:27:24 INFO  time: compiled core in 2.64s
2026.05.19 14:27:28 INFO  compiling core (1 scala source)
2026.05.19 14:27:29 INFO  time: compiled core in 1.19s
2026.05.19 14:28:57 INFO  compiling core (1 scala source)
2026.05.19 14:28:57 INFO  time: compiled core in 0.55s
2026.05.19 14:29:15 INFO  compiling core (1 scala source)
2026.05.19 14:29:15 INFO  time: compiled core in 73ms
2026.05.19 14:29:21 INFO  compiling core (1 scala source)
2026.05.19 14:29:21 INFO  time: compiled core in 0.24s
2026.05.19 14:29:26 INFO  compiling core (1 scala source)
2026.05.19 14:29:27 INFO  time: compiled core in 1.06s
Exception in thread "pool-10-thread-1" java.lang.InterruptedException
	at scala.meta.internal.metals.FutureCancelToken.checkCanceled(FutureCancelToken.scala:29)
	at scala.meta.internal.pc.CompilerAccess.$anonfun$onCompilerJobQueue$1(CompilerAccess.scala:207)
	at scala.meta.internal.pc.CompilerJobQueue$Job.run(CompilerJobQueue.scala:152)
	at java.base/java.util.concurrent.ThreadPoolExecutor.runWorker(ThreadPoolExecutor.java:1144)
	at java.base/java.util.concurrent.ThreadPoolExecutor$Worker.run(ThreadPoolExecutor.java:642)
	at java.base/java.lang.Thread.run(Thread.java:1583)
2026.05.19 14:32:03 INFO  compiling core (1 scala source)
2026.05.19 14:32:03 INFO  time: compiled core in 0.27s
2026.05.19 14:32:34 INFO  compiling core (1 scala source)
2026.05.19 14:32:34 INFO  time: compiled core in 0.18s
2026.05.19 14:33:10 INFO  compiling core (1 scala source)
2026.05.19 14:33:11 INFO  time: compiled core in 1.08s
2026.05.19 14:43:32 INFO  compiling core (1 scala source)
2026.05.19 14:43:32 INFO  time: compiled core in 0.72s
2026.05.19 14:43:44 INFO  compiling core (1 scala source)
2026.05.19 14:43:45 INFO  time: compiled core in 1.13s
2026.05.19 14:44:28 INFO  compiling core (1 scala source)
2026.05.19 14:44:28 INFO  time: compiled core in 0.79s
2026.05.19 14:46:07 INFO  compiling core (1 scala source)
2026.05.19 14:46:09 INFO  time: compiled core in 1.58s
2026.05.19 14:46:12 INFO  compiling core (1 scala source)
2026.05.19 14:46:12 INFO  time: compiled core in 0.22s
2026.05.19 14:46:26 INFO  compiling core (1 scala source)
2026.05.19 14:46:26 INFO  time: compiled core in 0.16s
2026.05.19 14:46:34 INFO  compiling core (1 scala source)
2026.05.19 14:46:34 INFO  time: compiled core in 51ms
2026.05.19 14:46:36 INFO  compiling core (1 scala source)
2026.05.19 14:46:36 INFO  time: compiled core in 0.8s
2026.05.19 14:46:42 INFO  compiling core (1 scala source)
2026.05.19 14:46:42 INFO  time: compiled core in 0.17s
May 19, 2026 2:46:45 PM scala.meta.internal.pc.CompilerAccess retryWithCleanCompiler
INFO: compiler crashed due to an error in the Scala compiler, retrying with new compiler instance.
May 19, 2026 2:46:47 PM scala.meta.internal.pc.CompilerAccess retryWithCleanCompiler
INFO: compiler crashed due to an error in the Scala compiler, retrying with new compiler instance.
May 19, 2026 2:46:47 PM scala.meta.internal.pc.AutoImportsProvider$$anonfun$1 applyOrElse
WARNING: Could not infer edits for riscv.plugins.ImmediateDecoder, tree around the position were scala.reflect.internal.Trees$Ident,scala.reflect.internal.Trees$Apply,scala.reflect.internal.Trees$Block,scala.reflect.internal.Trees$Apply,scala.reflect.internal.Trees$Apply, auto import position was Some(AutoImportPosition(173,0,false))
May 19, 2026 2:46:47 PM scala.meta.internal.pc.AutoImportsProvider$$anonfun$1 applyOrElse
WARNING: Could not infer edits for riscv.plugins.ImmediateDecoder, tree around the position were scala.reflect.internal.Trees$Ident,scala.reflect.internal.Trees$Apply,scala.reflect.internal.Trees$Block,scala.reflect.internal.Trees$Apply,scala.reflect.internal.Trees$Apply, auto import position was Some(AutoImportPosition(173,0,false))
May 19, 2026 2:46:47 PM scala.meta.internal.pc.AutoImportsProvider$$anonfun$1 applyOrElse
WARNING: Could not infer edits for riscv.plugins.ImmediateDecoder, tree around the position were scala.reflect.internal.Trees$Ident,scala.reflect.internal.Trees$Apply,scala.reflect.internal.Trees$Apply,scala.reflect.internal.Trees$Apply,scala.reflect.internal.Trees$Select, auto import position was Some(AutoImportPosition(173,0,false))
May 19, 2026 2:46:47 PM scala.meta.internal.pc.AutoImportsProvider$$anonfun$1 applyOrElse
WARNING: Could not infer edits for riscv.plugins.ImmediateDecoder, tree around the position were scala.reflect.internal.Trees$Ident,scala.reflect.internal.Trees$Apply,scala.reflect.internal.Trees$Apply,scala.reflect.internal.Trees$Select,scala.reflect.internal.Trees$Select, auto import position was Some(AutoImportPosition(173,0,false))
2026.05.19 14:46:47 INFO  compiling core (1 scala source)
2026.05.19 14:46:47 INFO  time: compiled core in 0.14s
May 19, 2026 2:46:47 PM scala.meta.internal.pc.CompilerAccess retryWithCleanCompiler
INFO: compiler crashed due to an error in the Scala compiler, retrying with new compiler instance.
May 19, 2026 2:46:48 PM scala.meta.internal.pc.CompilerAccess retryWithCleanCompiler
INFO: compiler crashed due to an error in the Scala compiler, retrying with new compiler instance.
May 19, 2026 2:46:50 PM scala.meta.internal.pc.CompilerAccess retryWithCleanCompiler
INFO: compiler crashed due to an error in the Scala compiler, retrying with new compiler instance.
2026.05.19 14:46:50 INFO  compiling core (1 scala source)
2026.05.19 14:46:50 INFO  time: compiled core in 0.13s
May 19, 2026 2:46:50 PM scala.meta.internal.pc.CompilerAccess retryWithCleanCompiler
INFO: compiler crashed due to an error in the Scala compiler, retrying with new compiler instance.
May 19, 2026 2:46:54 PM scala.meta.internal.pc.CompilerAccess retryWithCleanCompiler
INFO: compiler crashed due to an error in the Scala compiler, retrying with new compiler instance.
May 19, 2026 2:46:56 PM scala.meta.internal.pc.CompilerAccess retryWithCleanCompiler
INFO: compiler crashed due to an error in the Scala compiler, retrying with new compiler instance.
May 19, 2026 2:46:56 PM scala.meta.internal.pc.AutoImportsProvider$$anonfun$1 applyOrElse
WARNING: Could not infer edits for riscv.plugins.ImmediateDecoder, tree around the position were scala.reflect.internal.Trees$Ident,scala.reflect.internal.Trees$Apply,scala.reflect.internal.Trees$Apply,scala.reflect.internal.Trees$Select,scala.reflect.internal.Trees$Select, auto import position was Some(AutoImportPosition(173,0,false))
May 19, 2026 2:46:56 PM scala.meta.internal.pc.AutoImportsProvider$$anonfun$1 applyOrElse
WARNING: Could not infer edits for riscv.plugins.ImmediateDecoder, tree around the position were scala.reflect.internal.Trees$Ident,scala.reflect.internal.Trees$Apply,scala.reflect.internal.Trees$Apply,scala.reflect.internal.Trees$Select,scala.reflect.internal.Trees$Select, auto import position was Some(AutoImportPosition(173,0,false))
2026.05.19 14:46:56 INFO  compiling core (1 scala source)
2026.05.19 14:46:56 INFO  time: compiled core in 0.78s
2026.05.19 14:47:04 INFO  compiling core (1 scala source)
2026.05.19 14:47:04 INFO  time: compiled core in 0.74s
2026.05.19 14:51:35 INFO  compiling core (1 scala source)
2026.05.19 14:51:35 INFO  time: compiled core in 0.9s
2026.05.19 14:51:50 INFO  compiling core (1 scala source)
2026.05.19 14:51:50 INFO  time: compiled core in 71ms
2026.05.19 14:51:50 INFO  compiling core (1 scala source)
2026.05.19 14:51:51 INFO  time: compiled core in 0.2s
May 19, 2026 2:52:01 PM scala.meta.internal.pc.CompletionProvider expected$1
WARNING: Range [7977, 7977 + -1) out of bounds for length 26900
2026.05.19 14:52:08 INFO  compiling core (1 scala source)
2026.05.19 14:52:08 INFO  time: compiled core in 0.15s
May 19, 2026 2:52:23 PM org.eclipse.lsp4j.jsonrpc.RemoteEndpoint handleCancellation
WARNING: Unmatched cancel notification for request id 2500
2026.05.19 14:52:25 INFO  compiling core (1 scala source)
2026.05.19 14:52:25 INFO  time: compiled core in 0.14s
2026.05.19 14:52:37 INFO  compiling core (1 scala source)
2026.05.19 14:52:37 INFO  time: compiled core in 0.13s
2026.05.19 14:52:41 INFO  compiling core (1 scala source)
2026.05.19 14:52:41 INFO  time: compiled core in 0.12s
2026.05.19 14:52:51 INFO  compiling core (1 scala source)
2026.05.19 14:52:51 INFO  time: compiled core in 0.12s
May 19, 2026 2:52:52 PM scala.meta.internal.pc.CompilerAccess retryWithCleanCompiler
INFO: compiler crashed due to an error in the Scala compiler, retrying with new compiler instance.
May 19, 2026 2:52:53 PM scala.meta.internal.pc.CompilerAccess retryWithCleanCompiler
INFO: compiler crashed due to an error in the Scala compiler, retrying with new compiler instance.
May 19, 2026 2:52:53 PM scala.meta.internal.pc.CompilerAccess retryWithCleanCompiler
INFO: compiler crashed due to an error in the Scala compiler, retrying with new compiler instance.
May 19, 2026 2:52:54 PM scala.meta.internal.pc.CompilerAccess retryWithCleanCompiler
INFO: compiler crashed due to an error in the Scala compiler, retrying with new compiler instance.
2026.05.19 14:52:54 INFO  compiling core (1 scala source)
2026.05.19 14:52:54 INFO  time: compiled core in 0.12s
May 19, 2026 2:52:55 PM scala.meta.internal.pc.CompilerAccess retryWithCleanCompiler
INFO: compiler crashed due to an error in the Scala compiler, retrying with new compiler instance.
May 19, 2026 2:52:59 PM scala.meta.internal.pc.CompilerAccess retryWithCleanCompiler
INFO: compiler crashed due to an error in the Scala compiler, retrying with new compiler instance.
May 19, 2026 2:52:59 PM scala.meta.internal.pc.CompilerAccess retryWithCleanCompiler
INFO: compiler crashed due to an error in the Scala compiler, retrying with new compiler instance.
May 19, 2026 2:53:01 PM scala.meta.internal.pc.CompilerAccess retryWithCleanCompiler
INFO: compiler crashed due to an error in the Scala compiler, retrying with new compiler instance.
May 19, 2026 2:53:04 PM scala.meta.internal.pc.CompilerAccess retryWithCleanCompiler
INFO: compiler crashed due to an error in the Scala compiler, retrying with new compiler instance.
May 19, 2026 2:53:04 PM scala.meta.internal.pc.CompilerAccess retryWithCleanCompiler
INFO: compiler crashed due to an error in the Scala compiler, retrying with new compiler instance.
2026.05.19 14:53:04 INFO  compiling core (1 scala source)
2026.05.19 14:53:05 INFO  time: compiled core in 1.03s
2026.05.19 15:57:05 INFO  compiling core (1 scala source)
2026.05.19 15:57:08 INFO  time: compiled core in 2.68s
2026.05.19 15:57:35 INFO  compiling core (1 scala source)
2026.05.19 15:57:36 INFO  time: compiled core in 1.13s
2026.05.19 15:58:03 INFO  compiling core (1 scala source)
2026.05.19 15:58:03 INFO  time: compiled core in 0.18s
May 19, 2026 3:58:04 PM scala.meta.internal.pc.CompilerAccess retryWithCleanCompiler
INFO: compiler crashed due to an error in the Scala compiler, retrying with new compiler instance.
May 19, 2026 3:58:05 PM scala.meta.internal.pc.CompilerAccess retryWithCleanCompiler
INFO: compiler crashed due to an error in the Scala compiler, retrying with new compiler instance.
May 19, 2026 3:58:05 PM scala.meta.internal.pc.CompilerAccess retryWithCleanCompiler
INFO: compiler crashed due to an error in the Scala compiler, retrying with new compiler instance.
May 19, 2026 3:58:08 PM scala.meta.internal.pc.CompilerAccess retryWithCleanCompiler
INFO: compiler crashed due to an error in the Scala compiler, retrying with new compiler instance.
May 19, 2026 3:58:08 PM scala.meta.internal.pc.AutoImportsProvider$$anonfun$1 applyOrElse
WARNING: Could not infer edits for riscv.plugins.ImmediateDecoder, tree around the position were scala.reflect.internal.Trees$Ident,scala.reflect.internal.Trees$Apply,scala.reflect.internal.Trees$Apply,scala.reflect.internal.Trees$Select,scala.reflect.internal.Trees$Select, auto import position was Some(AutoImportPosition(173,0,false))
May 19, 2026 3:58:08 PM scala.meta.internal.pc.AutoImportsProvider$$anonfun$1 applyOrElse
WARNING: Could not infer edits for riscv.plugins.ImmediateDecoder, tree around the position were scala.reflect.internal.Trees$Ident,scala.reflect.internal.Trees$Apply,scala.reflect.internal.Trees$Apply,scala.reflect.internal.Trees$Apply,scala.reflect.internal.Trees$Select, auto import position was Some(AutoImportPosition(173,0,false))
May 19, 2026 3:58:08 PM scala.meta.internal.pc.AutoImportsProvider$$anonfun$1 applyOrElse
WARNING: Could not infer edits for riscv.plugins.ImmediateDecoder, tree around the position were scala.reflect.internal.Trees$Ident,scala.reflect.internal.Trees$Apply,scala.reflect.internal.Trees$Apply,scala.reflect.internal.Trees$Select,scala.reflect.internal.Trees$Select, auto import position was Some(AutoImportPosition(173,0,false))
2026.05.19 15:58:09 INFO  compiling core (1 scala source)
May 19, 2026 3:58:09 PM scala.meta.internal.pc.AutoImportsProvider$$anonfun$1 applyOrElse
WARNING: Could not infer edits for riscv.plugins.ImmediateDecoder, tree around the position were scala.reflect.internal.Trees$Ident,scala.reflect.internal.Trees$Apply,scala.reflect.internal.Trees$Apply,scala.reflect.internal.Trees$Select,scala.reflect.internal.Trees$Select, auto import position was Some(AutoImportPosition(173,0,false))
2026.05.19 15:58:09 INFO  time: compiled core in 0.18s
May 19, 2026 3:58:09 PM scala.meta.internal.pc.CompilerAccess retryWithCleanCompiler
INFO: compiler crashed due to an error in the Scala compiler, retrying with new compiler instance.
May 19, 2026 3:58:10 PM scala.meta.internal.pc.CompilerAccess retryWithCleanCompiler
INFO: compiler crashed due to an error in the Scala compiler, retrying with new compiler instance.
May 19, 2026 3:58:11 PM scala.meta.internal.pc.CompilerAccess retryWithCleanCompiler
INFO: compiler crashed due to an error in the Scala compiler, retrying with new compiler instance.
May 19, 2026 3:58:12 PM scala.meta.internal.pc.CompilerAccess retryWithCleanCompiler
INFO: compiler crashed due to an error in the Scala compiler, retrying with new compiler instance.
May 19, 2026 3:58:12 PM scala.meta.internal.pc.AutoImportsProvider$$anonfun$1 applyOrElse
WARNING: Could not infer edits for riscv.plugins.ImmediateDecoder, tree around the position were scala.reflect.internal.Trees$Ident,scala.reflect.internal.Trees$Apply,scala.reflect.internal.Trees$Apply,scala.reflect.internal.Trees$Select,scala.reflect.internal.Trees$Select, auto import position was Some(AutoImportPosition(173,0,false))
May 19, 2026 3:58:12 PM scala.meta.internal.pc.AutoImportsProvider$$anonfun$1 applyOrElse
WARNING: Could not infer edits for riscv.plugins.ImmediateDecoder, tree around the position were scala.reflect.internal.Trees$Ident,scala.reflect.internal.Trees$Apply,scala.reflect.internal.Trees$Apply,scala.reflect.internal.Trees$Select,scala.reflect.internal.Trees$Select, auto import position was Some(AutoImportPosition(173,0,false))
May 19, 2026 3:58:13 PM scala.meta.internal.pc.AutoImportsProvider$$anonfun$1 applyOrElse
WARNING: Could not infer edits for riscv.plugins.ImmediateDecoder, tree around the position were scala.reflect.internal.Trees$Ident,scala.reflect.internal.Trees$Apply,scala.reflect.internal.Trees$Apply,scala.reflect.internal.Trees$Select,scala.reflect.internal.Trees$Select, auto import position was Some(AutoImportPosition(173,0,false))
May 19, 2026 3:58:13 PM scala.meta.internal.pc.AutoImportsProvider$$anonfun$1 applyOrElse
WARNING: Could not infer edits for riscv.plugins.ImmediateDecoder, tree around the position were scala.reflect.internal.Trees$Ident,scala.reflect.internal.Trees$Apply,scala.reflect.internal.Trees$Apply,scala.reflect.internal.Trees$Select,scala.reflect.internal.Trees$Select, auto import position was Some(AutoImportPosition(173,0,false))
2026.05.19 15:58:13 INFO  compiling core (1 scala source)
2026.05.19 15:58:13 INFO  time: compiled core in 0.13s
2026.05.19 15:58:22 INFO  compiling core (1 scala source)
2026.05.19 15:58:22 INFO  time: compiled core in 0.13s
May 19, 2026 3:58:22 PM scala.meta.internal.pc.CompilerAccess retryWithCleanCompiler
INFO: compiler crashed due to an error in the Scala compiler, retrying with new compiler instance.
May 19, 2026 3:58:32 PM scala.meta.internal.pc.CompilerAccess retryWithCleanCompiler
INFO: compiler crashed due to an error in the Scala compiler, retrying with new compiler instance.
May 19, 2026 3:58:33 PM scala.meta.internal.pc.CompilerAccess retryWithCleanCompiler
INFO: compiler crashed due to an error in the Scala compiler, retrying with new compiler instance.
May 19, 2026 3:58:33 PM scala.meta.internal.pc.CompilerAccess retryWithCleanCompiler
INFO: compiler crashed due to an error in the Scala compiler, retrying with new compiler instance.
May 19, 2026 3:58:34 PM scala.meta.internal.pc.CompilerAccess retryWithCleanCompiler
INFO: compiler crashed due to an error in the Scala compiler, retrying with new compiler instance.
May 19, 2026 3:58:34 PM scala.meta.internal.pc.CompilerAccess retryWithCleanCompiler
INFO: compiler crashed due to an error in the Scala compiler, retrying with new compiler instance.
2026.05.19 15:58:34 INFO  compiling core (1 scala source)
2026.05.19 15:58:34 INFO  time: compiled core in 0.98s
May 19, 2026 3:58:45 PM org.eclipse.lsp4j.jsonrpc.RemoteEndpoint handleCancellation
WARNING: Unmatched cancel notification for request id 3549
2026.05.19 15:59:22 INFO  compiling core (1 scala source)
2026.05.19 15:59:22 INFO  time: compiled core in 0.83s
2026.05.19 15:59:40 INFO  compiling core (1 scala source)
2026.05.19 15:59:40 INFO  time: compiled core in 0.68s
2026.05.19 16:00:50 INFO  compiling core (1 scala source)
2026.05.19 16:00:51 INFO  time: compiled core in 1.69s
2026.05.19 16:01:45 INFO  compiling core (1 scala source)
2026.05.19 16:01:45 INFO  time: compiled core in 0.87s
2026.05.19 16:01:46 INFO  compiling core (1 scala source)
2026.05.19 16:01:47 WARN  Could not load snapshot text for /Users/robbetiteca/projects/school/thesis/ecosystem-randomized-cache/core/src/main/scala/riscv/plugins/Cache.scala
2026.05.19 16:01:46 INFO  time: compiled core in 0.91s
2026.05.19 16:07:28 INFO  compiling core (1 scala source)
2026.05.19 16:07:30 INFO  time: compiled core in 1.64s
2026.05.19 16:07:42 INFO  compiling core (1 scala source)
2026.05.19 16:07:42 INFO  time: compiled core in 0.85s
2026.05.19 16:11:44 INFO  compiling core (1 scala source)
2026.05.19 16:11:46 INFO  time: compiled core in 1.79s
2026.05.19 16:12:41 INFO  compiling core (1 scala source)
2026.05.19 16:12:41 INFO  time: compiled core in 0.98s
2026.05.19 16:13:08 INFO  compiling core (1 scala source)
2026.05.19 16:13:08 INFO  time: compiled core in 0.85s
2026.05.19 16:13:22 INFO  compiling core (1 scala source)
2026.05.19 16:13:22 INFO  time: compiled core in 0.89s
2026.05.19 16:13:25 INFO  compiling core (1 scala source)
2026.05.19 16:13:25 INFO  time: compiled core in 0.77s
2026.05.19 16:13:47 INFO  compiling core (1 scala source)
2026.05.19 16:13:47 INFO  time: compiled core in 0.86s
2026.05.19 16:14:25 INFO  compiling core (1 scala source)
2026.05.19 16:14:25 INFO  time: compiled core in 0.71s
2026.05.19 16:14:41 INFO  compiling core (1 scala source)
2026.05.19 16:14:41 INFO  time: compiled core in 0.69s
2026.05.19 16:15:03 INFO  compiling core (1 scala source)
2026.05.19 16:15:03 INFO  time: compiled core in 0.64s
2026.05.19 16:15:54 INFO  compiling core (1 scala source)
2026.05.19 16:15:54 INFO  time: compiled core in 0.59s
2026.05.19 16:15:57 INFO  compiling core (1 scala source)
2026.05.19 16:15:57 INFO  time: compiled core in 0.21s
May 19, 2026 4:15:58 PM scala.meta.internal.pc.CompilerAccess retryWithCleanCompiler
INFO: compiler crashed due to an error in the Scala compiler, retrying with new compiler instance.
May 19, 2026 4:16:01 PM scala.meta.internal.pc.CompilerAccess retryWithCleanCompiler
INFO: compiler crashed due to an error in the Scala compiler, retrying with new compiler instance.
May 19, 2026 4:16:02 PM scala.meta.internal.pc.CompilerAccess retryWithCleanCompiler
INFO: compiler crashed due to an error in the Scala compiler, retrying with new compiler instance.
May 19, 2026 4:16:02 PM scala.meta.internal.pc.CompilerAccess retryWithCleanCompiler
INFO: compiler crashed due to an error in the Scala compiler, retrying with new compiler instance.
2026.05.19 16:16:02 INFO  compiling core (1 scala source)
2026.05.19 16:16:02 INFO  time: compiled core in 0.17s
May 19, 2026 4:16:03 PM scala.meta.internal.pc.CompilerAccess retryWithCleanCompiler
INFO: compiler crashed due to an error in the Scala compiler, retrying with new compiler instance.
2026.05.19 16:16:02 INFO  compiling core (1 scala source)
May 19, 2026 4:16:03 PM scala.meta.internal.pc.CompilerAccess retryWithCleanCompiler
INFO: compiler crashed due to an error in the Scala compiler, retrying with new compiler instance.
2026.05.19 16:16:02 INFO  time: compiled core in 0.18s
May 19, 2026 4:16:03 PM scala.meta.internal.pc.CompilerAccess retryWithCleanCompiler
INFO: compiler crashed due to an error in the Scala compiler, retrying with new compiler instance.
May 19, 2026 4:16:03 PM scala.meta.internal.pc.CompilerAccess retryWithCleanCompiler
INFO: compiler crashed due to an error in the Scala compiler, retrying with new compiler instance.
May 19, 2026 4:16:07 PM scala.meta.internal.pc.CompilerAccess retryWithCleanCompiler
INFO: compiler crashed due to an error in the Scala compiler, retrying with new compiler instance.
May 19, 2026 4:16:08 PM scala.meta.internal.pc.CompilerAccess retryWithCleanCompiler
INFO: compiler crashed due to an error in the Scala compiler, retrying with new compiler instance.
May 19, 2026 4:16:32 PM scala.meta.internal.pc.CompilerAccess retryWithCleanCompiler
INFO: compiler crashed due to an error in the Scala compiler, retrying with new compiler instance.
May 19, 2026 4:16:38 PM scala.meta.internal.pc.CompilerAccess retryWithCleanCompiler
INFO: compiler crashed due to an error in the Scala compiler, retrying with new compiler instance.
May 19, 2026 4:16:40 PM scala.meta.internal.pc.CompilerAccess retryWithCleanCompiler
INFO: compiler crashed due to an error in the Scala compiler, retrying with new compiler instance.
May 19, 2026 4:16:43 PM scala.meta.internal.pc.CompilerAccess retryWithCleanCompiler
INFO: compiler crashed due to an error in the Scala compiler, retrying with new compiler instance.
May 19, 2026 4:16:43 PM scala.meta.internal.pc.AutoImportsProvider$$anonfun$1 applyOrElse
WARNING: Could not infer edits for riscv.plugins.ImmediateDecoder, tree around the position were scala.reflect.internal.Trees$Ident,scala.reflect.internal.Trees$Apply,scala.reflect.internal.Trees$Apply,scala.reflect.internal.Trees$Select,scala.reflect.internal.Trees$Select, auto import position was Some(AutoImportPosition(173,0,false))
May 19, 2026 4:16:43 PM scala.meta.internal.pc.AutoImportsProvider$$anonfun$1 applyOrElse
WARNING: Could not infer edits for riscv.plugins.ImmediateDecoder, tree around the position were scala.reflect.internal.Trees$Ident,scala.reflect.internal.Trees$Apply,scala.reflect.internal.Trees$Apply,scala.reflect.internal.Trees$Apply,scala.reflect.internal.Trees$Select, auto import position was Some(AutoImportPosition(173,0,false))
May 19, 2026 4:16:43 PM scala.meta.internal.pc.AutoImportsProvider$$anonfun$1 applyOrElse
WARNING: Could not infer edits for riscv.plugins.ImmediateDecoder, tree around the position were scala.reflect.internal.Trees$Ident,scala.reflect.internal.Trees$Apply,scala.reflect.internal.Trees$Apply,scala.reflect.internal.Trees$Select,scala.reflect.internal.Trees$Select, auto import position was Some(AutoImportPosition(173,0,false))
May 19, 2026 4:16:43 PM scala.meta.internal.pc.AutoImportsProvider$$anonfun$1 applyOrElse
WARNING: Could not infer edits for riscv.plugins.ImmediateDecoder, tree around the position were scala.reflect.internal.Trees$Ident,scala.reflect.internal.Trees$Apply,scala.reflect.internal.Trees$Apply,scala.reflect.internal.Trees$Select,scala.reflect.internal.Trees$Select, auto import position was Some(AutoImportPosition(173,0,false))
May 19, 2026 4:16:46 PM scala.meta.internal.pc.CompilerAccess retryWithCleanCompiler
INFO: compiler crashed due to an error in the Scala compiler, retrying with new compiler instance.
May 19, 2026 4:16:46 PM scala.meta.internal.pc.AutoImportsProvider$$anonfun$1 applyOrElse
WARNING: Could not infer edits for riscv.plugins.ImmediateDecoder, tree around the position were scala.reflect.internal.Trees$Ident,scala.reflect.internal.Trees$Apply,scala.reflect.internal.Trees$Apply,scala.reflect.internal.Trees$Select,scala.reflect.internal.Trees$Select, auto import position was Some(AutoImportPosition(173,0,false))
May 19, 2026 4:16:46 PM scala.meta.internal.pc.AutoImportsProvider$$anonfun$1 applyOrElse
WARNING: Could not infer edits for riscv.plugins.ImmediateDecoder, tree around the position were scala.reflect.internal.Trees$Ident,scala.reflect.internal.Trees$Apply,scala.reflect.internal.Trees$Apply,scala.reflect.internal.Trees$Apply,scala.reflect.internal.Trees$Select, auto import position was Some(AutoImportPosition(173,0,false))
May 19, 2026 4:16:46 PM scala.meta.internal.pc.AutoImportsProvider$$anonfun$1 applyOrElse
WARNING: Could not infer edits for riscv.plugins.ImmediateDecoder, tree around the position were scala.reflect.internal.Trees$Ident,scala.reflect.internal.Trees$Apply,scala.reflect.internal.Trees$Apply,scala.reflect.internal.Trees$Select,scala.reflect.internal.Trees$Select, auto import position was Some(AutoImportPosition(173,0,false))
May 19, 2026 4:16:46 PM scala.meta.internal.pc.AutoImportsProvider$$anonfun$1 applyOrElse
WARNING: Could not infer edits for riscv.plugins.ImmediateDecoder, tree around the position were scala.reflect.internal.Trees$Ident,scala.reflect.internal.Trees$Apply,scala.reflect.internal.Trees$Apply,scala.reflect.internal.Trees$Select,scala.reflect.internal.Trees$Select, auto import position was Some(AutoImportPosition(173,0,false))
2026.05.19 16:16:46 INFO  compiling core (1 scala source)
2026.05.19 16:16:47 INFO  time: compiled core in 1.3s
2026.05.19 16:23:21 INFO  compiling core (1 scala source)
2026.05.19 16:23:23 INFO  time: compiled core in 1.85s
2026.05.19 16:23:30 INFO  compiling core (1 scala source)
2026.05.19 16:23:30 INFO  time: compiled core in 0.95s
2026.05.19 16:23:47 INFO  compiling core (1 scala source)
2026.05.19 16:23:48 INFO  time: compiled core in 1.01s
May 19, 2026 4:24:07 PM org.eclipse.lsp4j.jsonrpc.RemoteEndpoint handleCancellation
WARNING: Unmatched cancel notification for request id 5672
2026.05.19 16:24:09 INFO  compiling core (1 scala source)
2026.05.19 16:24:09 INFO  time: compiled core in 0.21s
2026.05.19 16:24:35 INFO  Created report: Optional[file:///Users/robbetiteca/projects/school/thesis/ecosystem-randomized-cache/core/src/main/scala/riscv/plugins/Cache.scala]
2026.05.19 16:24:35 INFO  java.lang.StringIndexOutOfBoundsException: Range [8192, 8192 + -8) out of bounds for length 26999 (full report at: "/Users/robbetiteca/projects/school/thesis/ecosystem-randomized-cache/.metals/.reports/metals-full/2026-05-19/r_compiler-error_(core)_16-24-35-061.md")
2026.05.19 16:24:36 INFO  Created report: Optional[file:///Users/robbetiteca/projects/school/thesis/ecosystem-randomized-cache/core/src/main/scala/riscv/plugins/Cache.scala]
2026.05.19 16:24:36 INFO  java.lang.StringIndexOutOfBoundsException: Range [8192, 8192 + -8) out of bounds for length 27003 (full report at: "/Users/robbetiteca/projects/school/thesis/ecosystem-randomized-cache/.metals/.reports/metals-full/2026-05-19/r_compiler-error_(core)_16-24-36-701.md")
2026.05.19 16:24:38 INFO  compiling core (1 scala source)
2026.05.19 16:24:38 INFO  time: compiled core in 0.89s
2026.05.19 16:24:39 INFO  compiling core (1 scala source)
2026.05.19 16:24:39 WARN  Could not load snapshot text for /Users/robbetiteca/projects/school/thesis/ecosystem-randomized-cache/core/src/main/scala/riscv/plugins/Cache.scala
2026.05.19 16:24:39 INFO  time: compiled core in 0.68s
2026.05.19 16:24:44 INFO  compiling core (1 scala source)
2026.05.19 16:24:44 INFO  time: compiled core in 0.15s
May 19, 2026 4:24:44 PM scala.meta.internal.pc.CompilerAccess retryWithCleanCompiler
INFO: compiler crashed due to an error in the Scala compiler, retrying with new compiler instance.
May 19, 2026 4:24:49 PM scala.meta.internal.pc.CompilerAccess retryWithCleanCompiler
INFO: compiler crashed due to an error in the Scala compiler, retrying with new compiler instance.
May 19, 2026 4:24:51 PM scala.meta.internal.pc.CompilerAccess retryWithCleanCompiler
INFO: compiler crashed due to an error in the Scala compiler, retrying with new compiler instance.
May 19, 2026 4:25:14 PM scala.meta.internal.pc.CompilerAccess retryWithCleanCompiler
INFO: compiler crashed due to an error in the Scala compiler, retrying with new compiler instance.
May 19, 2026 4:25:14 PM scala.meta.internal.pc.CompilerAccess retryWithCleanCompiler
INFO: compiler crashed due to an error in the Scala compiler, retrying with new compiler instance.
May 19, 2026 4:25:15 PM scala.meta.internal.pc.CompilerAccess retryWithCleanCompiler
INFO: compiler crashed due to an error in the Scala compiler, retrying with new compiler instance.
2026.05.19 16:25:15 INFO  compiling core (1 scala source)
2026.05.19 16:25:15 INFO  time: compiled core in 0.13s
May 19, 2026 4:25:16 PM scala.meta.internal.pc.CompilerAccess retryWithCleanCompiler
INFO: compiler crashed due to an error in the Scala compiler, retrying with new compiler instance.
May 19, 2026 4:25:30 PM scala.meta.internal.pc.CompilerAccess retryWithCleanCompiler
INFO: compiler crashed due to an error in the Scala compiler, retrying with new compiler instance.
May 19, 2026 4:25:31 PM scala.meta.internal.pc.CompilerAccess retryWithCleanCompiler
INFO: compiler crashed due to an error in the Scala compiler, retrying with new compiler instance.
May 19, 2026 4:25:33 PM scala.meta.internal.pc.CompilerAccess retryWithCleanCompiler
INFO: compiler crashed due to an error in the Scala compiler, retrying with new compiler instance.
May 19, 2026 4:25:34 PM scala.meta.internal.pc.CompilerAccess retryWithCleanCompiler
INFO: compiler crashed due to an error in the Scala compiler, retrying with new compiler instance.
May 19, 2026 4:25:34 PM scala.meta.internal.pc.AutoImportsProvider$$anonfun$1 applyOrElse
WARNING: Could not infer edits for riscv.plugins.ImmediateDecoder, tree around the position were scala.reflect.internal.Trees$Ident,scala.reflect.internal.Trees$Apply,scala.reflect.internal.Trees$Apply,scala.reflect.internal.Trees$Select,scala.reflect.internal.Trees$Select, auto import position was Some(AutoImportPosition(173,0,false))
2026.05.19 16:25:34 INFO  compiling core (1 scala source)
May 19, 2026 4:25:34 PM scala.meta.internal.pc.CompilerAccess retryWithCleanCompiler
INFO: compiler crashed due to an error in the Scala compiler, retrying with new compiler instance.
May 19, 2026 4:25:34 PM scala.meta.internal.pc.AutoImportsProvider$$anonfun$1 applyOrElse
WARNING: Could not infer edits for riscv.plugins.ImmediateDecoder, tree around the position were scala.reflect.internal.Trees$Ident,scala.reflect.internal.Trees$Apply,scala.reflect.internal.Trees$Apply,scala.reflect.internal.Trees$Select,scala.reflect.internal.Trees$Select, auto import position was Some(AutoImportPosition(173,0,false))
2026.05.19 16:25:35 INFO  time: compiled core in 1.25s
2026.05.19 16:25:48 INFO  compiling core (1 scala source)
2026.05.19 16:25:48 INFO  time: compiled core in 0.9s
2026.05.19 16:26:00 INFO  compiling core (1 scala source)
2026.05.19 16:26:00 INFO  time: compiled core in 0.95s
2026.05.19 16:26:03 INFO  compiling core (1 scala source)
2026.05.19 16:26:03 INFO  time: compiled core in 0.92s
2026.05.19 16:26:21 INFO  compiling core (1 scala source)
2026.05.19 16:26:21 INFO  time: compiled core in 0.78s
2026.05.19 16:26:25 INFO  compiling core (1 scala source)
2026.05.19 16:26:25 INFO  time: compiled core in 0.61s
2026.05.19 16:26:39 INFO  compiling core (1 scala source)
2026.05.19 16:26:39 INFO  time: compiled core in 0.88s
2026.05.19 16:27:10 INFO  compiling core (1 scala source)
2026.05.19 16:27:10 INFO  time: compiled core in 0.83s
2026.05.19 16:27:27 INFO  compiling core (1 scala source)
2026.05.19 16:27:27 INFO  time: compiled core in 0.18s
May 19, 2026 4:27:27 PM scala.meta.internal.pc.CompilerAccess retryWithCleanCompiler
INFO: compiler crashed due to an error in the Scala compiler, retrying with new compiler instance.
May 19, 2026 4:27:28 PM scala.meta.internal.pc.CompilerAccess retryWithCleanCompiler
INFO: compiler crashed due to an error in the Scala compiler, retrying with new compiler instance.
May 19, 2026 4:27:31 PM scala.meta.internal.pc.CompilerAccess retryWithCleanCompiler
INFO: compiler crashed due to an error in the Scala compiler, retrying with new compiler instance.
May 19, 2026 4:27:31 PM scala.meta.internal.pc.AutoImportsProvider$$anonfun$1 applyOrElse
WARNING: Could not infer edits for riscv.plugins.ImmediateDecoder, tree around the position were scala.reflect.internal.Trees$Ident,scala.reflect.internal.Trees$Apply,scala.reflect.internal.Trees$Apply,scala.reflect.internal.Trees$Select,scala.reflect.internal.Trees$Select, auto import position was Some(AutoImportPosition(173,0,false))
May 19, 2026 4:27:32 PM scala.meta.internal.pc.CompilerAccess retryWithCleanCompiler
INFO: compiler crashed due to an error in the Scala compiler, retrying with new compiler instance.
May 19, 2026 4:27:32 PM scala.meta.internal.pc.AutoImportsProvider$$anonfun$1 applyOrElse
WARNING: Could not infer edits for riscv.plugins.ImmediateDecoder, tree around the position were scala.reflect.internal.Trees$Ident,scala.reflect.internal.Trees$Apply,scala.reflect.internal.Trees$Apply,scala.reflect.internal.Trees$Select,scala.reflect.internal.Trees$Select, auto import position was Some(AutoImportPosition(173,0,false))
May 19, 2026 4:27:32 PM scala.meta.internal.pc.AutoImportsProvider$$anonfun$1 applyOrElse
WARNING: Could not infer edits for riscv.plugins.ImmediateDecoder, tree around the position were scala.reflect.internal.Trees$Ident,scala.reflect.internal.Trees$Apply,scala.reflect.internal.Trees$Apply,scala.reflect.internal.Trees$Apply,scala.reflect.internal.Trees$Select, auto import position was Some(AutoImportPosition(173,0,false))
May 19, 2026 4:27:32 PM scala.meta.internal.pc.AutoImportsProvider$$anonfun$1 applyOrElse
WARNING: Could not infer edits for riscv.plugins.ImmediateDecoder, tree around the position were scala.reflect.internal.Trees$Ident,scala.reflect.internal.Trees$Apply,scala.reflect.internal.Trees$Apply,scala.reflect.internal.Trees$Select,scala.reflect.internal.Trees$Select, auto import position was Some(AutoImportPosition(173,0,false))
May 19, 2026 4:27:32 PM scala.meta.internal.pc.AutoImportsProvider$$anonfun$1 applyOrElse
WARNING: Could not infer edits for riscv.plugins.ImmediateDecoder, tree around the position were scala.reflect.internal.Trees$Ident,scala.reflect.internal.Trees$Apply,scala.reflect.internal.Trees$Apply,scala.reflect.internal.Trees$Select,scala.reflect.internal.Trees$Select, auto import position was Some(AutoImportPosition(173,0,false))
May 19, 2026 4:27:33 PM scala.meta.internal.pc.CompilerAccess retryWithCleanCompiler
INFO: compiler crashed due to an error in the Scala compiler, retrying with new compiler instance.
May 19, 2026 4:27:33 PM scala.meta.internal.pc.AutoImportsProvider$$anonfun$1 applyOrElse
WARNING: Could not infer edits for riscv.plugins.ImmediateDecoder, tree around the position were scala.reflect.internal.Trees$Ident,scala.reflect.internal.Trees$Apply,scala.reflect.internal.Trees$Apply,scala.reflect.internal.Trees$Apply,scala.reflect.internal.Trees$Select, auto import position was Some(AutoImportPosition(173,0,false))
May 19, 2026 4:27:33 PM scala.meta.internal.pc.AutoImportsProvider$$anonfun$1 applyOrElse
WARNING: Could not infer edits for riscv.plugins.ImmediateDecoder, tree around the position were scala.reflect.internal.Trees$Ident,scala.reflect.internal.Trees$Apply,scala.reflect.internal.Trees$Apply,scala.reflect.internal.Trees$Select,scala.reflect.internal.Trees$Select, auto import position was Some(AutoImportPosition(173,0,false))
May 19, 2026 4:27:33 PM scala.meta.internal.pc.AutoImportsProvider$$anonfun$1 applyOrElse
WARNING: Could not infer edits for riscv.plugins.ImmediateDecoder, tree around the position were scala.reflect.internal.Trees$Ident,scala.reflect.internal.Trees$Apply,scala.reflect.internal.Trees$Apply,scala.reflect.internal.Trees$Select,scala.reflect.internal.Trees$Select, auto import position was Some(AutoImportPosition(173,0,false))
May 19, 2026 4:27:35 PM scala.meta.internal.pc.CompilerAccess retryWithCleanCompiler
INFO: compiler crashed due to an error in the Scala compiler, retrying with new compiler instance.
May 19, 2026 4:27:35 PM scala.meta.internal.pc.AutoImportsProvider$$anonfun$1 applyOrElse
WARNING: Could not infer edits for riscv.plugins.ImmediateDecoder, tree around the position were scala.reflect.internal.Trees$Ident,scala.reflect.internal.Trees$Apply,scala.reflect.internal.Trees$Apply,scala.reflect.internal.Trees$Select,scala.reflect.internal.Trees$Select, auto import position was Some(AutoImportPosition(173,0,false))
May 19, 2026 4:27:35 PM scala.meta.internal.pc.AutoImportsProvider$$anonfun$1 applyOrElse
WARNING: Could not infer edits for riscv.plugins.ImmediateDecoder, tree around the position were scala.reflect.internal.Trees$Ident,scala.reflect.internal.Trees$Apply,scala.reflect.internal.Trees$Apply,scala.reflect.internal.Trees$Apply,scala.reflect.internal.Trees$Select, auto import position was Some(AutoImportPosition(173,0,false))
May 19, 2026 4:27:35 PM scala.meta.internal.pc.AutoImportsProvider$$anonfun$1 applyOrElse
WARNING: Could not infer edits for riscv.plugins.ImmediateDecoder, tree around the position were scala.reflect.internal.Trees$Ident,scala.reflect.internal.Trees$Apply,scala.reflect.internal.Trees$Apply,scala.reflect.internal.Trees$Select,scala.reflect.internal.Trees$Select, auto import position was Some(AutoImportPosition(173,0,false))
May 19, 2026 4:27:35 PM scala.meta.internal.pc.AutoImportsProvider$$anonfun$1 applyOrElse
WARNING: Could not infer edits for riscv.plugins.ImmediateDecoder, tree around the position were scala.reflect.internal.Trees$Ident,scala.reflect.internal.Trees$Apply,scala.reflect.internal.Trees$Apply,scala.reflect.internal.Trees$Select,scala.reflect.internal.Trees$Select, auto import position was Some(AutoImportPosition(173,0,false))
2026.05.19 16:27:35 INFO  compiling core (1 scala source)
2026.05.19 16:27:36 INFO  time: compiled core in 1.03s
May 19, 2026 4:28:34 PM org.eclipse.lsp4j.jsonrpc.RemoteEndpoint handleCancellation
WARNING: Unmatched cancel notification for request id 6532
2026.05.19 16:28:42 INFO  compiling core (1 scala source)
2026.05.19 16:28:42 INFO  time: compiled core in 0.62s
2026.05.19 16:29:04 INFO  compiling core (1 scala source)
2026.05.19 16:29:04 INFO  time: compiled core in 0.24s
2026.05.19 16:29:10 INFO  compiling core (1 scala source)
2026.05.19 16:29:11 INFO  time: compiled core in 1.21s
2026.05.19 16:29:35 INFO  compiling core (1 scala source)
2026.05.19 16:29:35 WARN  one feature warning; re-run with -feature for details
2026.05.19 16:29:36 INFO  time: compiled core in 1.01s
May 19, 2026 4:52:17 PM scala.meta.internal.pc.MetalsGlobal inverseSemanticdbSymbols
SEVERE: invalid SemanticDB symbol: riscv/plugins/Cache#getSetIndex().(address)
illegal cyclic reference involving class Cache
2026.05.19 16:52:24 INFO  compiling core (1 scala source)
2026.05.19 16:52:26 INFO  time: compiled core in 1.84s
2026.05.19 16:53:01 INFO  compiling core (1 scala source)
2026.05.19 16:53:02 INFO  time: compiled core in 1.31s
2026.05.19 16:53:24 INFO  compiling core (1 scala source)
2026.05.19 16:53:24 INFO  time: compiled core in 0.69s
May 19, 2026 4:57:37 PM org.eclipse.lsp4j.jsonrpc.RemoteEndpoint handleCancellation
WARNING: Unmatched cancel notification for request id 7291
Exception in thread "pool-10-thread-2" java.lang.InterruptedException
	at scala.meta.internal.metals.FutureCancelToken.checkCanceled(FutureCancelToken.scala:29)
	at scala.meta.internal.pc.CompilerAccess.$anonfun$onCompilerJobQueue$1(CompilerAccess.scala:207)
	at scala.meta.internal.pc.CompilerJobQueue$Job.run(CompilerJobQueue.scala:152)
	at java.base/java.util.concurrent.ThreadPoolExecutor.runWorker(ThreadPoolExecutor.java:1144)
	at java.base/java.util.concurrent.ThreadPoolExecutor$Worker.run(ThreadPoolExecutor.java:642)
	at java.base/java.lang.Thread.run(Thread.java:1583)
2026.05.20 13:25:39 INFO  compiling core (1 scala source)
2026.05.20 13:25:39 INFO  time: compiled core in 0.83s
2026.05.20 13:25:53 INFO  compiling core (1 scala source)
2026.05.20 13:25:53 INFO  time: compiled core in 0.23s
2026.05.20 13:26:26 INFO  compiling core (1 scala source)
2026.05.20 13:26:28 INFO  time: compiled core in 1.4s
May 20, 2026 2:17:07 PM org.eclipse.lsp4j.jsonrpc.RemoteEndpoint handleCancellation
WARNING: Unmatched cancel notification for request id 8084
2026.05.20 14:17:09 INFO  compiling core (1 scala source)
2026.05.20 14:17:11 INFO  time: compiled core in 2.09s
2026.05.20 14:17:45 INFO  compiling core (1 scala source)
2026.05.20 14:17:46 INFO  time: compiled core in 1.04s
2026.05.20 14:17:55 INFO  compiling core (1 scala source)
2026.05.20 14:17:55 INFO  time: compiled core in 0.97s
2026.05.20 14:18:05 INFO  compiling core (1 scala source)
2026.05.20 14:18:05 INFO  time: compiled core in 0.9s
2026.05.20 14:18:17 INFO  compiling core (1 scala source)
2026.05.20 14:18:17 INFO  time: compiled core in 0.91s
2026.05.20 14:18:46 INFO  compiling core (1 scala source)
2026.05.20 14:18:46 INFO  time: compiled core in 0.16s
2026.05.20 14:18:57 INFO  compiling core (1 scala source)
2026.05.20 14:18:57 INFO  time: compiled core in 0.17s
2026.05.20 14:19:03 INFO  compiling core (1 scala source)
2026.05.20 14:19:04 INFO  time: compiled core in 1.05s
2026.05.20 14:19:33 INFO  compiling core (1 scala source)
2026.05.20 14:19:33 INFO  time: compiled core in 0.16s
May 20, 2026 2:19:33 PM scala.meta.internal.pc.CompilerAccess retryWithCleanCompiler
INFO: compiler crashed due to an error in the Scala compiler, retrying with new compiler instance.
May 20, 2026 2:19:35 PM scala.meta.internal.pc.CompilerAccess retryWithCleanCompiler
INFO: compiler crashed due to an error in the Scala compiler, retrying with new compiler instance.
May 20, 2026 2:19:36 PM scala.meta.internal.pc.CompilerAccess retryWithCleanCompiler
INFO: compiler crashed due to an error in the Scala compiler, retrying with new compiler instance.
May 20, 2026 2:19:38 PM scala.meta.internal.pc.AutoImportsProvider$$anonfun$1 applyOrElse
WARNING: Could not infer edits for riscv.PcPayload, tree around the position were scala.reflect.internal.Trees$Ident,scala.reflect.internal.Trees$Select,scala.reflect.internal.Trees$Apply,scala.reflect.internal.Trees$Select,scala.reflect.internal.Trees$Apply, auto import position was Some(AutoImportPosition(173,0,false))
May 20, 2026 2:19:39 PM scala.meta.internal.pc.CompilerAccess retryWithCleanCompiler
INFO: compiler crashed due to an error in the Scala compiler, retrying with new compiler instance.
May 20, 2026 2:19:39 PM scala.meta.internal.pc.AutoImportsProvider$$anonfun$1 applyOrElse
WARNING: Could not infer edits for riscv.PcPayload, tree around the position were scala.reflect.internal.Trees$Apply,scala.reflect.internal.Trees$Select,scala.reflect.internal.Trees$Apply,scala.reflect.internal.Trees$Apply,scala.reflect.internal.Trees$Select, auto import position was Some(AutoImportPosition(173,0,false))
May 20, 2026 2:19:40 PM scala.meta.internal.pc.CompilerAccess retryWithCleanCompiler
INFO: compiler crashed due to an error in the Scala compiler, retrying with new compiler instance.
May 20, 2026 2:19:40 PM scala.meta.internal.pc.AutoImportsProvider$$anonfun$1 applyOrElse
WARNING: Could not infer edits for riscv.PcPayload, tree around the position were scala.reflect.internal.Trees$Apply,scala.reflect.internal.Trees$Select,scala.reflect.internal.Trees$Apply,scala.reflect.internal.Trees$Apply,scala.reflect.internal.Trees$Select, auto import position was Some(AutoImportPosition(173,0,false))
May 20, 2026 2:19:42 PM scala.meta.internal.pc.CompilerAccess retryWithCleanCompiler
INFO: compiler crashed due to an error in the Scala compiler, retrying with new compiler instance.
May 20, 2026 2:19:43 PM scala.meta.internal.pc.CompilerAccess retryWithCleanCompiler
INFO: compiler crashed due to an error in the Scala compiler, retrying with new compiler instance.
May 20, 2026 2:19:43 PM scala.meta.internal.pc.AutoImportsProvider$$anonfun$1 applyOrElse
WARNING: Could not infer edits for riscv.PcPayload, tree around the position were scala.reflect.internal.Trees$Apply,scala.reflect.internal.Trees$Select,scala.reflect.internal.Trees$Apply,scala.reflect.internal.Trees$Apply,scala.reflect.internal.Trees$Apply, auto import position was Some(AutoImportPosition(173,0,false))
2026.05.20 14:19:43 INFO  compiling core (1 scala source)
2026.05.20 14:19:43 INFO  time: compiled core in 0.2s
May 20, 2026 2:19:44 PM scala.meta.internal.pc.CompilerAccess retryWithCleanCompiler
INFO: compiler crashed due to an error in the Scala compiler, retrying with new compiler instance.
May 20, 2026 2:19:45 PM scala.meta.internal.pc.CompilerAccess retryWithCleanCompiler
INFO: compiler crashed due to an error in the Scala compiler, retrying with new compiler instance.
May 20, 2026 2:19:46 PM scala.meta.internal.pc.CompilerAccess retryWithCleanCompiler
INFO: compiler crashed due to an error in the Scala compiler, retrying with new compiler instance.
May 20, 2026 2:19:46 PM scala.meta.internal.pc.CompilerAccess retryWithCleanCompiler
INFO: compiler crashed due to an error in the Scala compiler, retrying with new compiler instance.
May 20, 2026 2:19:48 PM scala.meta.internal.pc.CompilerAccess retryWithCleanCompiler
INFO: compiler crashed due to an error in the Scala compiler, retrying with new compiler instance.
May 20, 2026 2:19:48 PM scala.meta.internal.pc.AutoImportsProvider$$anonfun$1 applyOrElse
WARNING: Could not infer edits for riscv.PcPayload, tree around the position were scala.reflect.internal.Trees$Ident,scala.reflect.internal.Trees$Apply,scala.reflect.internal.Trees$Apply,scala.reflect.internal.Trees$Apply,scala.reflect.internal.Trees$Select, auto import position was Some(AutoImportPosition(173,0,false))
May 20, 2026 2:19:48 PM scala.meta.internal.pc.AutoImportsProvider$$anonfun$1 applyOrElse
WARNING: Could not infer edits for riscv.PcPayload, tree around the position were scala.reflect.internal.Trees$Ident,scala.reflect.internal.Trees$Select,scala.reflect.internal.Trees$Apply,scala.reflect.internal.Trees$Select,scala.reflect.internal.Trees$Apply, auto import position was Some(AutoImportPosition(173,0,false))
May 20, 2026 2:19:48 PM scala.meta.internal.pc.AutoImportsProvider$$anonfun$1 applyOrElse
WARNING: Could not infer edits for riscv.PcPayload, tree around the position were scala.reflect.internal.Trees$Ident,scala.reflect.internal.Trees$Apply,scala.reflect.internal.Trees$Apply,scala.reflect.internal.Trees$Apply,scala.reflect.internal.Trees$Select, auto import position was Some(AutoImportPosition(173,0,false))
May 20, 2026 2:19:48 PM scala.meta.internal.pc.CompilerAccess retryWithCleanCompiler
INFO: compiler crashed due to an error in the Scala compiler, retrying with new compiler instance.
May 20, 2026 2:19:48 PM scala.meta.internal.pc.AutoImportsProvider$$anonfun$1 applyOrElse
WARNING: Could not infer edits for riscv.PcPayload, tree around the position were scala.reflect.internal.Trees$Ident,scala.reflect.internal.Trees$Select,scala.reflect.internal.Trees$Apply,scala.reflect.internal.Trees$Select,scala.reflect.internal.Trees$Apply, auto import position was Some(AutoImportPosition(173,0,false))
May 20, 2026 2:19:48 PM scala.meta.internal.pc.AutoImportsProvider$$anonfun$1 applyOrElse
WARNING: Could not infer edits for riscv.PcPayload, tree around the position were scala.reflect.internal.Trees$Ident,scala.reflect.internal.Trees$Apply,scala.reflect.internal.Trees$Apply,scala.reflect.internal.Trees$Apply,scala.reflect.internal.Trees$Select, auto import position was Some(AutoImportPosition(173,0,false))
May 20, 2026 2:19:49 PM scala.meta.internal.pc.AutoImportsProvider$$anonfun$1 applyOrElse
WARNING: Could not infer edits for riscv.PcPayload, tree around the position were scala.reflect.internal.Trees$Ident,scala.reflect.internal.Trees$Apply,scala.reflect.internal.Trees$Apply,scala.reflect.internal.Trees$Apply,scala.reflect.internal.Trees$Select, auto import position was Some(AutoImportPosition(173,0,false))
May 20, 2026 2:19:49 PM scala.meta.internal.pc.AutoImportsProvider$$anonfun$1 applyOrElse
WARNING: Could not infer edits for riscv.PcPayload, tree around the position were scala.reflect.internal.Trees$Ident,scala.reflect.internal.Trees$Select,scala.reflect.internal.Trees$Apply,scala.reflect.internal.Trees$Select,scala.reflect.internal.Trees$Apply, auto import position was Some(AutoImportPosition(173,0,false))
May 20, 2026 2:19:49 PM scala.meta.internal.pc.CompilerAccess retryWithCleanCompiler
INFO: compiler crashed due to an error in the Scala compiler, retrying with new compiler instance.
May 20, 2026 2:19:49 PM scala.meta.internal.pc.AutoImportsProvider$$anonfun$1 applyOrElse
WARNING: Could not infer edits for riscv.PcPayload, tree around the position were scala.reflect.internal.Trees$Ident,scala.reflect.internal.Trees$Select,scala.reflect.internal.Trees$Apply,scala.reflect.internal.Trees$Select,scala.reflect.internal.Trees$Apply, auto import position was Some(AutoImportPosition(173,0,false))
May 20, 2026 2:19:50 PM scala.meta.internal.pc.CompilerAccess retryWithCleanCompiler
INFO: compiler crashed due to an error in the Scala compiler, retrying with new compiler instance.
May 20, 2026 2:19:51 PM scala.meta.internal.pc.CompilerAccess retryWithCleanCompiler
INFO: compiler crashed due to an error in the Scala compiler, retrying with new compiler instance.
May 20, 2026 2:19:51 PM scala.meta.internal.pc.AutoImportsProvider$$anonfun$1 applyOrElse
WARNING: Could not infer edits for riscv.PcPayload, tree around the position were scala.reflect.internal.Trees$Ident,scala.reflect.internal.Trees$Select,scala.reflect.internal.Trees$Apply,scala.reflect.internal.Trees$Select,scala.reflect.internal.Trees$Apply, auto import position was Some(AutoImportPosition(173,0,false))
May 20, 2026 2:19:51 PM scala.meta.internal.pc.AutoImportsProvider$$anonfun$1 applyOrElse
WARNING: Could not infer edits for riscv.PcPayload, tree around the position were scala.reflect.internal.Trees$Ident,scala.reflect.internal.Trees$Apply,scala.reflect.internal.Trees$Apply,scala.reflect.internal.Trees$Apply,scala.reflect.internal.Trees$Select, auto import position was Some(AutoImportPosition(173,0,false))
May 20, 2026 2:19:51 PM scala.meta.internal.pc.AutoImportsProvider$$anonfun$1 applyOrElse
WARNING: Could not infer edits for riscv.PcPayload, tree around the position were scala.reflect.internal.Trees$Ident,scala.reflect.internal.Trees$Apply,scala.reflect.internal.Trees$Apply,scala.reflect.internal.Trees$Apply,scala.reflect.internal.Trees$Select, auto import position was Some(AutoImportPosition(173,0,false))
2026.05.20 14:19:51 INFO  compiling core (1 scala source)
2026.05.20 14:19:52 INFO  time: compiled core in 1.23s
May 20, 2026 2:20:08 PM scala.meta.internal.pc.CompletionProvider expected$1
WARNING: Range [14852, 14852 + -1) out of bounds for length 26899
2026.05.20 14:20:32 INFO  compiling core (1 scala source)
2026.05.20 14:20:32 INFO  time: compiled core in 0.9s
May 20, 2026 2:21:16 PM scala.meta.internal.pc.CompletionProvider expected$1
WARNING: Range [14326, 14326 + -1) out of bounds for length 26878
2026.05.20 14:22:25 INFO  compiling core (1 scala source)
2026.05.20 14:22:25 INFO  time: compiled core in 0.15s
2026.05.20 14:22:33 INFO  compiling core (1 scala source)
2026.05.20 14:22:35 INFO  time: compiled core in 1.71s
2026.05.20 14:22:57 INFO  compiling core (1 scala source)
2026.05.20 14:22:57 INFO  time: compiled core in 0.98s
2026.05.20 14:23:10 INFO  compiling core (1 scala source)
2026.05.20 14:23:10 INFO  time: compiled core in 0.99s
2026.05.20 14:23:19 INFO  compiling core (1 scala source)
2026.05.20 14:23:21 INFO  time: compiled core in 1.18s
2026.05.20 14:23:41 INFO  compiling core (1 scala source)
2026.05.20 14:23:41 INFO  time: compiled core in 0.98s
2026.05.20 14:24:05 INFO  compiling core (1 scala source)
2026.05.20 14:24:05 INFO  time: compiled core in 0.85s
2026.05.20 14:24:15 INFO  compiling core (1 scala source)
2026.05.20 14:24:15 INFO  time: compiled core in 0.86s
2026.05.20 14:24:26 INFO  compiling core (1 scala source)
2026.05.20 14:24:26 INFO  time: compiled core in 0.92s
2026.05.20 14:24:36 INFO  compiling core (1 scala source)
2026.05.20 14:24:36 INFO  time: compiled core in 0.87s
May 20, 2026 2:24:45 PM scala.meta.internal.pc.CompletionProvider expected$1
WARNING: Range [8980, 8980 + -1) out of bounds for length 26898
2026.05.20 14:24:47 INFO  compiling core (1 scala source)
2026.05.20 14:24:47 INFO  time: compiled core in 0.95s
May 20, 2026 2:24:53 PM org.eclipse.lsp4j.jsonrpc.RemoteEndpoint handleCancellation
WARNING: Unmatched cancel notification for request id 11053
2026.05.20 14:24:54 INFO  compiling core (1 scala source)
2026.05.20 14:24:54 INFO  time: compiled core in 0.85s
2026.05.20 14:25:15 INFO  compiling core (1 scala source)
2026.05.20 14:25:15 INFO  time: compiled core in 0.91s
2026.05.20 14:25:37 INFO  compiling core (1 scala source)
2026.05.20 14:25:37 INFO  time: compiled core in 0.91s
2026.05.20 14:25:42 INFO  compiling core (1 scala source)
2026.05.20 14:25:42 INFO  time: compiled core in 0.9s
2026.05.20 14:25:55 INFO  compiling core (1 scala source)
2026.05.20 14:25:55 INFO  time: compiled core in 0.95s
2026.05.20 14:26:05 INFO  compiling core (1 scala source)
2026.05.20 14:26:05 INFO  time: compiled core in 0.82s
2026.05.20 14:26:34 INFO  Created report: Optional[file:///Users/robbetiteca/projects/school/thesis/ecosystem-randomized-cache/core/src/main/scala/riscv/plugins/Cache.scala]
2026.05.20 14:26:34 INFO  empty definition using pc, found symbol in pc:  (full report at: "/Users/robbetiteca/projects/school/thesis/ecosystem-randomized-cache/.metals/.reports/metals-full/2026-05-20/r_empty-definition_(core)_14-26-34-784.md")
2026.05.20 14:26:35 INFO  empty definition using pc, found symbol in pc:  (full report at: "/Users/robbetiteca/projects/school/thesis/ecosystem-randomized-cache/.metals/.reports/metals-full/2026-05-20/r_empty-definition_(core)_14-26-34-784.md")
2026.05.20 14:26:53 INFO  compiling core (1 scala source)
2026.05.20 14:26:53 INFO  time: compiled core in 0.74s
2026.05.20 14:27:06 INFO  compiling core (1 scala source)
2026.05.20 14:27:06 INFO  time: compiled core in 0.69s
2026.05.20 14:27:14 INFO  compiling core (1 scala source)
2026.05.20 14:27:14 INFO  time: compiled core in 0.7s
2026.05.20 14:27:21 INFO  compiling core (1 scala source)
2026.05.20 14:27:21 INFO  time: compiled core in 0.73s
2026.05.20 14:27:37 INFO  compiling core (1 scala source)
2026.05.20 14:27:37 INFO  time: compiled core in 0.78s
2026.05.20 14:28:33 INFO  compiling core (1 scala source)
2026.05.20 14:28:33 INFO  time: compiled core in 0.82s
2026.05.20 14:28:45 INFO  compiling core (1 scala source)
2026.05.20 14:28:45 INFO  time: compiled core in 0.15s
May 20, 2026 2:28:45 PM scala.meta.internal.pc.CompilerAccess retryWithCleanCompiler
INFO: compiler crashed due to an error in the Scala compiler, retrying with new compiler instance.
May 20, 2026 2:28:47 PM scala.meta.internal.pc.CompilerAccess retryWithCleanCompiler
INFO: compiler crashed due to an error in the Scala compiler, retrying with new compiler instance.
May 20, 2026 2:28:49 PM scala.meta.internal.pc.CompilerAccess retryWithCleanCompiler
INFO: compiler crashed due to an error in the Scala compiler, retrying with new compiler instance.
May 20, 2026 2:28:50 PM scala.meta.internal.pc.CompilerAccess retryWithCleanCompiler
INFO: compiler crashed due to an error in the Scala compiler, retrying with new compiler instance.
May 20, 2026 2:29:01 PM scala.meta.internal.pc.CompilerAccess retryWithCleanCompiler
INFO: compiler crashed due to an error in the Scala compiler, retrying with new compiler instance.
May 20, 2026 2:29:02 PM scala.meta.internal.pc.CompilerAccess retryWithCleanCompiler
INFO: compiler crashed due to an error in the Scala compiler, retrying with new compiler instance.
May 20, 2026 2:29:02 PM scala.meta.internal.pc.CompilerAccess retryWithCleanCompiler
INFO: compiler crashed due to an error in the Scala compiler, retrying with new compiler instance.
2026.05.20 14:29:02 INFO  compiling core (1 scala source)
2026.05.20 14:29:02 INFO  time: compiled core in 59ms
2026.05.20 14:29:21 INFO  compiling core (1 scala source)
2026.05.20 14:29:21 INFO  time: compiled core in 0.12s
May 20, 2026 2:29:21 PM scala.meta.internal.pc.CompilerAccess retryWithCleanCompiler
INFO: compiler crashed due to an error in the Scala compiler, retrying with new compiler instance.
May 20, 2026 2:29:27 PM scala.meta.internal.pc.CompilerAccess retryWithCleanCompiler
INFO: compiler crashed due to an error in the Scala compiler, retrying with new compiler instance.
May 20, 2026 2:29:28 PM scala.meta.internal.pc.CompilerAccess retryWithCleanCompiler
INFO: compiler crashed due to an error in the Scala compiler, retrying with new compiler instance.
May 20, 2026 2:29:29 PM scala.meta.internal.pc.CompilerAccess retryWithCleanCompiler
INFO: compiler crashed due to an error in the Scala compiler, retrying with new compiler instance.
May 20, 2026 2:29:37 PM scala.meta.internal.pc.CompilerAccess retryWithCleanCompiler
INFO: compiler crashed due to an error in the Scala compiler, retrying with new compiler instance.
May 20, 2026 2:29:40 PM scala.meta.internal.pc.CompilerAccess retryWithCleanCompiler
INFO: compiler crashed due to an error in the Scala compiler, retrying with new compiler instance.
May 20, 2026 2:29:41 PM scala.meta.internal.pc.CompilerAccess retryWithCleanCompiler
INFO: compiler crashed due to an error in the Scala compiler, retrying with new compiler instance.
May 20, 2026 2:29:42 PM scala.meta.internal.pc.CompilerAccess retryWithCleanCompiler
INFO: compiler crashed due to an error in the Scala compiler, retrying with new compiler instance.
May 20, 2026 2:29:58 PM scala.meta.internal.pc.CompilerAccess retryWithCleanCompiler
INFO: compiler crashed due to an error in the Scala compiler, retrying with new compiler instance.
May 20, 2026 2:29:59 PM scala.meta.internal.pc.CompilerAccess retryWithCleanCompiler
INFO: compiler crashed due to an error in the Scala compiler, retrying with new compiler instance.
May 20, 2026 2:29:59 PM scala.meta.internal.pc.CompilerAccess retryWithCleanCompiler
INFO: compiler crashed due to an error in the Scala compiler, retrying with new compiler instance.
May 20, 2026 2:30:00 PM scala.meta.internal.pc.CompilerAccess retryWithCleanCompiler
INFO: compiler crashed due to an error in the Scala compiler, retrying with new compiler instance.
May 20, 2026 2:30:01 PM scala.meta.internal.pc.CompilerAccess retryWithCleanCompiler
INFO: compiler crashed due to an error in the Scala compiler, retrying with new compiler instance.
May 20, 2026 2:30:02 PM scala.meta.internal.pc.CompilerAccess retryWithCleanCompiler
INFO: compiler crashed due to an error in the Scala compiler, retrying with new compiler instance.
May 20, 2026 2:30:03 PM scala.meta.internal.pc.CompilerAccess retryWithCleanCompiler
INFO: compiler crashed due to an error in the Scala compiler, retrying with new compiler instance.
May 20, 2026 2:30:04 PM scala.meta.internal.pc.CompilerAccess retryWithCleanCompiler
INFO: compiler crashed due to an error in the Scala compiler, retrying with new compiler instance.
2026.05.20 14:30:04 INFO  compiling core (1 scala source)
2026.05.20 14:30:04 INFO  time: compiled core in 0.14s
May 20, 2026 2:30:04 PM scala.meta.internal.pc.CompilerAccess retryWithCleanCompiler
INFO: compiler crashed due to an error in the Scala compiler, retrying with new compiler instance.
May 20, 2026 2:30:09 PM scala.meta.internal.pc.CompilerAccess retryWithCleanCompiler
INFO: compiler crashed due to an error in the Scala compiler, retrying with new compiler instance.
May 20, 2026 2:30:13 PM scala.meta.internal.pc.CompilerAccess retryWithCleanCompiler
INFO: compiler crashed due to an error in the Scala compiler, retrying with new compiler instance.
2026.05.20 14:30:14 INFO  compiling core (1 scala source)
2026.05.20 14:30:14 INFO  time: compiled core in 0.13s
May 20, 2026 2:30:14 PM scala.meta.internal.pc.CompilerAccess retryWithCleanCompiler
INFO: compiler crashed due to an error in the Scala compiler, retrying with new compiler instance.
May 20, 2026 2:30:16 PM scala.meta.internal.pc.CompilerAccess retryWithCleanCompiler
INFO: compiler crashed due to an error in the Scala compiler, retrying with new compiler instance.
May 20, 2026 2:30:30 PM scala.meta.internal.pc.CompilerAccess retryWithCleanCompiler
INFO: compiler crashed due to an error in the Scala compiler, retrying with new compiler instance.
May 20, 2026 2:30:32 PM scala.meta.internal.pc.CompilerAccess retryWithCleanCompiler
INFO: compiler crashed due to an error in the Scala compiler, retrying with new compiler instance.
May 20, 2026 2:30:32 PM scala.meta.internal.pc.CompilerAccess retryWithCleanCompiler
INFO: compiler crashed due to an error in the Scala compiler, retrying with new compiler instance.
May 20, 2026 2:30:33 PM scala.meta.internal.pc.CompilerAccess retryWithCleanCompiler
INFO: compiler crashed due to an error in the Scala compiler, retrying with new compiler instance.
May 20, 2026 2:30:43 PM scala.meta.internal.pc.CompilerAccess retryWithCleanCompiler
INFO: compiler crashed due to an error in the Scala compiler, retrying with new compiler instance.
May 20, 2026 2:30:46 PM scala.meta.internal.pc.CompilerAccess retryWithCleanCompiler
INFO: compiler crashed due to an error in the Scala compiler, retrying with new compiler instance.
May 20, 2026 2:30:47 PM scala.meta.internal.pc.CompilerAccess retryWithCleanCompiler
INFO: compiler crashed due to an error in the Scala compiler, retrying with new compiler instance.
May 20, 2026 2:30:48 PM scala.meta.internal.pc.CompilerAccess retryWithCleanCompiler
INFO: compiler crashed due to an error in the Scala compiler, retrying with new compiler instance.
May 20, 2026 2:30:49 PM scala.meta.internal.pc.CompilerAccess retryWithCleanCompiler
INFO: compiler crashed due to an error in the Scala compiler, retrying with new compiler instance.
May 20, 2026 2:30:50 PM scala.meta.internal.pc.CompilerAccess retryWithCleanCompiler
INFO: compiler crashed due to an error in the Scala compiler, retrying with new compiler instance.
May 20, 2026 2:30:51 PM scala.meta.internal.pc.CompilerAccess retryWithCleanCompiler
INFO: compiler crashed due to an error in the Scala compiler, retrying with new compiler instance.
May 20, 2026 2:30:52 PM scala.meta.internal.pc.CompilerAccess retryWithCleanCompiler
INFO: compiler crashed due to an error in the Scala compiler, retrying with new compiler instance.
2026.05.20 14:30:52 INFO  compiling core (1 scala source)
2026.05.20 14:30:52 INFO  time: compiled core in 58ms
2026.05.20 14:31:02 INFO  compiling core (1 scala source)
2026.05.20 14:31:02 INFO  time: compiled core in 51ms
2026.05.20 14:31:03 INFO  Created report: Optional[file:///Users/robbetiteca/projects/school/thesis/ecosystem-randomized-cache/core/src/main/scala/riscv/plugins/Cache.scala]
2026.05.20 14:31:03 INFO  empty definition using pc, found symbol in pc:  (full report at: "/Users/robbetiteca/projects/school/thesis/ecosystem-randomized-cache/.metals/.reports/metals-full/2026-05-20/r_empty-definition_(core)_14-31-03-425.md")
2026.05.20 14:31:03 INFO  empty definition using pc, found symbol in pc:  (full report at: "/Users/robbetiteca/projects/school/thesis/ecosystem-randomized-cache/.metals/.reports/metals-full/2026-05-20/r_empty-definition_(core)_14-31-03-425.md")
2026.05.20 14:31:08 INFO  compiling core (1 scala source)
2026.05.20 14:31:08 INFO  time: compiled core in 0.15s
May 20, 2026 2:31:08 PM scala.meta.internal.pc.CompilerAccess retryWithCleanCompiler
INFO: compiler crashed due to an error in the Scala compiler, retrying with new compiler instance.
May 20, 2026 2:31:10 PM scala.meta.internal.pc.CompilerAccess retryWithCleanCompiler
INFO: compiler crashed due to an error in the Scala compiler, retrying with new compiler instance.
May 20, 2026 2:31:32 PM scala.meta.internal.pc.CompilerAccess retryWithCleanCompiler
INFO: compiler crashed due to an error in the Scala compiler, retrying with new compiler instance.
May 20, 2026 2:31:33 PM scala.meta.internal.pc.CompilerAccess retryWithCleanCompiler
INFO: compiler crashed due to an error in the Scala compiler, retrying with new compiler instance.
May 20, 2026 2:31:33 PM scala.meta.internal.pc.CompilerAccess retryWithCleanCompiler
INFO: compiler crashed due to an error in the Scala compiler, retrying with new compiler instance.
May 20, 2026 2:31:38 PM scala.meta.internal.pc.CompilerAccess retryWithCleanCompiler
INFO: compiler crashed due to an error in the Scala compiler, retrying with new compiler instance.
2026.05.20 14:31:39 INFO  Created report: Optional[file:///Users/robbetiteca/projects/school/thesis/ecosystem-randomized-cache/core/src/main/scala/riscv/plugins/Cache.scala]
2026.05.20 14:31:39 INFO  empty definition using pc, found symbol in pc:  (full report at: "/Users/robbetiteca/projects/school/thesis/ecosystem-randomized-cache/.metals/.reports/metals-full/2026-05-20/r_empty-definition_(core)_14-31-39-849.md")
May 20, 2026 2:31:47 PM scala.meta.internal.pc.CompilerAccess retryWithCleanCompiler
INFO: compiler crashed due to an error in the Scala compiler, retrying with new compiler instance.
May 20, 2026 2:31:48 PM scala.meta.internal.pc.CompilerAccess retryWithCleanCompiler
INFO: compiler crashed due to an error in the Scala compiler, retrying with new compiler instance.
May 20, 2026 2:31:49 PM scala.meta.internal.pc.CompilerAccess retryWithCleanCompiler
INFO: compiler crashed due to an error in the Scala compiler, retrying with new compiler instance.
2026.05.20 14:31:50 INFO  empty definition using pc, found symbol in pc:  (full report at: "/Users/robbetiteca/projects/school/thesis/ecosystem-randomized-cache/.metals/.reports/metals-full/2026-05-20/r_empty-definition_(core)_14-31-39-849.md")
May 20, 2026 2:31:52 PM scala.meta.internal.pc.CompilerAccess retryWithCleanCompiler
INFO: compiler crashed due to an error in the Scala compiler, retrying with new compiler instance.
May 20, 2026 2:31:56 PM scala.meta.internal.pc.CompilerAccess retryWithCleanCompiler
INFO: compiler crashed due to an error in the Scala compiler, retrying with new compiler instance.
May 20, 2026 2:32:10 PM scala.meta.internal.pc.CompilerAccess retryWithCleanCompiler
INFO: compiler crashed due to an error in the Scala compiler, retrying with new compiler instance.
May 20, 2026 2:32:12 PM scala.meta.internal.pc.CompilerAccess retryWithCleanCompiler
INFO: compiler crashed due to an error in the Scala compiler, retrying with new compiler instance.
May 20, 2026 2:32:14 PM scala.meta.internal.pc.CompilerAccess retryWithCleanCompiler
INFO: compiler crashed due to an error in the Scala compiler, retrying with new compiler instance.
May 20, 2026 2:32:15 PM scala.meta.internal.pc.CompilerAccess retryWithCleanCompiler
INFO: compiler crashed due to an error in the Scala compiler, retrying with new compiler instance.
2026.05.20 14:32:16 INFO  compiling core (1 scala source)
2026.05.20 14:32:16 INFO  time: compiled core in 0.14s
2026.05.20 14:32:21 INFO  compiling core (1 scala source)
2026.05.20 14:32:21 INFO  time: compiled core in 0.88s
2026.05.20 14:45:45 INFO  compiling core (1 scala source)
2026.05.20 14:45:45 INFO  time: compiled core in 0.72s
2026.05.20 14:45:54 INFO  compiling core (1 scala source)
2026.05.20 14:45:54 INFO  time: compiled core in 0.25s
2026.05.20 14:45:56 INFO  empty definition using pc, found symbol in pc:  (full report at: "/Users/robbetiteca/projects/school/thesis/ecosystem-randomized-cache/.metals/.reports/metals-full/2026-05-20/r_empty-definition_(core)_14-26-34-784.md")
2026.05.20 14:45:56 INFO  empty definition using pc, found symbol in pc:  (full report at: "/Users/robbetiteca/projects/school/thesis/ecosystem-randomized-cache/.metals/.reports/metals-full/2026-05-20/r_empty-definition_(core)_14-26-34-784.md")
2026.05.20 14:46:13 INFO  compiling core (1 scala source)
2026.05.20 14:46:14 INFO  time: compiled core in 1.13s
2026.05.20 14:46:21 INFO  compiling core (1 scala source)
2026.05.20 14:46:21 INFO  time: compiled core in 0.78s
2026.05.20 14:48:13 INFO  compiling core (1 scala source)
2026.05.20 14:48:16 INFO  time: compiled core in 2.32s
2026.05.20 14:48:39 INFO  compiling core (1 scala source)
2026.05.20 14:48:40 INFO  time: compiled core in 1.02s
May 20, 2026 2:55:00 PM org.eclipse.lsp4j.jsonrpc.RemoteEndpoint handleCancellation
WARNING: Unmatched cancel notification for request id 14156
2026.05.20 14:55:20 INFO  compiling core (2 scala sources)
2026.05.20 14:55:20 INFO  time: compiled core in 0.89s
2026.05.20 14:55:21 INFO  compiling core (2 scala sources)
2026.05.20 14:55:21 INFO  time: compiled core in 0.33s
May 20, 2026 2:55:25 PM scala.meta.internal.pc.CompilerAccess retryWithCleanCompiler
INFO: compiler crashed due to an error in the Scala compiler, retrying with new compiler instance.
2026.05.20 14:55:25 INFO  compiling core (2 scala sources)
May 20, 2026 2:55:25 PM scala.meta.internal.pc.CompilerAccess retryWithCleanCompiler
INFO: compiler crashed due to an error in the Scala compiler, retrying with new compiler instance.
2026.05.20 14:55:25 INFO  time: compiled core in 0.34s
May 20, 2026 2:55:26 PM scala.meta.internal.pc.CompilerAccess retryWithCleanCompiler
INFO: compiler crashed due to an error in the Scala compiler, retrying with new compiler instance.
May 20, 2026 2:55:26 PM scala.meta.internal.pc.CompilerAccess retryWithCleanCompiler
INFO: compiler crashed due to an error in the Scala compiler, retrying with new compiler instance.
May 20, 2026 2:55:27 PM scala.meta.internal.pc.CompilerAccess retryWithCleanCompiler
INFO: compiler crashed due to an error in the Scala compiler, retrying with new compiler instance.
2026.05.20 14:55:27 INFO  compiling core (2 scala sources)
2026.05.20 14:55:27 INFO  time: compiled core in 0.22s
2026.05.20 14:55:27 INFO  compiling core (2 scala sources)
May 20, 2026 2:55:28 PM scala.meta.internal.pc.CompilerAccess retryWithCleanCompiler
INFO: compiler crashed due to an error in the Scala compiler, retrying with new compiler instance.
2026.05.20 14:55:28 INFO  time: compiled core in 0.26s
May 20, 2026 2:56:48 PM scala.meta.internal.pc.CompilerAccess retryWithCleanCompiler
INFO: compiler crashed due to an error in the Scala compiler, retrying with new compiler instance.
May 20, 2026 2:57:00 PM scala.meta.internal.pc.CompilerAccess retryWithCleanCompiler
INFO: compiler crashed due to an error in the Scala compiler, retrying with new compiler instance.
May 20, 2026 2:57:09 PM scala.meta.internal.pc.CompilerAccess retryWithCleanCompiler
INFO: compiler crashed due to an error in the Scala compiler, retrying with new compiler instance.
2026.05.20 14:57:20 INFO  compiling core (2 scala sources)
2026.05.20 14:57:20 INFO  time: compiled core in 0.94s
May 20, 2026 2:57:24 PM scala.meta.internal.pc.CompilerAccess retryWithCleanCompiler
INFO: compiler crashed due to an error in the Scala compiler, retrying with new compiler instance.
2026.05.20 14:57:24 INFO  compiling core (2 scala sources)
2026.05.20 14:57:24 INFO  time: compiled core in 0.35s
May 20, 2026 2:57:25 PM scala.meta.internal.pc.CompilerAccess retryWithCleanCompiler
INFO: compiler crashed due to an error in the Scala compiler, retrying with new compiler instance.
May 20, 2026 2:57:25 PM scala.meta.internal.pc.CompilerAccess retryWithCleanCompiler
INFO: compiler crashed due to an error in the Scala compiler, retrying with new compiler instance.
2026.05.20 14:58:28 INFO  compiling core (2 scala sources)
2026.05.20 14:58:29 WARN  one feature warning; re-run with -feature for details
2026.05.20 14:58:29 INFO  time: compiled core in 1.7s
2026.05.20 14:59:05 INFO  compiling core (1 scala source)
2026.05.20 14:59:06 INFO  time: compiled core in 1s
2026.05.20 15:00:14 INFO  compiling core (1 scala source)
2026.05.20 15:00:16 INFO  time: compiled core in 2.2s
May 20, 2026 3:05:48 PM org.eclipse.lsp4j.jsonrpc.RemoteEndpoint handleCancellation
WARNING: Unmatched cancel notification for request id 15760
2026.05.20 15:06:00 INFO  compiling core (1 scala source)
2026.05.20 15:06:00 INFO  time: compiled core in 0.86s
2026.05.20 15:06:07 INFO  compiling core (1 scala source)
2026.05.20 15:06:07 INFO  time: compiled core in 0.22s
2026.05.20 15:06:09 INFO  compiling core (1 scala source)
2026.05.20 15:06:09 INFO  time: compiled core in 0.17s
2026.05.20 15:06:14 INFO  compiling core (1 scala source)
2026.05.20 15:06:15 INFO  time: compiled core in 1.24s
2026.05.20 17:38:20 WARN  Could not find semantic tokens for: file:///Users/robbetiteca/projects/school/thesis/ecosystem-randomized-cache/core/src/main/scala/riscv/plugins/Cache.scala
May 20, 2026 5:38:29 PM scala.meta.internal.pc.CompilerAccess retryWithCleanCompiler
INFO: compiler crashed due to an error in the Scala compiler, retrying with new compiler instance.
2026.05.20 17:45:32 INFO  compiling core (1 scala source)
2026.05.20 17:45:34 INFO  time: compiled core in 2.15s
May 20, 2026 5:50:40 PM org.eclipse.lsp4j.jsonrpc.RemoteEndpoint handleCancellation
WARNING: Unmatched cancel notification for request id 16763
2026.05.20 17:50:42 INFO  compiling core (1 scala source)
2026.05.20 17:50:45 INFO  time: compiled core in 3.06s
2026.05.20 18:12:15 WARN  Could not find semantic tokens for: file:///Users/robbetiteca/projects/school/thesis/ecosystem-randomized-cache/core/src/main/scala/riscv/plugins/Cache.scala
2026.05.20 18:12:58 INFO  compiling core (1 scala source)
2026.05.20 18:13:01 INFO  time: compiled core in 2.54s
2026.05.20 18:13:01 INFO  compiling core (1 scala source)
2026.05.20 18:13:03 INFO  time: compiled core in 1.56s
2026.05.20 18:13:05 INFO  compiling core (1 scala source)
2026.05.20 18:13:06 INFO  time: compiled core in 1.2s
2026.05.20 18:13:26 INFO  compiling core (1 scala source)
2026.05.20 18:13:26 WARN  one feature warning; re-run with -feature for details
2026.05.20 18:13:27 INFO  time: compiled core in 1.02s
Exception in thread "pool-10-thread-3" java.lang.InterruptedException
	at scala.meta.internal.metals.FutureCancelToken.checkCanceled(FutureCancelToken.scala:29)
	at scala.meta.internal.pc.CompilerAccess.$anonfun$onCompilerJobQueue$1(CompilerAccess.scala:207)
	at scala.meta.internal.pc.CompilerJobQueue$Job.run(CompilerJobQueue.scala:152)
	at java.base/java.util.concurrent.ThreadPoolExecutor.runWorker(ThreadPoolExecutor.java:1144)
	at java.base/java.util.concurrent.ThreadPoolExecutor$Worker.run(ThreadPoolExecutor.java:642)
	at java.base/java.lang.Thread.run(Thread.java:1583)
2026.05.20 18:50:10 INFO  compiling core (1 scala source)
2026.05.20 18:50:12 INFO  time: compiled core in 2.32s
May 20, 2026 6:50:45 PM scala.meta.internal.pc.CompilerAccess retryWithCleanCompiler
INFO: compiler crashed due to an error in the Scala compiler, retrying with new compiler instance.
2026.05.20 18:51:30 INFO  compiling core (1 scala source)
2026.05.20 18:51:30 INFO  time: compiled core in 0.36s
2026.05.20 18:51:35 WARN  Could not find semantic tokens for: file:///Users/robbetiteca/projects/school/thesis/ecosystem-randomized-cache/core/src/main/scala/riscv/plugins/Cache.scala
2026.05.20 18:51:37 INFO  compiling core (1 scala source)
2026.05.20 18:51:38 INFO  time: compiled core in 1.23s
2026.05.20 18:51:53 INFO  compiling core (1 scala source)
2026.05.20 18:51:53 INFO  time: compiled core in 0.18s
2026.05.20 18:51:54 WARN  Could not load snapshot text for /Users/robbetiteca/projects/school/thesis/ecosystem-randomized-cache/core/src/main/scala/riscv/plugins/Cache.scala
2026.05.20 18:51:54 WARN  Could not load snapshot text for /Users/robbetiteca/projects/school/thesis/ecosystem-randomized-cache/core/src/main/scala/riscv/plugins/Cache.scala
2026.05.20 18:51:54 WARN  Could not load snapshot text for /Users/robbetiteca/projects/school/thesis/ecosystem-randomized-cache/core/src/main/scala/riscv/plugins/Cache.scala
May 20, 2026 6:51:55 PM scala.meta.internal.pc.CompilerAccess retryWithCleanCompiler
INFO: compiler crashed due to an error in the Scala compiler, retrying with new compiler instance.
May 20, 2026 6:51:56 PM scala.meta.internal.pc.CompilerAccess retryWithCleanCompiler
INFO: compiler crashed due to an error in the Scala compiler, retrying with new compiler instance.
2026.05.20 18:51:56 WARN  Could not load snapshot text for /Users/robbetiteca/projects/school/thesis/ecosystem-randomized-cache/core/src/main/scala/riscv/plugins/Cache.scala
2026.05.20 18:51:56 WARN  Could not load snapshot text for /Users/robbetiteca/projects/school/thesis/ecosystem-randomized-cache/core/src/main/scala/riscv/plugins/Cache.scala
May 20, 2026 6:51:57 PM scala.meta.internal.pc.CompilerAccess retryWithCleanCompiler
INFO: compiler crashed due to an error in the Scala compiler, retrying with new compiler instance.
2026.05.20 18:51:57 WARN  Could not load snapshot text for /Users/robbetiteca/projects/school/thesis/ecosystem-randomized-cache/core/src/main/scala/riscv/plugins/Cache.scala
2026.05.20 18:51:56 WARN  Could not load snapshot text for /Users/robbetiteca/projects/school/thesis/ecosystem-randomized-cache/core/src/main/scala/riscv/plugins/Cache.scala
2026.05.20 18:51:57 WARN  Could not load snapshot text for /Users/robbetiteca/projects/school/thesis/ecosystem-randomized-cache/core/src/main/scala/riscv/plugins/Cache.scala
2026.05.20 18:51:59 WARN  Could not load snapshot text for /Users/robbetiteca/projects/school/thesis/ecosystem-randomized-cache/core/src/main/scala/riscv/plugins/Cache.scala
2026.05.20 18:51:59 WARN  Could not load snapshot text for /Users/robbetiteca/projects/school/thesis/ecosystem-randomized-cache/core/src/main/scala/riscv/plugins/Cache.scala
2026.05.20 18:51:59 WARN  Could not load snapshot text for /Users/robbetiteca/projects/school/thesis/ecosystem-randomized-cache/core/src/main/scala/riscv/plugins/Cache.scala
2026.05.20 18:51:59 WARN  Could not load snapshot text for /Users/robbetiteca/projects/school/thesis/ecosystem-randomized-cache/core/src/main/scala/riscv/plugins/Cache.scala
May 20, 2026 6:51:59 PM scala.meta.internal.pc.CompilerAccess retryWithCleanCompiler
INFO: compiler crashed due to an error in the Scala compiler, retrying with new compiler instance.
May 20, 2026 6:51:59 PM scala.meta.internal.pc.CompilerAccess retryWithCleanCompiler
INFO: compiler crashed due to an error in the Scala compiler, retrying with new compiler instance.
2026.05.20 18:52:01 WARN  Could not load snapshot text for /Users/robbetiteca/projects/school/thesis/ecosystem-randomized-cache/core/src/main/scala/riscv/plugins/Cache.scala
2026.05.20 18:52:01 WARN  Could not load snapshot text for /Users/robbetiteca/projects/school/thesis/ecosystem-randomized-cache/core/src/main/scala/riscv/plugins/Cache.scala
May 20, 2026 6:52:01 PM scala.meta.internal.pc.CompilerAccess retryWithCleanCompiler
INFO: compiler crashed due to an error in the Scala compiler, retrying with new compiler instance.
2026.05.20 18:52:03 WARN  Could not load snapshot text for /Users/robbetiteca/projects/school/thesis/ecosystem-randomized-cache/core/src/main/scala/riscv/plugins/Cache.scala
2026.05.20 18:52:03 WARN  Could not load snapshot text for /Users/robbetiteca/projects/school/thesis/ecosystem-randomized-cache/core/src/main/scala/riscv/plugins/Cache.scala
May 20, 2026 6:52:03 PM scala.meta.internal.pc.CompilerAccess retryWithCleanCompiler
INFO: compiler crashed due to an error in the Scala compiler, retrying with new compiler instance.
2026.05.20 18:52:04 INFO  compiling core (1 scala source)
2026.05.20 18:52:04 INFO  time: compiled core in 91ms
2026.05.20 18:52:04 WARN  Could not load snapshot text for /Users/robbetiteca/projects/school/thesis/ecosystem-randomized-cache/core/src/main/scala/riscv/plugins/Cache.scala
2026.05.20 18:52:04 WARN  Could not load snapshot text for /Users/robbetiteca/projects/school/thesis/ecosystem-randomized-cache/core/src/main/scala/riscv/plugins/Cache.scala
2026.05.20 18:52:04 WARN  Could not load snapshot text for /Users/robbetiteca/projects/school/thesis/ecosystem-randomized-cache/core/src/main/scala/riscv/plugins/Cache.scala
2026.05.20 18:52:07 WARN  Could not load snapshot text for /Users/robbetiteca/projects/school/thesis/ecosystem-randomized-cache/core/src/main/scala/riscv/plugins/Cache.scala
2026.05.20 18:52:07 WARN  Could not load snapshot text for /Users/robbetiteca/projects/school/thesis/ecosystem-randomized-cache/core/src/main/scala/riscv/plugins/Cache.scala
2026.05.20 18:52:08 WARN  Could not load snapshot text for /Users/robbetiteca/projects/school/thesis/ecosystem-randomized-cache/core/src/main/scala/riscv/plugins/Cache.scala
2026.05.20 18:52:08 WARN  Could not load snapshot text for /Users/robbetiteca/projects/school/thesis/ecosystem-randomized-cache/core/src/main/scala/riscv/plugins/Cache.scala
2026.05.20 18:52:08 WARN  Could not load snapshot text for /Users/robbetiteca/projects/school/thesis/ecosystem-randomized-cache/core/src/main/scala/riscv/plugins/Cache.scala
2026.05.20 18:52:08 WARN  Could not load snapshot text for /Users/robbetiteca/projects/school/thesis/ecosystem-randomized-cache/core/src/main/scala/riscv/plugins/Cache.scala
2026.05.20 18:52:09 WARN  Could not load snapshot text for /Users/robbetiteca/projects/school/thesis/ecosystem-randomized-cache/core/src/main/scala/riscv/plugins/Cache.scala
2026.05.20 18:52:09 WARN  Could not load snapshot text for /Users/robbetiteca/projects/school/thesis/ecosystem-randomized-cache/core/src/main/scala/riscv/plugins/Cache.scala
2026.05.20 18:52:13 WARN  Could not load snapshot text for /Users/robbetiteca/projects/school/thesis/ecosystem-randomized-cache/core/src/main/scala/riscv/plugins/Cache.scala
2026.05.20 18:52:13 WARN  Could not load snapshot text for /Users/robbetiteca/projects/school/thesis/ecosystem-randomized-cache/core/src/main/scala/riscv/plugins/Cache.scala
2026.05.20 18:52:14 WARN  Could not load snapshot text for /Users/robbetiteca/projects/school/thesis/ecosystem-randomized-cache/core/src/main/scala/riscv/plugins/Cache.scala
2026.05.20 18:52:14 WARN  Could not load snapshot text for /Users/robbetiteca/projects/school/thesis/ecosystem-randomized-cache/core/src/main/scala/riscv/plugins/Cache.scala
2026.05.20 18:52:15 WARN  Could not load snapshot text for /Users/robbetiteca/projects/school/thesis/ecosystem-randomized-cache/core/src/main/scala/riscv/plugins/Cache.scala
2026.05.20 18:52:15 WARN  Could not load snapshot text for /Users/robbetiteca/projects/school/thesis/ecosystem-randomized-cache/core/src/main/scala/riscv/plugins/Cache.scala
2026.05.20 18:52:15 INFO  compiling core (1 scala source)
2026.05.20 18:52:15 INFO  time: compiled core in 0.18s
2026.05.20 18:52:15 WARN  Could not load snapshot text for /Users/robbetiteca/projects/school/thesis/ecosystem-randomized-cache/core/src/main/scala/riscv/plugins/Cache.scala
2026.05.20 18:52:16 WARN  Could not load snapshot text for /Users/robbetiteca/projects/school/thesis/ecosystem-randomized-cache/core/src/main/scala/riscv/plugins/Cache.scala
2026.05.20 18:52:26 WARN  Could not load snapshot text for /Users/robbetiteca/projects/school/thesis/ecosystem-randomized-cache/core/src/main/scala/riscv/plugins/Cache.scala
May 20, 2026 6:52:26 PM scala.meta.internal.pc.CompilerAccess retryWithCleanCompiler
INFO: compiler crashed due to an error in the Scala compiler, retrying with new compiler instance.
May 20, 2026 6:52:27 PM scala.meta.internal.pc.CompilerAccess retryWithCleanCompiler
INFO: compiler crashed due to an error in the Scala compiler, retrying with new compiler instance.
2026.05.20 18:52:30 WARN  Could not load snapshot text for /Users/robbetiteca/projects/school/thesis/ecosystem-randomized-cache/core/src/main/scala/riscv/plugins/Cache.scala
May 20, 2026 6:52:30 PM scala.meta.internal.pc.CompilerAccess retryWithCleanCompiler
INFO: compiler crashed due to an error in the Scala compiler, retrying with new compiler instance.
May 20, 2026 6:52:32 PM scala.meta.internal.pc.CompilerAccess retryWithCleanCompiler
INFO: compiler crashed due to an error in the Scala compiler, retrying with new compiler instance.
2026.05.20 18:52:38 WARN  Could not load snapshot text for /Users/robbetiteca/projects/school/thesis/ecosystem-randomized-cache/core/src/main/scala/riscv/plugins/Cache.scala
2026.05.20 18:52:38 WARN  Could not load snapshot text for /Users/robbetiteca/projects/school/thesis/ecosystem-randomized-cache/core/src/main/scala/riscv/plugins/Cache.scala
May 20, 2026 6:52:38 PM scala.meta.internal.pc.CompilerAccess retryWithCleanCompiler
INFO: compiler crashed due to an error in the Scala compiler, retrying with new compiler instance.
May 20, 2026 6:52:39 PM scala.meta.internal.pc.CompilerAccess retryWithCleanCompiler
INFO: compiler crashed due to an error in the Scala compiler, retrying with new compiler instance.
2026.05.20 18:52:39 WARN  Could not load snapshot text for /Users/robbetiteca/projects/school/thesis/ecosystem-randomized-cache/core/src/main/scala/riscv/plugins/Cache.scala
2026.05.20 18:52:39 WARN  Could not load snapshot text for /Users/robbetiteca/projects/school/thesis/ecosystem-randomized-cache/core/src/main/scala/riscv/plugins/Cache.scala
May 20, 2026 6:52:40 PM scala.meta.internal.pc.CompilerAccess retryWithCleanCompiler
INFO: compiler crashed due to an error in the Scala compiler, retrying with new compiler instance.
May 20, 2026 6:52:40 PM scala.meta.internal.pc.CompilerAccess retryWithCleanCompiler
INFO: compiler crashed due to an error in the Scala compiler, retrying with new compiler instance.
2026.05.20 18:52:40 WARN  Could not load snapshot text for /Users/robbetiteca/projects/school/thesis/ecosystem-randomized-cache/core/src/main/scala/riscv/plugins/Cache.scala
2026.05.20 18:52:40 WARN  Could not load snapshot text for /Users/robbetiteca/projects/school/thesis/ecosystem-randomized-cache/core/src/main/scala/riscv/plugins/Cache.scala
May 20, 2026 6:52:40 PM scala.meta.internal.pc.CompilerAccess retryWithCleanCompiler
INFO: compiler crashed due to an error in the Scala compiler, retrying with new compiler instance.
2026.05.20 18:52:41 WARN  Could not load snapshot text for /Users/robbetiteca/projects/school/thesis/ecosystem-randomized-cache/core/src/main/scala/riscv/plugins/Cache.scala
2026.05.20 18:52:41 WARN  Could not load snapshot text for /Users/robbetiteca/projects/school/thesis/ecosystem-randomized-cache/core/src/main/scala/riscv/plugins/Cache.scala
2026.05.20 18:52:41 WARN  Could not load snapshot text for /Users/robbetiteca/projects/school/thesis/ecosystem-randomized-cache/core/src/main/scala/riscv/plugins/Cache.scala
2026.05.20 18:52:41 WARN  Could not load snapshot text for /Users/robbetiteca/projects/school/thesis/ecosystem-randomized-cache/core/src/main/scala/riscv/plugins/Cache.scala
May 20, 2026 6:52:41 PM scala.meta.internal.pc.CompilerAccess retryWithCleanCompiler
INFO: compiler crashed due to an error in the Scala compiler, retrying with new compiler instance.
2026.05.20 18:52:44 WARN  Could not load snapshot text for /Users/robbetiteca/projects/school/thesis/ecosystem-randomized-cache/core/src/main/scala/riscv/plugins/Cache.scala
2026.05.20 18:52:44 WARN  Could not load snapshot text for /Users/robbetiteca/projects/school/thesis/ecosystem-randomized-cache/core/src/main/scala/riscv/plugins/Cache.scala
May 20, 2026 6:52:44 PM scala.meta.internal.pc.CompilerAccess retryWithCleanCompiler
INFO: compiler crashed due to an error in the Scala compiler, retrying with new compiler instance.
2026.05.20 18:52:46 WARN  Could not load snapshot text for /Users/robbetiteca/projects/school/thesis/ecosystem-randomized-cache/core/src/main/scala/riscv/plugins/Cache.scala
2026.05.20 18:52:46 WARN  Could not load snapshot text for /Users/robbetiteca/projects/school/thesis/ecosystem-randomized-cache/core/src/main/scala/riscv/plugins/Cache.scala
May 20, 2026 6:52:46 PM scala.meta.internal.pc.CompilerAccess retryWithCleanCompiler
INFO: compiler crashed due to an error in the Scala compiler, retrying with new compiler instance.
2026.05.20 18:52:48 WARN  Could not load snapshot text for /Users/robbetiteca/projects/school/thesis/ecosystem-randomized-cache/core/src/main/scala/riscv/plugins/Cache.scala
2026.05.20 18:52:48 WARN  Could not load snapshot text for /Users/robbetiteca/projects/school/thesis/ecosystem-randomized-cache/core/src/main/scala/riscv/plugins/Cache.scala
May 20, 2026 6:52:48 PM scala.meta.internal.pc.CompilerAccess retryWithCleanCompiler
INFO: compiler crashed due to an error in the Scala compiler, retrying with new compiler instance.
May 20, 2026 6:52:49 PM scala.meta.internal.pc.CompilerAccess retryWithCleanCompiler
INFO: compiler crashed due to an error in the Scala compiler, retrying with new compiler instance.
May 20, 2026 6:52:50 PM scala.meta.internal.pc.CompilerAccess retryWithCleanCompiler
INFO: compiler crashed due to an error in the Scala compiler, retrying with new compiler instance.
2026.05.20 18:52:51 WARN  Could not load snapshot text for /Users/robbetiteca/projects/school/thesis/ecosystem-randomized-cache/core/src/main/scala/riscv/plugins/Cache.scala
2026.05.20 18:52:51 WARN  Could not load snapshot text for /Users/robbetiteca/projects/school/thesis/ecosystem-randomized-cache/core/src/main/scala/riscv/plugins/Cache.scala
May 20, 2026 6:52:51 PM scala.meta.internal.pc.CompilerAccess retryWithCleanCompiler
INFO: compiler crashed due to an error in the Scala compiler, retrying with new compiler instance.
2026.05.20 18:52:52 WARN  Could not load snapshot text for /Users/robbetiteca/projects/school/thesis/ecosystem-randomized-cache/core/src/main/scala/riscv/plugins/Cache.scala
2026.05.20 18:52:52 WARN  Could not load snapshot text for /Users/robbetiteca/projects/school/thesis/ecosystem-randomized-cache/core/src/main/scala/riscv/plugins/Cache.scala
May 20, 2026 6:52:52 PM scala.meta.internal.pc.CompilerAccess retryWithCleanCompiler
INFO: compiler crashed due to an error in the Scala compiler, retrying with new compiler instance.
2026.05.20 18:52:53 WARN  Could not load snapshot text for /Users/robbetiteca/projects/school/thesis/ecosystem-randomized-cache/core/src/main/scala/riscv/plugins/Cache.scala
2026.05.20 18:52:53 WARN  Could not load snapshot text for /Users/robbetiteca/projects/school/thesis/ecosystem-randomized-cache/core/src/main/scala/riscv/plugins/Cache.scala
May 20, 2026 6:52:53 PM scala.meta.internal.pc.CompilerAccess retryWithCleanCompiler
INFO: compiler crashed due to an error in the Scala compiler, retrying with new compiler instance.
2026.05.20 18:52:53 WARN  Could not load snapshot text for /Users/robbetiteca/projects/school/thesis/ecosystem-randomized-cache/core/src/main/scala/riscv/plugins/Cache.scala
2026.05.20 18:52:54 WARN  Could not load snapshot text for /Users/robbetiteca/projects/school/thesis/ecosystem-randomized-cache/core/src/main/scala/riscv/plugins/Cache.scala
May 20, 2026 6:52:54 PM scala.meta.internal.pc.CompilerAccess retryWithCleanCompiler
INFO: compiler crashed due to an error in the Scala compiler, retrying with new compiler instance.
2026.05.20 18:52:54 WARN  Could not load snapshot text for /Users/robbetiteca/projects/school/thesis/ecosystem-randomized-cache/core/src/main/scala/riscv/plugins/Cache.scala
2026.05.20 18:52:54 WARN  Could not load snapshot text for /Users/robbetiteca/projects/school/thesis/ecosystem-randomized-cache/core/src/main/scala/riscv/plugins/Cache.scala
May 20, 2026 6:52:55 PM scala.meta.internal.pc.CompilerAccess retryWithCleanCompiler
INFO: compiler crashed due to an error in the Scala compiler, retrying with new compiler instance.
2026.05.20 18:52:56 WARN  Could not load snapshot text for /Users/robbetiteca/projects/school/thesis/ecosystem-randomized-cache/core/src/main/scala/riscv/plugins/Cache.scala
2026.05.20 18:52:56 WARN  Could not load snapshot text for /Users/robbetiteca/projects/school/thesis/ecosystem-randomized-cache/core/src/main/scala/riscv/plugins/Cache.scala
May 20, 2026 6:52:56 PM scala.meta.internal.pc.CompilerAccess retryWithCleanCompiler
INFO: compiler crashed due to an error in the Scala compiler, retrying with new compiler instance.
2026.05.20 18:52:56 WARN  Could not load snapshot text for /Users/robbetiteca/projects/school/thesis/ecosystem-randomized-cache/core/src/main/scala/riscv/plugins/Cache.scala
2026.05.20 18:52:56 WARN  Could not load snapshot text for /Users/robbetiteca/projects/school/thesis/ecosystem-randomized-cache/core/src/main/scala/riscv/plugins/Cache.scala
May 20, 2026 6:52:56 PM scala.meta.internal.pc.CompilerAccess retryWithCleanCompiler
INFO: compiler crashed due to an error in the Scala compiler, retrying with new compiler instance.
2026.05.20 18:52:57 WARN  Could not load snapshot text for /Users/robbetiteca/projects/school/thesis/ecosystem-randomized-cache/core/src/main/scala/riscv/plugins/Cache.scala
2026.05.20 18:52:56 WARN  Could not load snapshot text for /Users/robbetiteca/projects/school/thesis/ecosystem-randomized-cache/core/src/main/scala/riscv/plugins/Cache.scala
May 20, 2026 6:52:57 PM scala.meta.internal.pc.CompilerAccess retryWithCleanCompiler
INFO: compiler crashed due to an error in the Scala compiler, retrying with new compiler instance.
2026.05.20 18:52:57 WARN  Could not load snapshot text for /Users/robbetiteca/projects/school/thesis/ecosystem-randomized-cache/core/src/main/scala/riscv/plugins/Cache.scala
2026.05.20 18:52:57 WARN  Could not load snapshot text for /Users/robbetiteca/projects/school/thesis/ecosystem-randomized-cache/core/src/main/scala/riscv/plugins/Cache.scala
May 20, 2026 6:52:57 PM scala.meta.internal.pc.CompilerAccess retryWithCleanCompiler
INFO: compiler crashed due to an error in the Scala compiler, retrying with new compiler instance.
May 20, 2026 6:52:57 PM scala.meta.internal.pc.CompilerAccess retryWithCleanCompiler
INFO: compiler crashed due to an error in the Scala compiler, retrying with new compiler instance.
May 20, 2026 6:52:57 PM scala.meta.internal.pc.CompilerAccess retryWithCleanCompiler
INFO: compiler crashed due to an error in the Scala compiler, retrying with new compiler instance.
2026.05.20 18:52:58 WARN  Could not load snapshot text for /Users/robbetiteca/projects/school/thesis/ecosystem-randomized-cache/core/src/main/scala/riscv/plugins/Cache.scala
2026.05.20 18:52:58 WARN  Could not load snapshot text for /Users/robbetiteca/projects/school/thesis/ecosystem-randomized-cache/core/src/main/scala/riscv/plugins/Cache.scala
2026.05.20 18:52:58 WARN  Could not load snapshot text for /Users/robbetiteca/projects/school/thesis/ecosystem-randomized-cache/core/src/main/scala/riscv/plugins/Cache.scala
2026.05.20 18:52:58 WARN  Could not load snapshot text for /Users/robbetiteca/projects/school/thesis/ecosystem-randomized-cache/core/src/main/scala/riscv/plugins/Cache.scala
2026.05.20 18:52:58 WARN  Could not load snapshot text for /Users/robbetiteca/projects/school/thesis/ecosystem-randomized-cache/core/src/main/scala/riscv/plugins/Cache.scala
2026.05.20 18:52:59 WARN  Could not load snapshot text for /Users/robbetiteca/projects/school/thesis/ecosystem-randomized-cache/core/src/main/scala/riscv/plugins/Cache.scala
May 20, 2026 6:52:59 PM scala.meta.internal.pc.CompilerAccess retryWithCleanCompiler
INFO: compiler crashed due to an error in the Scala compiler, retrying with new compiler instance.
2026.05.20 18:52:59 INFO  compiling core (1 scala source)
2026.05.20 18:52:59 INFO  time: compiled core in 0.17s
2026.05.20 18:53:00 WARN  Could not load snapshot text for /Users/robbetiteca/projects/school/thesis/ecosystem-randomized-cache/core/src/main/scala/riscv/plugins/Cache.scala
2026.05.20 18:53:00 WARN  Could not load snapshot text for /Users/robbetiteca/projects/school/thesis/ecosystem-randomized-cache/core/src/main/scala/riscv/plugins/Cache.scala
May 20, 2026 6:53:00 PM scala.meta.internal.pc.CompilerAccess retryWithCleanCompiler
INFO: compiler crashed due to an error in the Scala compiler, retrying with new compiler instance.
2026.05.20 18:53:02 WARN  Could not load snapshot text for /Users/robbetiteca/projects/school/thesis/ecosystem-randomized-cache/core/src/main/scala/riscv/plugins/Cache.scala
2026.05.20 18:53:02 WARN  Could not load snapshot text for /Users/robbetiteca/projects/school/thesis/ecosystem-randomized-cache/core/src/main/scala/riscv/plugins/Cache.scala
May 20, 2026 6:53:03 PM scala.meta.internal.pc.CompilerAccess retryWithCleanCompiler
INFO: compiler crashed due to an error in the Scala compiler, retrying with new compiler instance.
May 20, 2026 6:53:06 PM scala.meta.internal.pc.CompilerAccess retryWithCleanCompiler
INFO: compiler crashed due to an error in the Scala compiler, retrying with new compiler instance.
May 20, 2026 6:53:06 PM scala.meta.internal.pc.CompilerAccess retryWithCleanCompiler
INFO: compiler crashed due to an error in the Scala compiler, retrying with new compiler instance.
2026.05.20 18:53:07 WARN  Could not load snapshot text for /Users/robbetiteca/projects/school/thesis/ecosystem-randomized-cache/core/src/main/scala/riscv/plugins/Cache.scala
2026.05.20 18:53:07 WARN  Could not load snapshot text for /Users/robbetiteca/projects/school/thesis/ecosystem-randomized-cache/core/src/main/scala/riscv/plugins/Cache.scala
May 20, 2026 6:53:07 PM scala.meta.internal.pc.CompilerAccess retryWithCleanCompiler
INFO: compiler crashed due to an error in the Scala compiler, retrying with new compiler instance.
2026.05.20 18:53:07 WARN  Could not load snapshot text for /Users/robbetiteca/projects/school/thesis/ecosystem-randomized-cache/core/src/main/scala/riscv/plugins/Cache.scala
2026.05.20 18:53:07 WARN  Could not load snapshot text for /Users/robbetiteca/projects/school/thesis/ecosystem-randomized-cache/core/src/main/scala/riscv/plugins/Cache.scala
May 20, 2026 6:53:07 PM scala.meta.internal.pc.CompilerAccess retryWithCleanCompiler
INFO: compiler crashed due to an error in the Scala compiler, retrying with new compiler instance.
May 20, 2026 6:53:08 PM scala.meta.internal.pc.CompilerAccess retryWithCleanCompiler
INFO: compiler crashed due to an error in the Scala compiler, retrying with new compiler instance.
2026.05.20 18:53:08 WARN  Could not load snapshot text for /Users/robbetiteca/projects/school/thesis/ecosystem-randomized-cache/core/src/main/scala/riscv/plugins/Cache.scala
2026.05.20 18:53:08 WARN  Could not load snapshot text for /Users/robbetiteca/projects/school/thesis/ecosystem-randomized-cache/core/src/main/scala/riscv/plugins/Cache.scala
May 20, 2026 6:53:08 PM scala.meta.internal.pc.CompilerAccess retryWithCleanCompiler
INFO: compiler crashed due to an error in the Scala compiler, retrying with new compiler instance.
2026.05.20 18:53:08 WARN  Could not load snapshot text for /Users/robbetiteca/projects/school/thesis/ecosystem-randomized-cache/core/src/main/scala/riscv/plugins/Cache.scala
2026.05.20 18:53:08 WARN  Could not load snapshot text for /Users/robbetiteca/projects/school/thesis/ecosystem-randomized-cache/core/src/main/scala/riscv/plugins/Cache.scala
May 20, 2026 6:53:08 PM scala.meta.internal.pc.CompilerAccess retryWithCleanCompiler
INFO: compiler crashed due to an error in the Scala compiler, retrying with new compiler instance.
May 20, 2026 6:53:09 PM scala.meta.internal.pc.CompilerAccess retryWithCleanCompiler
INFO: compiler crashed due to an error in the Scala compiler, retrying with new compiler instance.
2026.05.20 18:53:08 WARN  Could not load snapshot text for /Users/robbetiteca/projects/school/thesis/ecosystem-randomized-cache/core/src/main/scala/riscv/plugins/Cache.scala
2026.05.20 18:53:09 WARN  Could not load snapshot text for /Users/robbetiteca/projects/school/thesis/ecosystem-randomized-cache/core/src/main/scala/riscv/plugins/Cache.scala
May 20, 2026 6:53:09 PM scala.meta.internal.pc.CompilerAccess retryWithCleanCompiler
INFO: compiler crashed due to an error in the Scala compiler, retrying with new compiler instance.
May 20, 2026 6:53:10 PM scala.meta.internal.pc.CompilerAccess retryWithCleanCompiler
INFO: compiler crashed due to an error in the Scala compiler, retrying with new compiler instance.
2026.05.20 18:53:10 WARN  Could not load snapshot text for /Users/robbetiteca/projects/school/thesis/ecosystem-randomized-cache/core/src/main/scala/riscv/plugins/Cache.scala
2026.05.20 18:53:10 WARN  Could not load snapshot text for /Users/robbetiteca/projects/school/thesis/ecosystem-randomized-cache/core/src/main/scala/riscv/plugins/Cache.scala
May 20, 2026 6:53:10 PM scala.meta.internal.pc.CompilerAccess retryWithCleanCompiler
INFO: compiler crashed due to an error in the Scala compiler, retrying with new compiler instance.
May 20, 2026 6:53:10 PM scala.meta.internal.pc.CompilerAccess retryWithCleanCompiler
INFO: compiler crashed due to an error in the Scala compiler, retrying with new compiler instance.
2026.05.20 18:53:10 WARN  Could not load snapshot text for /Users/robbetiteca/projects/school/thesis/ecosystem-randomized-cache/core/src/main/scala/riscv/plugins/Cache.scala
2026.05.20 18:53:10 WARN  Could not load snapshot text for /Users/robbetiteca/projects/school/thesis/ecosystem-randomized-cache/core/src/main/scala/riscv/plugins/Cache.scala
May 20, 2026 6:53:11 PM scala.meta.internal.pc.CompilerAccess retryWithCleanCompiler
INFO: compiler crashed due to an error in the Scala compiler, retrying with new compiler instance.
2026.05.20 18:53:11 INFO  compiling core (1 scala source)
2026.05.20 18:53:11 INFO  time: compiled core in 0.31s
2026.05.20 18:53:12 WARN  Could not load snapshot text for /Users/robbetiteca/projects/school/thesis/ecosystem-randomized-cache/core/src/main/scala/riscv/plugins/Cache.scala
2026.05.20 18:53:12 WARN  Could not load snapshot text for /Users/robbetiteca/projects/school/thesis/ecosystem-randomized-cache/core/src/main/scala/riscv/plugins/Cache.scala
May 20, 2026 6:53:12 PM scala.meta.internal.pc.CompilerAccess retryWithCleanCompiler
INFO: compiler crashed due to an error in the Scala compiler, retrying with new compiler instance.
2026.05.20 18:53:16 WARN  Could not load snapshot text for /Users/robbetiteca/projects/school/thesis/ecosystem-randomized-cache/core/src/main/scala/riscv/plugins/Cache.scala
2026.05.20 18:53:16 WARN  Could not load snapshot text for /Users/robbetiteca/projects/school/thesis/ecosystem-randomized-cache/core/src/main/scala/riscv/plugins/Cache.scala
May 20, 2026 6:53:16 PM scala.meta.internal.pc.CompilerAccess retryWithCleanCompiler
INFO: compiler crashed due to an error in the Scala compiler, retrying with new compiler instance.
2026.05.20 18:53:16 WARN  Could not load snapshot text for /Users/robbetiteca/projects/school/thesis/ecosystem-randomized-cache/core/src/main/scala/riscv/plugins/Cache.scala
2026.05.20 18:53:16 WARN  Could not load snapshot text for /Users/robbetiteca/projects/school/thesis/ecosystem-randomized-cache/core/src/main/scala/riscv/plugins/Cache.scala
2026.05.20 18:53:16 WARN  Could not load snapshot text for /Users/robbetiteca/projects/school/thesis/ecosystem-randomized-cache/core/src/main/scala/riscv/plugins/Cache.scala
2026.05.20 18:53:16 WARN  Could not load snapshot text for /Users/robbetiteca/projects/school/thesis/ecosystem-randomized-cache/core/src/main/scala/riscv/plugins/Cache.scala
May 20, 2026 6:53:16 PM scala.meta.internal.pc.CompilerAccess retryWithCleanCompiler
INFO: compiler crashed due to an error in the Scala compiler, retrying with new compiler instance.
2026.05.20 18:53:17 WARN  Could not load snapshot text for /Users/robbetiteca/projects/school/thesis/ecosystem-randomized-cache/core/src/main/scala/riscv/plugins/Cache.scala
2026.05.20 18:53:17 WARN  Could not load snapshot text for /Users/robbetiteca/projects/school/thesis/ecosystem-randomized-cache/core/src/main/scala/riscv/plugins/Cache.scala
2026.05.20 18:53:17 WARN  Could not load snapshot text for /Users/robbetiteca/projects/school/thesis/ecosystem-randomized-cache/core/src/main/scala/riscv/plugins/Cache.scala
2026.05.20 18:53:17 WARN  Could not load snapshot text for /Users/robbetiteca/projects/school/thesis/ecosystem-randomized-cache/core/src/main/scala/riscv/plugins/Cache.scala
May 20, 2026 6:53:17 PM scala.meta.internal.pc.CompilerAccess retryWithCleanCompiler
INFO: compiler crashed due to an error in the Scala compiler, retrying with new compiler instance.
2026.05.20 18:53:18 WARN  Could not load snapshot text for /Users/robbetiteca/projects/school/thesis/ecosystem-randomized-cache/core/src/main/scala/riscv/plugins/Cache.scala
2026.05.20 18:53:18 WARN  Could not load snapshot text for /Users/robbetiteca/projects/school/thesis/ecosystem-randomized-cache/core/src/main/scala/riscv/plugins/Cache.scala
May 20, 2026 6:53:18 PM scala.meta.internal.pc.CompilerAccess retryWithCleanCompiler
INFO: compiler crashed due to an error in the Scala compiler, retrying with new compiler instance.
2026.05.20 18:53:18 WARN  Could not load snapshot text for /Users/robbetiteca/projects/school/thesis/ecosystem-randomized-cache/core/src/main/scala/riscv/plugins/Cache.scala
2026.05.20 18:53:18 WARN  Could not load snapshot text for /Users/robbetiteca/projects/school/thesis/ecosystem-randomized-cache/core/src/main/scala/riscv/plugins/Cache.scala
May 20, 2026 6:53:18 PM scala.meta.internal.pc.CompilerAccess retryWithCleanCompiler
INFO: compiler crashed due to an error in the Scala compiler, retrying with new compiler instance.
2026.05.20 18:53:19 WARN  Could not load snapshot text for /Users/robbetiteca/projects/school/thesis/ecosystem-randomized-cache/core/src/main/scala/riscv/plugins/Cache.scala
2026.05.20 18:53:19 WARN  Could not load snapshot text for /Users/robbetiteca/projects/school/thesis/ecosystem-randomized-cache/core/src/main/scala/riscv/plugins/Cache.scala
2026.05.20 18:53:19 WARN  Could not load snapshot text for /Users/robbetiteca/projects/school/thesis/ecosystem-randomized-cache/core/src/main/scala/riscv/plugins/Cache.scala
2026.05.20 18:53:19 WARN  Could not load snapshot text for /Users/robbetiteca/projects/school/thesis/ecosystem-randomized-cache/core/src/main/scala/riscv/plugins/Cache.scala
2026.05.20 18:53:20 WARN  Could not load snapshot text for /Users/robbetiteca/projects/school/thesis/ecosystem-randomized-cache/core/src/main/scala/riscv/plugins/Cache.scala
2026.05.20 18:53:20 WARN  Could not load snapshot text for /Users/robbetiteca/projects/school/thesis/ecosystem-randomized-cache/core/src/main/scala/riscv/plugins/Cache.scala
May 20, 2026 6:53:20 PM scala.meta.internal.pc.CompilerAccess retryWithCleanCompiler
INFO: compiler crashed due to an error in the Scala compiler, retrying with new compiler instance.
2026.05.20 18:53:20 WARN  Could not load snapshot text for /Users/robbetiteca/projects/school/thesis/ecosystem-randomized-cache/core/src/main/scala/riscv/plugins/Cache.scala
2026.05.20 18:53:21 WARN  Could not load snapshot text for /Users/robbetiteca/projects/school/thesis/ecosystem-randomized-cache/core/src/main/scala/riscv/plugins/Cache.scala
2026.05.20 18:53:23 WARN  Could not load snapshot text for /Users/robbetiteca/projects/school/thesis/ecosystem-randomized-cache/core/src/main/scala/riscv/plugins/Cache.scala
2026.05.20 18:53:23 WARN  Could not load snapshot text for /Users/robbetiteca/projects/school/thesis/ecosystem-randomized-cache/core/src/main/scala/riscv/plugins/Cache.scala
2026.05.20 18:53:24 WARN  Could not load snapshot text for /Users/robbetiteca/projects/school/thesis/ecosystem-randomized-cache/core/src/main/scala/riscv/plugins/Cache.scala
2026.05.20 18:53:24 WARN  Could not load snapshot text for /Users/robbetiteca/projects/school/thesis/ecosystem-randomized-cache/core/src/main/scala/riscv/plugins/Cache.scala
2026.05.20 18:53:25 WARN  Could not load snapshot text for /Users/robbetiteca/projects/school/thesis/ecosystem-randomized-cache/core/src/main/scala/riscv/plugins/Cache.scala
2026.05.20 18:53:25 WARN  Could not load snapshot text for /Users/robbetiteca/projects/school/thesis/ecosystem-randomized-cache/core/src/main/scala/riscv/plugins/Cache.scala
2026.05.20 18:53:25 WARN  Could not load snapshot text for /Users/robbetiteca/projects/school/thesis/ecosystem-randomized-cache/core/src/main/scala/riscv/plugins/Cache.scala
2026.05.20 18:53:25 WARN  Could not load snapshot text for /Users/robbetiteca/projects/school/thesis/ecosystem-randomized-cache/core/src/main/scala/riscv/plugins/Cache.scala
May 20, 2026 6:53:25 PM scala.meta.internal.pc.CompilerAccess retryWithCleanCompiler
INFO: compiler crashed due to an error in the Scala compiler, retrying with new compiler instance.
2026.05.20 18:53:28 WARN  Could not load snapshot text for /Users/robbetiteca/projects/school/thesis/ecosystem-randomized-cache/core/src/main/scala/riscv/plugins/Cache.scala
2026.05.20 18:53:28 WARN  Could not load snapshot text for /Users/robbetiteca/projects/school/thesis/ecosystem-randomized-cache/core/src/main/scala/riscv/plugins/Cache.scala
May 20, 2026 6:53:29 PM scala.meta.internal.pc.CompilerAccess retryWithCleanCompiler
INFO: compiler crashed due to an error in the Scala compiler, retrying with new compiler instance.
2026.05.20 18:53:31 WARN  Could not load snapshot text for /Users/robbetiteca/projects/school/thesis/ecosystem-randomized-cache/core/src/main/scala/riscv/plugins/Cache.scala
2026.05.20 18:53:31 WARN  Could not load snapshot text for /Users/robbetiteca/projects/school/thesis/ecosystem-randomized-cache/core/src/main/scala/riscv/plugins/Cache.scala
2026.05.20 18:53:35 WARN  Could not load snapshot text for /Users/robbetiteca/projects/school/thesis/ecosystem-randomized-cache/core/src/main/scala/riscv/plugins/Cache.scala
2026.05.20 18:53:35 WARN  Could not load snapshot text for /Users/robbetiteca/projects/school/thesis/ecosystem-randomized-cache/core/src/main/scala/riscv/plugins/Cache.scala
2026.05.20 18:53:36 WARN  Could not load snapshot text for /Users/robbetiteca/projects/school/thesis/ecosystem-randomized-cache/core/src/main/scala/riscv/plugins/Cache.scala
2026.05.20 18:53:36 WARN  Could not load snapshot text for /Users/robbetiteca/projects/school/thesis/ecosystem-randomized-cache/core/src/main/scala/riscv/plugins/Cache.scala
2026.05.20 18:53:36 WARN  Could not load snapshot text for /Users/robbetiteca/projects/school/thesis/ecosystem-randomized-cache/core/src/main/scala/riscv/plugins/Cache.scala
2026.05.20 18:53:36 WARN  Could not load snapshot text for /Users/robbetiteca/projects/school/thesis/ecosystem-randomized-cache/core/src/main/scala/riscv/plugins/Cache.scala
2026.05.20 18:53:37 WARN  Could not load snapshot text for /Users/robbetiteca/projects/school/thesis/ecosystem-randomized-cache/core/src/main/scala/riscv/plugins/Cache.scala
2026.05.20 18:53:37 WARN  Could not load snapshot text for /Users/robbetiteca/projects/school/thesis/ecosystem-randomized-cache/core/src/main/scala/riscv/plugins/Cache.scala
2026.05.20 18:53:38 WARN  Could not load snapshot text for /Users/robbetiteca/projects/school/thesis/ecosystem-randomized-cache/core/src/main/scala/riscv/plugins/Cache.scala
2026.05.20 18:53:38 WARN  Could not load snapshot text for /Users/robbetiteca/projects/school/thesis/ecosystem-randomized-cache/core/src/main/scala/riscv/plugins/Cache.scala
2026.05.20 18:53:38 WARN  Could not load snapshot text for /Users/robbetiteca/projects/school/thesis/ecosystem-randomized-cache/core/src/main/scala/riscv/plugins/Cache.scala
2026.05.20 18:53:38 WARN  Could not load snapshot text for /Users/robbetiteca/projects/school/thesis/ecosystem-randomized-cache/core/src/main/scala/riscv/plugins/Cache.scala
2026.05.20 18:53:40 WARN  Could not load snapshot text for /Users/robbetiteca/projects/school/thesis/ecosystem-randomized-cache/core/src/main/scala/riscv/plugins/Cache.scala
2026.05.20 18:53:40 WARN  Could not load snapshot text for /Users/robbetiteca/projects/school/thesis/ecosystem-randomized-cache/core/src/main/scala/riscv/plugins/Cache.scala
2026.05.20 18:53:41 WARN  Could not load snapshot text for /Users/robbetiteca/projects/school/thesis/ecosystem-randomized-cache/core/src/main/scala/riscv/plugins/Cache.scala
2026.05.20 18:53:41 WARN  Could not load snapshot text for /Users/robbetiteca/projects/school/thesis/ecosystem-randomized-cache/core/src/main/scala/riscv/plugins/Cache.scala
2026.05.20 18:53:45 WARN  Could not load snapshot text for /Users/robbetiteca/projects/school/thesis/ecosystem-randomized-cache/core/src/main/scala/riscv/plugins/Cache.scala
2026.05.20 18:53:45 WARN  Could not load snapshot text for /Users/robbetiteca/projects/school/thesis/ecosystem-randomized-cache/core/src/main/scala/riscv/plugins/Cache.scala
May 20, 2026 6:53:45 PM scala.meta.internal.pc.CompilerAccess retryWithCleanCompiler
INFO: compiler crashed due to an error in the Scala compiler, retrying with new compiler instance.
2026.05.20 18:53:46 WARN  Could not load snapshot text for /Users/robbetiteca/projects/school/thesis/ecosystem-randomized-cache/core/src/main/scala/riscv/plugins/Cache.scala
2026.05.20 18:53:46 WARN  Could not load snapshot text for /Users/robbetiteca/projects/school/thesis/ecosystem-randomized-cache/core/src/main/scala/riscv/plugins/Cache.scala
2026.05.20 18:53:47 WARN  Could not load snapshot text for /Users/robbetiteca/projects/school/thesis/ecosystem-randomized-cache/core/src/main/scala/riscv/plugins/Cache.scala
2026.05.20 18:53:47 WARN  Could not load snapshot text for /Users/robbetiteca/projects/school/thesis/ecosystem-randomized-cache/core/src/main/scala/riscv/plugins/Cache.scala
2026.05.20 18:53:50 WARN  Could not load snapshot text for /Users/robbetiteca/projects/school/thesis/ecosystem-randomized-cache/core/src/main/scala/riscv/plugins/Cache.scala
2026.05.20 18:53:50 WARN  Could not load snapshot text for /Users/robbetiteca/projects/school/thesis/ecosystem-randomized-cache/core/src/main/scala/riscv/plugins/Cache.scala
2026.05.20 18:53:52 WARN  Could not load snapshot text for /Users/robbetiteca/projects/school/thesis/ecosystem-randomized-cache/core/src/main/scala/riscv/plugins/Cache.scala
2026.05.20 18:53:52 WARN  Could not load snapshot text for /Users/robbetiteca/projects/school/thesis/ecosystem-randomized-cache/core/src/main/scala/riscv/plugins/Cache.scala
May 20, 2026 6:53:52 PM scala.meta.internal.pc.CompilerAccess retryWithCleanCompiler
INFO: compiler crashed due to an error in the Scala compiler, retrying with new compiler instance.
2026.05.20 18:53:53 WARN  Could not load snapshot text for /Users/robbetiteca/projects/school/thesis/ecosystem-randomized-cache/core/src/main/scala/riscv/plugins/Cache.scala
2026.05.20 18:53:53 WARN  Could not load snapshot text for /Users/robbetiteca/projects/school/thesis/ecosystem-randomized-cache/core/src/main/scala/riscv/plugins/Cache.scala
2026.05.20 18:53:53 WARN  Could not load snapshot text for /Users/robbetiteca/projects/school/thesis/ecosystem-randomized-cache/core/src/main/scala/riscv/plugins/Cache.scala
2026.05.20 18:53:54 WARN  Could not load snapshot text for /Users/robbetiteca/projects/school/thesis/ecosystem-randomized-cache/core/src/main/scala/riscv/plugins/Cache.scala
2026.05.20 18:53:56 WARN  Could not load snapshot text for /Users/robbetiteca/projects/school/thesis/ecosystem-randomized-cache/core/src/main/scala/riscv/plugins/Cache.scala
2026.05.20 18:53:56 WARN  Could not load snapshot text for /Users/robbetiteca/projects/school/thesis/ecosystem-randomized-cache/core/src/main/scala/riscv/plugins/Cache.scala
2026.05.20 18:53:57 WARN  Could not load snapshot text for /Users/robbetiteca/projects/school/thesis/ecosystem-randomized-cache/core/src/main/scala/riscv/plugins/Cache.scala
2026.05.20 18:53:57 WARN  Could not load snapshot text for /Users/robbetiteca/projects/school/thesis/ecosystem-randomized-cache/core/src/main/scala/riscv/plugins/Cache.scala
2026.05.20 18:54:00 WARN  Could not load snapshot text for /Users/robbetiteca/projects/school/thesis/ecosystem-randomized-cache/core/src/main/scala/riscv/plugins/Cache.scala
2026.05.20 18:54:00 WARN  Could not load snapshot text for /Users/robbetiteca/projects/school/thesis/ecosystem-randomized-cache/core/src/main/scala/riscv/plugins/Cache.scala
2026.05.20 18:54:01 WARN  Could not load snapshot text for /Users/robbetiteca/projects/school/thesis/ecosystem-randomized-cache/core/src/main/scala/riscv/plugins/Cache.scala
2026.05.20 18:54:01 WARN  Could not load snapshot text for /Users/robbetiteca/projects/school/thesis/ecosystem-randomized-cache/core/src/main/scala/riscv/plugins/Cache.scala
2026.05.20 18:54:02 WARN  Could not load snapshot text for /Users/robbetiteca/projects/school/thesis/ecosystem-randomized-cache/core/src/main/scala/riscv/plugins/Cache.scala
2026.05.20 18:54:02 WARN  Could not load snapshot text for /Users/robbetiteca/projects/school/thesis/ecosystem-randomized-cache/core/src/main/scala/riscv/plugins/Cache.scala
2026.05.20 18:54:07 WARN  Could not load snapshot text for /Users/robbetiteca/projects/school/thesis/ecosystem-randomized-cache/core/src/main/scala/riscv/plugins/Cache.scala
2026.05.20 18:54:07 WARN  Could not load snapshot text for /Users/robbetiteca/projects/school/thesis/ecosystem-randomized-cache/core/src/main/scala/riscv/plugins/Cache.scala
2026.05.20 18:54:07 INFO  compiling core (1 scala source)
2026.05.20 18:54:07 INFO  time: compiled core in 82ms
2026.05.20 18:54:08 WARN  Could not load snapshot text for /Users/robbetiteca/projects/school/thesis/ecosystem-randomized-cache/core/src/main/scala/riscv/plugins/Cache.scala
2026.05.20 18:54:08 WARN  Could not load snapshot text for /Users/robbetiteca/projects/school/thesis/ecosystem-randomized-cache/core/src/main/scala/riscv/plugins/Cache.scala
2026.05.20 18:54:08 WARN  Could not load snapshot text for /Users/robbetiteca/projects/school/thesis/ecosystem-randomized-cache/core/src/main/scala/riscv/plugins/Cache.scala
2026.05.20 18:54:08 WARN  Could not load snapshot text for /Users/robbetiteca/projects/school/thesis/ecosystem-randomized-cache/core/src/main/scala/riscv/plugins/Cache.scala
2026.05.20 18:54:09 INFO  compiling core (1 scala source)
2026.05.20 18:54:09 INFO  time: compiled core in 0.17s
2026.05.20 18:54:09 WARN  Could not load snapshot text for /Users/robbetiteca/projects/school/thesis/ecosystem-randomized-cache/core/src/main/scala/riscv/plugins/Cache.scala
2026.05.20 18:54:09 WARN  Could not load snapshot text for /Users/robbetiteca/projects/school/thesis/ecosystem-randomized-cache/core/src/main/scala/riscv/plugins/Cache.scala
2026.05.20 18:54:10 WARN  Could not load snapshot text for /Users/robbetiteca/projects/school/thesis/ecosystem-randomized-cache/core/src/main/scala/riscv/plugins/Cache.scala
2026.05.20 18:54:10 WARN  Could not load snapshot text for /Users/robbetiteca/projects/school/thesis/ecosystem-randomized-cache/core/src/main/scala/riscv/plugins/Cache.scala
2026.05.20 18:54:10 INFO  compiling core (1 scala source)
May 20, 2026 6:54:10 PM scala.meta.internal.pc.CompilerAccess retryWithCleanCompiler
INFO: compiler crashed due to an error in the Scala compiler, retrying with new compiler instance.
2026.05.20 18:54:10 INFO  time: compiled core in 0.2s
2026.05.20 18:54:10 WARN  Could not load snapshot text for /Users/robbetiteca/projects/school/thesis/ecosystem-randomized-cache/core/src/main/scala/riscv/plugins/Cache.scala
2026.05.20 18:54:10 WARN  Could not load snapshot text for /Users/robbetiteca/projects/school/thesis/ecosystem-randomized-cache/core/src/main/scala/riscv/plugins/Cache.scala
May 20, 2026 6:54:11 PM scala.meta.internal.pc.CompilerAccess retryWithCleanCompiler
INFO: compiler crashed due to an error in the Scala compiler, retrying with new compiler instance.
May 20, 2026 6:54:14 PM scala.meta.internal.pc.CompilerAccess retryWithCleanCompiler
INFO: compiler crashed due to an error in the Scala compiler, retrying with new compiler instance.
2026.05.20 18:54:14 WARN  Could not load snapshot text for /Users/robbetiteca/projects/school/thesis/ecosystem-randomized-cache/core/src/main/scala/riscv/plugins/Cache.scala
2026.05.20 18:54:14 WARN  Could not load snapshot text for /Users/robbetiteca/projects/school/thesis/ecosystem-randomized-cache/core/src/main/scala/riscv/plugins/Cache.scala
2026.05.20 18:54:15 WARN  Could not load snapshot text for /Users/robbetiteca/projects/school/thesis/ecosystem-randomized-cache/core/src/main/scala/riscv/plugins/Cache.scala
2026.05.20 18:54:15 WARN  Could not load snapshot text for /Users/robbetiteca/projects/school/thesis/ecosystem-randomized-cache/core/src/main/scala/riscv/plugins/Cache.scala
2026.05.20 18:54:15 WARN  Could not load snapshot text for /Users/robbetiteca/projects/school/thesis/ecosystem-randomized-cache/core/src/main/scala/riscv/plugins/Cache.scala
2026.05.20 18:54:15 WARN  Could not load snapshot text for /Users/robbetiteca/projects/school/thesis/ecosystem-randomized-cache/core/src/main/scala/riscv/plugins/Cache.scala
2026.05.20 18:54:19 WARN  Could not load snapshot text for /Users/robbetiteca/projects/school/thesis/ecosystem-randomized-cache/core/src/main/scala/riscv/plugins/Cache.scala
2026.05.20 18:54:19 WARN  Could not load snapshot text for /Users/robbetiteca/projects/school/thesis/ecosystem-randomized-cache/core/src/main/scala/riscv/plugins/Cache.scala
May 20, 2026 6:54:19 PM org.eclipse.lsp4j.jsonrpc.RemoteEndpoint handleCancellation
WARNING: Unmatched cancel notification for request id 20395
2026.05.20 18:54:20 WARN  Could not load snapshot text for /Users/robbetiteca/projects/school/thesis/ecosystem-randomized-cache/core/src/main/scala/riscv/plugins/Cache.scala
2026.05.20 18:54:20 WARN  Could not load snapshot text for /Users/robbetiteca/projects/school/thesis/ecosystem-randomized-cache/core/src/main/scala/riscv/plugins/Cache.scala
May 20, 2026 6:54:41 PM org.eclipse.lsp4j.jsonrpc.RemoteEndpoint handleCancellation
WARNING: Unmatched cancel notification for request id 20417
2026.05.20 18:54:41 WARN  Could not load snapshot text for /Users/robbetiteca/projects/school/thesis/ecosystem-randomized-cache/core/src/main/scala/riscv/plugins/Cache.scala
2026.05.20 18:54:41 WARN  Could not load snapshot text for /Users/robbetiteca/projects/school/thesis/ecosystem-randomized-cache/core/src/main/scala/riscv/plugins/Cache.scala
May 20, 2026 6:54:41 PM scala.meta.internal.pc.CompilerAccess retryWithCleanCompiler
INFO: compiler crashed due to an error in the Scala compiler, retrying with new compiler instance.
2026.05.20 18:54:42 WARN  Could not load snapshot text for /Users/robbetiteca/projects/school/thesis/ecosystem-randomized-cache/core/src/main/scala/riscv/plugins/Cache.scala
2026.05.20 18:54:42 WARN  Could not load snapshot text for /Users/robbetiteca/projects/school/thesis/ecosystem-randomized-cache/core/src/main/scala/riscv/plugins/Cache.scala
2026.05.20 18:54:43 WARN  Could not load snapshot text for /Users/robbetiteca/projects/school/thesis/ecosystem-randomized-cache/core/src/main/scala/riscv/plugins/Cache.scala
2026.05.20 18:54:43 WARN  Could not load snapshot text for /Users/robbetiteca/projects/school/thesis/ecosystem-randomized-cache/core/src/main/scala/riscv/plugins/Cache.scala
2026.05.20 18:54:44 WARN  Could not load snapshot text for /Users/robbetiteca/projects/school/thesis/ecosystem-randomized-cache/core/src/main/scala/riscv/plugins/Cache.scala
2026.05.20 18:54:44 WARN  Could not load snapshot text for /Users/robbetiteca/projects/school/thesis/ecosystem-randomized-cache/core/src/main/scala/riscv/plugins/Cache.scala
2026.05.20 18:54:45 WARN  Could not load snapshot text for /Users/robbetiteca/projects/school/thesis/ecosystem-randomized-cache/core/src/main/scala/riscv/plugins/Cache.scala
2026.05.20 18:54:45 WARN  Could not load snapshot text for /Users/robbetiteca/projects/school/thesis/ecosystem-randomized-cache/core/src/main/scala/riscv/plugins/Cache.scala
2026.05.20 18:54:45 WARN  Could not load snapshot text for /Users/robbetiteca/projects/school/thesis/ecosystem-randomized-cache/core/src/main/scala/riscv/plugins/Cache.scala
2026.05.20 18:54:45 WARN  Could not load snapshot text for /Users/robbetiteca/projects/school/thesis/ecosystem-randomized-cache/core/src/main/scala/riscv/plugins/Cache.scala
2026.05.20 18:54:46 WARN  Could not load snapshot text for /Users/robbetiteca/projects/school/thesis/ecosystem-randomized-cache/core/src/main/scala/riscv/plugins/Cache.scala
2026.05.20 18:54:46 WARN  Could not load snapshot text for /Users/robbetiteca/projects/school/thesis/ecosystem-randomized-cache/core/src/main/scala/riscv/plugins/Cache.scala
May 20, 2026 6:54:46 PM scala.meta.internal.pc.CompilerAccess retryWithCleanCompiler
INFO: compiler crashed due to an error in the Scala compiler, retrying with new compiler instance.
May 20, 2026 6:54:46 PM scala.meta.internal.pc.CompilerAccess retryWithCleanCompiler
INFO: compiler crashed due to an error in the Scala compiler, retrying with new compiler instance.
2026.05.20 18:54:47 WARN  Could not load snapshot text for /Users/robbetiteca/projects/school/thesis/ecosystem-randomized-cache/core/src/main/scala/riscv/plugins/Cache.scala
2026.05.20 18:54:47 WARN  Could not load snapshot text for /Users/robbetiteca/projects/school/thesis/ecosystem-randomized-cache/core/src/main/scala/riscv/plugins/Cache.scala
2026.05.20 18:54:48 WARN  Could not load snapshot text for /Users/robbetiteca/projects/school/thesis/ecosystem-randomized-cache/core/src/main/scala/riscv/plugins/Cache.scala
2026.05.20 18:54:48 WARN  Could not load snapshot text for /Users/robbetiteca/projects/school/thesis/ecosystem-randomized-cache/core/src/main/scala/riscv/plugins/Cache.scala
May 20, 2026 6:54:49 PM scala.meta.internal.pc.CompilerAccess retryWithCleanCompiler
INFO: compiler crashed due to an error in the Scala compiler, retrying with new compiler instance.
2026.05.20 18:54:49 WARN  Could not load snapshot text for /Users/robbetiteca/projects/school/thesis/ecosystem-randomized-cache/core/src/main/scala/riscv/plugins/Cache.scala
2026.05.20 18:54:49 WARN  Could not load snapshot text for /Users/robbetiteca/projects/school/thesis/ecosystem-randomized-cache/core/src/main/scala/riscv/plugins/Cache.scala
May 20, 2026 6:54:49 PM scala.meta.internal.pc.CompilerAccess retryWithCleanCompiler
INFO: compiler crashed due to an error in the Scala compiler, retrying with new compiler instance.
May 20, 2026 6:54:49 PM scala.meta.internal.pc.CompilerAccess retryWithCleanCompiler
INFO: compiler crashed due to an error in the Scala compiler, retrying with new compiler instance.
2026.05.20 18:54:50 WARN  Could not load snapshot text for /Users/robbetiteca/projects/school/thesis/ecosystem-randomized-cache/core/src/main/scala/riscv/plugins/Cache.scala
2026.05.20 18:54:50 WARN  Could not load snapshot text for /Users/robbetiteca/projects/school/thesis/ecosystem-randomized-cache/core/src/main/scala/riscv/plugins/Cache.scala
May 20, 2026 6:54:50 PM scala.meta.internal.pc.CompilerAccess retryWithCleanCompiler
INFO: compiler crashed due to an error in the Scala compiler, retrying with new compiler instance.
2026.05.20 18:54:50 WARN  Could not load snapshot text for /Users/robbetiteca/projects/school/thesis/ecosystem-randomized-cache/core/src/main/scala/riscv/plugins/Cache.scala
2026.05.20 18:54:51 WARN  Could not load snapshot text for /Users/robbetiteca/projects/school/thesis/ecosystem-randomized-cache/core/src/main/scala/riscv/plugins/Cache.scala
2026.05.20 18:54:51 WARN  Could not load snapshot text for /Users/robbetiteca/projects/school/thesis/ecosystem-randomized-cache/core/src/main/scala/riscv/plugins/Cache.scala
2026.05.20 18:54:51 WARN  Could not load snapshot text for /Users/robbetiteca/projects/school/thesis/ecosystem-randomized-cache/core/src/main/scala/riscv/plugins/Cache.scala
May 20, 2026 6:54:51 PM scala.meta.internal.pc.CompilerAccess retryWithCleanCompiler
INFO: compiler crashed due to an error in the Scala compiler, retrying with new compiler instance.
2026.05.20 18:54:52 WARN  Could not load snapshot text for /Users/robbetiteca/projects/school/thesis/ecosystem-randomized-cache/core/src/main/scala/riscv/plugins/Cache.scala
2026.05.20 18:54:52 WARN  Could not load snapshot text for /Users/robbetiteca/projects/school/thesis/ecosystem-randomized-cache/core/src/main/scala/riscv/plugins/Cache.scala
May 20, 2026 6:54:52 PM scala.meta.internal.pc.CompilerAccess retryWithCleanCompiler
INFO: compiler crashed due to an error in the Scala compiler, retrying with new compiler instance.
2026.05.20 18:54:52 WARN  Could not load snapshot text for /Users/robbetiteca/projects/school/thesis/ecosystem-randomized-cache/core/src/main/scala/riscv/plugins/Cache.scala
2026.05.20 18:54:52 WARN  Could not load snapshot text for /Users/robbetiteca/projects/school/thesis/ecosystem-randomized-cache/core/src/main/scala/riscv/plugins/Cache.scala
May 20, 2026 6:54:53 PM scala.meta.internal.pc.CompilerAccess retryWithCleanCompiler
INFO: compiler crashed due to an error in the Scala compiler, retrying with new compiler instance.
2026.05.20 18:54:54 WARN  Could not load snapshot text for /Users/robbetiteca/projects/school/thesis/ecosystem-randomized-cache/core/src/main/scala/riscv/plugins/Cache.scala
2026.05.20 18:54:54 WARN  Could not load snapshot text for /Users/robbetiteca/projects/school/thesis/ecosystem-randomized-cache/core/src/main/scala/riscv/plugins/Cache.scala
May 20, 2026 6:54:54 PM scala.meta.internal.pc.CompilerAccess retryWithCleanCompiler
INFO: compiler crashed due to an error in the Scala compiler, retrying with new compiler instance.
2026.05.20 18:54:55 WARN  Could not load snapshot text for /Users/robbetiteca/projects/school/thesis/ecosystem-randomized-cache/core/src/main/scala/riscv/plugins/Cache.scala
2026.05.20 18:54:55 WARN  Could not load snapshot text for /Users/robbetiteca/projects/school/thesis/ecosystem-randomized-cache/core/src/main/scala/riscv/plugins/Cache.scala
May 20, 2026 6:54:55 PM scala.meta.internal.pc.CompilerAccess retryWithCleanCompiler
INFO: compiler crashed due to an error in the Scala compiler, retrying with new compiler instance.
May 20, 2026 6:54:55 PM scala.meta.internal.pc.CompilerAccess retryWithCleanCompiler
INFO: compiler crashed due to an error in the Scala compiler, retrying with new compiler instance.
2026.05.20 18:54:55 INFO  compiling core (1 scala source)
2026.05.20 18:54:55 INFO  time: compiled core in 60ms
2026.05.20 18:54:56 WARN  Could not load snapshot text for /Users/robbetiteca/projects/school/thesis/ecosystem-randomized-cache/core/src/main/scala/riscv/plugins/Cache.scala
2026.05.20 18:54:56 WARN  Could not load snapshot text for /Users/robbetiteca/projects/school/thesis/ecosystem-randomized-cache/core/src/main/scala/riscv/plugins/Cache.scala
2026.05.20 18:55:10 WARN  Could not load snapshot text for /Users/robbetiteca/projects/school/thesis/ecosystem-randomized-cache/core/src/main/scala/riscv/plugins/Cache.scala
2026.05.20 18:55:10 WARN  Could not load snapshot text for /Users/robbetiteca/projects/school/thesis/ecosystem-randomized-cache/core/src/main/scala/riscv/plugins/Cache.scala
2026.05.20 18:55:11 INFO  compiling core (1 scala source)
2026.05.20 18:55:11 INFO  time: compiled core in 62ms
2026.05.20 18:55:11 WARN  Could not load snapshot text for /Users/robbetiteca/projects/school/thesis/ecosystem-randomized-cache/core/src/main/scala/riscv/plugins/Cache.scala
2026.05.20 18:55:11 WARN  Could not load snapshot text for /Users/robbetiteca/projects/school/thesis/ecosystem-randomized-cache/core/src/main/scala/riscv/plugins/Cache.scala
2026.05.20 18:55:16 WARN  Could not load snapshot text for /Users/robbetiteca/projects/school/thesis/ecosystem-randomized-cache/core/src/main/scala/riscv/plugins/Cache.scala
2026.05.20 18:55:16 WARN  Could not load snapshot text for /Users/robbetiteca/projects/school/thesis/ecosystem-randomized-cache/core/src/main/scala/riscv/plugins/Cache.scala
2026.05.20 18:55:17 WARN  Could not load snapshot text for /Users/robbetiteca/projects/school/thesis/ecosystem-randomized-cache/core/src/main/scala/riscv/plugins/Cache.scala
2026.05.20 18:55:17 WARN  Could not load snapshot text for /Users/robbetiteca/projects/school/thesis/ecosystem-randomized-cache/core/src/main/scala/riscv/plugins/Cache.scala
2026.05.20 18:55:18 WARN  Could not load snapshot text for /Users/robbetiteca/projects/school/thesis/ecosystem-randomized-cache/core/src/main/scala/riscv/plugins/Cache.scala
2026.05.20 18:55:18 WARN  Could not load snapshot text for /Users/robbetiteca/projects/school/thesis/ecosystem-randomized-cache/core/src/main/scala/riscv/plugins/Cache.scala
2026.05.20 18:55:19 WARN  Could not load snapshot text for /Users/robbetiteca/projects/school/thesis/ecosystem-randomized-cache/core/src/main/scala/riscv/plugins/Cache.scala
2026.05.20 18:55:19 WARN  Could not load snapshot text for /Users/robbetiteca/projects/school/thesis/ecosystem-randomized-cache/core/src/main/scala/riscv/plugins/Cache.scala
2026.05.20 18:55:19 WARN  Could not load snapshot text for /Users/robbetiteca/projects/school/thesis/ecosystem-randomized-cache/core/src/main/scala/riscv/plugins/Cache.scala
2026.05.20 18:55:19 WARN  Could not load snapshot text for /Users/robbetiteca/projects/school/thesis/ecosystem-randomized-cache/core/src/main/scala/riscv/plugins/Cache.scala
2026.05.20 18:55:19 INFO  compiling core (1 scala source)
2026.05.20 18:55:19 INFO  time: compiled core in 57ms
2026.05.20 18:55:19 WARN  Could not load snapshot text for /Users/robbetiteca/projects/school/thesis/ecosystem-randomized-cache/core/src/main/scala/riscv/plugins/Cache.scala
2026.05.20 18:55:20 WARN  Could not load snapshot text for /Users/robbetiteca/projects/school/thesis/ecosystem-randomized-cache/core/src/main/scala/riscv/plugins/Cache.scala
2026.05.20 18:55:31 WARN  Could not load snapshot text for /Users/robbetiteca/projects/school/thesis/ecosystem-randomized-cache/core/src/main/scala/riscv/plugins/Cache.scala
2026.05.20 18:55:31 WARN  Could not load snapshot text for /Users/robbetiteca/projects/school/thesis/ecosystem-randomized-cache/core/src/main/scala/riscv/plugins/Cache.scala
2026.05.20 18:55:32 WARN  Could not load snapshot text for /Users/robbetiteca/projects/school/thesis/ecosystem-randomized-cache/core/src/main/scala/riscv/plugins/Cache.scala
2026.05.20 18:55:32 WARN  Could not load snapshot text for /Users/robbetiteca/projects/school/thesis/ecosystem-randomized-cache/core/src/main/scala/riscv/plugins/Cache.scala
2026.05.20 18:55:34 WARN  Could not load snapshot text for /Users/robbetiteca/projects/school/thesis/ecosystem-randomized-cache/core/src/main/scala/riscv/plugins/Cache.scala
2026.05.20 18:55:34 WARN  Could not load snapshot text for /Users/robbetiteca/projects/school/thesis/ecosystem-randomized-cache/core/src/main/scala/riscv/plugins/Cache.scala
2026.05.20 18:55:34 WARN  Could not load snapshot text for /Users/robbetiteca/projects/school/thesis/ecosystem-randomized-cache/core/src/main/scala/riscv/plugins/Cache.scala
2026.05.20 18:55:35 WARN  Could not load snapshot text for /Users/robbetiteca/projects/school/thesis/ecosystem-randomized-cache/core/src/main/scala/riscv/plugins/Cache.scala
2026.05.20 18:55:36 WARN  Could not load snapshot text for /Users/robbetiteca/projects/school/thesis/ecosystem-randomized-cache/core/src/main/scala/riscv/plugins/Cache.scala
2026.05.20 18:55:36 WARN  Could not load snapshot text for /Users/robbetiteca/projects/school/thesis/ecosystem-randomized-cache/core/src/main/scala/riscv/plugins/Cache.scala
2026.05.20 18:55:37 WARN  Could not load snapshot text for /Users/robbetiteca/projects/school/thesis/ecosystem-randomized-cache/core/src/main/scala/riscv/plugins/Cache.scala
2026.05.20 18:55:37 WARN  Could not load snapshot text for /Users/robbetiteca/projects/school/thesis/ecosystem-randomized-cache/core/src/main/scala/riscv/plugins/Cache.scala
2026.05.20 18:55:37 WARN  Could not load snapshot text for /Users/robbetiteca/projects/school/thesis/ecosystem-randomized-cache/core/src/main/scala/riscv/plugins/Cache.scala
2026.05.20 18:55:38 WARN  Could not load snapshot text for /Users/robbetiteca/projects/school/thesis/ecosystem-randomized-cache/core/src/main/scala/riscv/plugins/Cache.scala
2026.05.20 18:55:40 WARN  Could not load snapshot text for /Users/robbetiteca/projects/school/thesis/ecosystem-randomized-cache/core/src/main/scala/riscv/plugins/Cache.scala
2026.05.20 18:55:40 WARN  Could not load snapshot text for /Users/robbetiteca/projects/school/thesis/ecosystem-randomized-cache/core/src/main/scala/riscv/plugins/Cache.scala
2026.05.20 18:55:42 WARN  Could not load snapshot text for /Users/robbetiteca/projects/school/thesis/ecosystem-randomized-cache/core/src/main/scala/riscv/plugins/Cache.scala
2026.05.20 18:55:42 WARN  Could not load snapshot text for /Users/robbetiteca/projects/school/thesis/ecosystem-randomized-cache/core/src/main/scala/riscv/plugins/Cache.scala
2026.05.20 18:55:43 WARN  Could not load snapshot text for /Users/robbetiteca/projects/school/thesis/ecosystem-randomized-cache/core/src/main/scala/riscv/plugins/Cache.scala
2026.05.20 18:55:43 WARN  Could not load snapshot text for /Users/robbetiteca/projects/school/thesis/ecosystem-randomized-cache/core/src/main/scala/riscv/plugins/Cache.scala
2026.05.20 18:55:44 WARN  Could not load snapshot text for /Users/robbetiteca/projects/school/thesis/ecosystem-randomized-cache/core/src/main/scala/riscv/plugins/Cache.scala
2026.05.20 18:55:44 WARN  Could not load snapshot text for /Users/robbetiteca/projects/school/thesis/ecosystem-randomized-cache/core/src/main/scala/riscv/plugins/Cache.scala
2026.05.20 18:55:45 WARN  Could not load snapshot text for /Users/robbetiteca/projects/school/thesis/ecosystem-randomized-cache/core/src/main/scala/riscv/plugins/Cache.scala
2026.05.20 18:55:45 WARN  Could not load snapshot text for /Users/robbetiteca/projects/school/thesis/ecosystem-randomized-cache/core/src/main/scala/riscv/plugins/Cache.scala
2026.05.20 18:55:47 WARN  Could not load snapshot text for /Users/robbetiteca/projects/school/thesis/ecosystem-randomized-cache/core/src/main/scala/riscv/plugins/Cache.scala
2026.05.20 18:55:47 WARN  Could not load snapshot text for /Users/robbetiteca/projects/school/thesis/ecosystem-randomized-cache/core/src/main/scala/riscv/plugins/Cache.scala
2026.05.20 18:55:48 WARN  Could not load snapshot text for /Users/robbetiteca/projects/school/thesis/ecosystem-randomized-cache/core/src/main/scala/riscv/plugins/Cache.scala
2026.05.20 18:55:48 WARN  Could not load snapshot text for /Users/robbetiteca/projects/school/thesis/ecosystem-randomized-cache/core/src/main/scala/riscv/plugins/Cache.scala
2026.05.20 18:55:48 WARN  Could not load snapshot text for /Users/robbetiteca/projects/school/thesis/ecosystem-randomized-cache/core/src/main/scala/riscv/plugins/Cache.scala
2026.05.20 18:55:49 WARN  Could not load snapshot text for /Users/robbetiteca/projects/school/thesis/ecosystem-randomized-cache/core/src/main/scala/riscv/plugins/Cache.scala
2026.05.20 18:55:50 WARN  Could not load snapshot text for /Users/robbetiteca/projects/school/thesis/ecosystem-randomized-cache/core/src/main/scala/riscv/plugins/Cache.scala
2026.05.20 18:55:50 WARN  Could not load snapshot text for /Users/robbetiteca/projects/school/thesis/ecosystem-randomized-cache/core/src/main/scala/riscv/plugins/Cache.scala
2026.05.20 18:55:50 WARN  Could not load snapshot text for /Users/robbetiteca/projects/school/thesis/ecosystem-randomized-cache/core/src/main/scala/riscv/plugins/Cache.scala
2026.05.20 18:55:50 WARN  Could not load snapshot text for /Users/robbetiteca/projects/school/thesis/ecosystem-randomized-cache/core/src/main/scala/riscv/plugins/Cache.scala
May 20, 2026 6:55:51 PM org.eclipse.lsp4j.jsonrpc.RemoteEndpoint handleCancellation
WARNING: Unmatched cancel notification for request id 21294
2026.05.20 18:55:51 WARN  Could not load snapshot text for /Users/robbetiteca/projects/school/thesis/ecosystem-randomized-cache/core/src/main/scala/riscv/plugins/Cache.scala
2026.05.20 18:55:51 WARN  Could not load snapshot text for /Users/robbetiteca/projects/school/thesis/ecosystem-randomized-cache/core/src/main/scala/riscv/plugins/Cache.scala
2026.05.20 18:55:52 WARN  Could not load snapshot text for /Users/robbetiteca/projects/school/thesis/ecosystem-randomized-cache/core/src/main/scala/riscv/plugins/Cache.scala
2026.05.20 18:55:52 WARN  Could not load snapshot text for /Users/robbetiteca/projects/school/thesis/ecosystem-randomized-cache/core/src/main/scala/riscv/plugins/Cache.scala
2026.05.20 18:55:53 WARN  Could not load snapshot text for /Users/robbetiteca/projects/school/thesis/ecosystem-randomized-cache/core/src/main/scala/riscv/plugins/Cache.scala
2026.05.20 18:55:52 WARN  Could not load snapshot text for /Users/robbetiteca/projects/school/thesis/ecosystem-randomized-cache/core/src/main/scala/riscv/plugins/Cache.scala
2026.05.20 18:55:53 WARN  Could not load snapshot text for /Users/robbetiteca/projects/school/thesis/ecosystem-randomized-cache/core/src/main/scala/riscv/plugins/Cache.scala
2026.05.20 18:55:54 WARN  Could not load snapshot text for /Users/robbetiteca/projects/school/thesis/ecosystem-randomized-cache/core/src/main/scala/riscv/plugins/Cache.scala
2026.05.20 18:55:53 WARN  Could not load snapshot text for /Users/robbetiteca/projects/school/thesis/ecosystem-randomized-cache/core/src/main/scala/riscv/plugins/Cache.scala
2026.05.20 18:55:54 WARN  Could not load snapshot text for /Users/robbetiteca/projects/school/thesis/ecosystem-randomized-cache/core/src/main/scala/riscv/plugins/Cache.scala
2026.05.20 18:55:54 WARN  Could not load snapshot text for /Users/robbetiteca/projects/school/thesis/ecosystem-randomized-cache/core/src/main/scala/riscv/plugins/Cache.scala
2026.05.20 18:55:54 WARN  Could not load snapshot text for /Users/robbetiteca/projects/school/thesis/ecosystem-randomized-cache/core/src/main/scala/riscv/plugins/Cache.scala
2026.05.20 18:55:55 WARN  Could not load snapshot text for /Users/robbetiteca/projects/school/thesis/ecosystem-randomized-cache/core/src/main/scala/riscv/plugins/Cache.scala
2026.05.20 18:55:55 WARN  Could not load snapshot text for /Users/robbetiteca/projects/school/thesis/ecosystem-randomized-cache/core/src/main/scala/riscv/plugins/Cache.scala
2026.05.20 18:55:55 WARN  Could not load snapshot text for /Users/robbetiteca/projects/school/thesis/ecosystem-randomized-cache/core/src/main/scala/riscv/plugins/Cache.scala
2026.05.20 18:55:55 WARN  Could not load snapshot text for /Users/robbetiteca/projects/school/thesis/ecosystem-randomized-cache/core/src/main/scala/riscv/plugins/Cache.scala
2026.05.20 18:55:55 WARN  Could not load snapshot text for /Users/robbetiteca/projects/school/thesis/ecosystem-randomized-cache/core/src/main/scala/riscv/plugins/Cache.scala
2026.05.20 18:55:56 WARN  Could not load snapshot text for /Users/robbetiteca/projects/school/thesis/ecosystem-randomized-cache/core/src/main/scala/riscv/plugins/Cache.scala
2026.05.20 18:55:56 WARN  Could not load snapshot text for /Users/robbetiteca/projects/school/thesis/ecosystem-randomized-cache/core/src/main/scala/riscv/plugins/Cache.scala
2026.05.20 18:55:56 WARN  Could not load snapshot text for /Users/robbetiteca/projects/school/thesis/ecosystem-randomized-cache/core/src/main/scala/riscv/plugins/Cache.scala
2026.05.20 18:55:57 WARN  Could not load snapshot text for /Users/robbetiteca/projects/school/thesis/ecosystem-randomized-cache/core/src/main/scala/riscv/plugins/Cache.scala
2026.05.20 18:55:57 WARN  Could not load snapshot text for /Users/robbetiteca/projects/school/thesis/ecosystem-randomized-cache/core/src/main/scala/riscv/plugins/Cache.scala
2026.05.20 18:55:57 WARN  Could not load snapshot text for /Users/robbetiteca/projects/school/thesis/ecosystem-randomized-cache/core/src/main/scala/riscv/plugins/Cache.scala
2026.05.20 18:55:57 WARN  Could not load snapshot text for /Users/robbetiteca/projects/school/thesis/ecosystem-randomized-cache/core/src/main/scala/riscv/plugins/Cache.scala
2026.05.20 18:55:58 INFO  compiling core (1 scala source)
2026.05.20 18:55:58 INFO  time: compiled core in 0.17s
2026.05.20 18:55:58 WARN  Could not load snapshot text for /Users/robbetiteca/projects/school/thesis/ecosystem-randomized-cache/core/src/main/scala/riscv/plugins/Cache.scala
2026.05.20 18:55:58 WARN  Could not load snapshot text for /Users/robbetiteca/projects/school/thesis/ecosystem-randomized-cache/core/src/main/scala/riscv/plugins/Cache.scala
May 20, 2026 6:56:13 PM scala.meta.internal.pc.CompilerAccess retryWithCleanCompiler
INFO: compiler crashed due to an error in the Scala compiler, retrying with new compiler instance.
May 20, 2026 6:56:14 PM scala.meta.internal.pc.CompilerAccess retryWithCleanCompiler
INFO: compiler crashed due to an error in the Scala compiler, retrying with new compiler instance.
May 20, 2026 6:56:15 PM scala.meta.internal.pc.CompilerAccess retryWithCleanCompiler
INFO: compiler crashed due to an error in the Scala compiler, retrying with new compiler instance.
May 20, 2026 6:56:16 PM scala.meta.internal.pc.CompilerAccess retryWithCleanCompiler
INFO: compiler crashed due to an error in the Scala compiler, retrying with new compiler instance.
2026.05.20 18:56:17 WARN  Could not load snapshot text for /Users/robbetiteca/projects/school/thesis/ecosystem-randomized-cache/core/src/main/scala/riscv/plugins/Cache.scala
2026.05.20 18:56:17 WARN  Could not load snapshot text for /Users/robbetiteca/projects/school/thesis/ecosystem-randomized-cache/core/src/main/scala/riscv/plugins/Cache.scala
2026.05.20 18:56:17 WARN  Could not load snapshot text for /Users/robbetiteca/projects/school/thesis/ecosystem-randomized-cache/core/src/main/scala/riscv/plugins/Cache.scala
2026.05.20 18:56:17 WARN  Could not load snapshot text for /Users/robbetiteca/projects/school/thesis/ecosystem-randomized-cache/core/src/main/scala/riscv/plugins/Cache.scala
May 20, 2026 6:56:18 PM scala.meta.internal.pc.CompilerAccess retryWithCleanCompiler
INFO: compiler crashed due to an error in the Scala compiler, retrying with new compiler instance.
2026.05.20 18:56:17 WARN  Could not load snapshot text for /Users/robbetiteca/projects/school/thesis/ecosystem-randomized-cache/core/src/main/scala/riscv/plugins/Cache.scala
2026.05.20 18:56:18 WARN  Could not load snapshot text for /Users/robbetiteca/projects/school/thesis/ecosystem-randomized-cache/core/src/main/scala/riscv/plugins/Cache.scala
May 20, 2026 6:56:18 PM scala.meta.internal.pc.CompilerAccess retryWithCleanCompiler
INFO: compiler crashed due to an error in the Scala compiler, retrying with new compiler instance.
2026.05.20 18:56:19 WARN  Could not load snapshot text for /Users/robbetiteca/projects/school/thesis/ecosystem-randomized-cache/core/src/main/scala/riscv/plugins/Cache.scala
2026.05.20 18:56:19 WARN  Could not load snapshot text for /Users/robbetiteca/projects/school/thesis/ecosystem-randomized-cache/core/src/main/scala/riscv/plugins/Cache.scala
May 20, 2026 6:56:19 PM scala.meta.internal.pc.CompilerAccess retryWithCleanCompiler
INFO: compiler crashed due to an error in the Scala compiler, retrying with new compiler instance.
May 20, 2026 6:56:19 PM scala.meta.internal.pc.CompilerAccess retryWithCleanCompiler
INFO: compiler crashed due to an error in the Scala compiler, retrying with new compiler instance.
2026.05.20 18:56:21 WARN  Could not load snapshot text for /Users/robbetiteca/projects/school/thesis/ecosystem-randomized-cache/core/src/main/scala/riscv/plugins/Cache.scala
2026.05.20 18:56:21 WARN  Could not load snapshot text for /Users/robbetiteca/projects/school/thesis/ecosystem-randomized-cache/core/src/main/scala/riscv/plugins/Cache.scala
May 20, 2026 6:56:21 PM scala.meta.internal.pc.CompilerAccess retryWithCleanCompiler
INFO: compiler crashed due to an error in the Scala compiler, retrying with new compiler instance.
May 20, 2026 6:56:22 PM scala.meta.internal.pc.CompilerAccess retryWithCleanCompiler
INFO: compiler crashed due to an error in the Scala compiler, retrying with new compiler instance.
2026.05.20 18:56:22 INFO  compiling core (1 scala source)
May 20, 2026 6:56:22 PM scala.meta.internal.pc.CompilerAccess retryWithCleanCompiler
INFO: compiler crashed due to an error in the Scala compiler, retrying with new compiler instance.
2026.05.20 18:56:23 INFO  time: compiled core in 1.81s
2026.05.20 18:57:23 INFO  compiling core (1 scala source)
2026.05.20 18:57:23 INFO  time: compiled core in 0.94s
2026.05.20 18:57:33 INFO  compiling core (1 scala source)
2026.05.20 18:57:33 INFO  time: compiled core in 0.97s
May 20, 2026 6:57:50 PM org.eclipse.lsp4j.jsonrpc.RemoteEndpoint handleCancellation
WARNING: Unmatched cancel notification for request id 22464
May 20, 2026 6:57:50 PM org.eclipse.lsp4j.jsonrpc.RemoteEndpoint handleCancellation
WARNING: Unmatched cancel notification for request id 22476
2026.05.20 18:58:01 INFO  compiling core (1 scala source)
2026.05.20 18:58:01 INFO  time: compiled core in 0.16s
May 20, 2026 6:58:11 PM org.eclipse.lsp4j.jsonrpc.RemoteEndpoint handleCancellation
WARNING: Unmatched cancel notification for request id 22802
2026.05.20 18:58:34 INFO  compiling core (1 scala source)
2026.05.20 18:58:34 INFO  time: compiled core in 0.89s
2026.05.20 18:58:41 INFO  compiling core (1 scala source)
2026.05.20 18:58:41 INFO  time: compiled core in 0.77s
2026.05.20 18:58:47 INFO  compiling core (1 scala source)
2026.05.20 18:58:47 INFO  time: compiled core in 0.74s
2026.05.20 18:58:50 INFO  compiling core (1 scala source)
2026.05.20 18:58:50 INFO  time: compiled core in 0.75s
2026.05.20 19:01:43 INFO  compiling core (1 scala source)
2026.05.20 19:01:45 INFO  time: compiled core in 2.61s
2026.05.20 19:04:19 INFO  compiling core (1 scala source)
2026.05.20 19:04:22 INFO  time: compiled core in 2.18s
2026.05.20 19:04:22 WARN  Could not load snapshot text for /Users/robbetiteca/projects/school/thesis/ecosystem-randomized-cache/core/src/main/scala/riscv/plugins/Cache.scala
2026.05.20 19:04:22 WARN  Could not load snapshot text for /Users/robbetiteca/projects/school/thesis/ecosystem-randomized-cache/core/src/main/scala/riscv/plugins/Cache.scala
2026.05.20 19:04:22 INFO  compiling core (1 scala source)
2026.05.20 19:04:23 INFO  time: compiled core in 1.51s
2026.05.20 19:58:18 INFO  compiling core (1 scala source)
2026.05.20 19:58:20 INFO  time: compiled core in 2.45s
2026.05.20 19:58:55 INFO  compiling core (1 scala source)
2026.05.20 19:58:55 INFO  time: compiled core in 79ms
2026.05.20 19:58:55 WARN  Could not load snapshot text for /Users/robbetiteca/projects/school/thesis/ecosystem-randomized-cache/core/src/main/scala/riscv/plugins/Cache.scala
2026.05.20 19:58:55 WARN  Could not load snapshot text for /Users/robbetiteca/projects/school/thesis/ecosystem-randomized-cache/core/src/main/scala/riscv/plugins/Cache.scala
2026.05.20 19:58:56 WARN  Could not load snapshot text for /Users/robbetiteca/projects/school/thesis/ecosystem-randomized-cache/core/src/main/scala/riscv/plugins/Cache.scala
2026.05.20 19:58:56 WARN  Could not load snapshot text for /Users/robbetiteca/projects/school/thesis/ecosystem-randomized-cache/core/src/main/scala/riscv/plugins/Cache.scala
2026.05.20 19:58:56 INFO  compiling core (1 scala source)
2026.05.20 19:58:56 INFO  time: compiled core in 0.22s
2026.05.20 19:58:57 WARN  Could not load snapshot text for /Users/robbetiteca/projects/school/thesis/ecosystem-randomized-cache/core/src/main/scala/riscv/plugins/Cache.scala
2026.05.20 19:58:57 WARN  Could not load snapshot text for /Users/robbetiteca/projects/school/thesis/ecosystem-randomized-cache/core/src/main/scala/riscv/plugins/Cache.scala
2026.05.20 19:58:58 WARN  Could not load snapshot text for /Users/robbetiteca/projects/school/thesis/ecosystem-randomized-cache/core/src/main/scala/riscv/plugins/Cache.scala
2026.05.20 19:58:57 WARN  Could not load snapshot text for /Users/robbetiteca/projects/school/thesis/ecosystem-randomized-cache/core/src/main/scala/riscv/plugins/Cache.scala
2026.05.20 19:58:58 WARN  Could not load snapshot text for /Users/robbetiteca/projects/school/thesis/ecosystem-randomized-cache/core/src/main/scala/riscv/plugins/Cache.scala
2026.05.20 19:58:58 WARN  Could not load snapshot text for /Users/robbetiteca/projects/school/thesis/ecosystem-randomized-cache/core/src/main/scala/riscv/plugins/Cache.scala
2026.05.20 19:58:59 WARN  Could not load snapshot text for /Users/robbetiteca/projects/school/thesis/ecosystem-randomized-cache/core/src/main/scala/riscv/plugins/Cache.scala
2026.05.20 19:58:59 WARN  Could not load snapshot text for /Users/robbetiteca/projects/school/thesis/ecosystem-randomized-cache/core/src/main/scala/riscv/plugins/Cache.scala
2026.05.20 19:59:02 WARN  Could not load snapshot text for /Users/robbetiteca/projects/school/thesis/ecosystem-randomized-cache/core/src/main/scala/riscv/plugins/Cache.scala
2026.05.20 19:59:02 WARN  Could not load snapshot text for /Users/robbetiteca/projects/school/thesis/ecosystem-randomized-cache/core/src/main/scala/riscv/plugins/Cache.scala
2026.05.20 19:59:08 WARN  Could not load snapshot text for /Users/robbetiteca/projects/school/thesis/ecosystem-randomized-cache/core/src/main/scala/riscv/plugins/Cache.scala
2026.05.20 19:59:08 WARN  Could not load snapshot text for /Users/robbetiteca/projects/school/thesis/ecosystem-randomized-cache/core/src/main/scala/riscv/plugins/Cache.scala
2026.05.20 19:59:08 WARN  Could not load snapshot text for /Users/robbetiteca/projects/school/thesis/ecosystem-randomized-cache/core/src/main/scala/riscv/plugins/Cache.scala
2026.05.20 19:59:08 WARN  Could not load snapshot text for /Users/robbetiteca/projects/school/thesis/ecosystem-randomized-cache/core/src/main/scala/riscv/plugins/Cache.scala
2026.05.20 19:59:09 WARN  Could not load snapshot text for /Users/robbetiteca/projects/school/thesis/ecosystem-randomized-cache/core/src/main/scala/riscv/plugins/Cache.scala
2026.05.20 19:59:09 WARN  Could not load snapshot text for /Users/robbetiteca/projects/school/thesis/ecosystem-randomized-cache/core/src/main/scala/riscv/plugins/Cache.scala
2026.05.20 19:59:09 WARN  Could not load snapshot text for /Users/robbetiteca/projects/school/thesis/ecosystem-randomized-cache/core/src/main/scala/riscv/plugins/Cache.scala
2026.05.20 19:59:09 WARN  Could not load snapshot text for /Users/robbetiteca/projects/school/thesis/ecosystem-randomized-cache/core/src/main/scala/riscv/plugins/Cache.scala
2026.05.20 19:59:09 WARN  Could not load snapshot text for /Users/robbetiteca/projects/school/thesis/ecosystem-randomized-cache/core/src/main/scala/riscv/plugins/Cache.scala
2026.05.20 19:59:10 WARN  Could not load snapshot text for /Users/robbetiteca/projects/school/thesis/ecosystem-randomized-cache/core/src/main/scala/riscv/plugins/Cache.scala
2026.05.20 19:59:11 WARN  Could not load snapshot text for /Users/robbetiteca/projects/school/thesis/ecosystem-randomized-cache/core/src/main/scala/riscv/plugins/Cache.scala
2026.05.20 19:59:11 WARN  Could not load snapshot text for /Users/robbetiteca/projects/school/thesis/ecosystem-randomized-cache/core/src/main/scala/riscv/plugins/Cache.scala
2026.05.20 19:59:12 WARN  Could not load snapshot text for /Users/robbetiteca/projects/school/thesis/ecosystem-randomized-cache/core/src/main/scala/riscv/plugins/Cache.scala
2026.05.20 19:59:12 WARN  Could not load snapshot text for /Users/robbetiteca/projects/school/thesis/ecosystem-randomized-cache/core/src/main/scala/riscv/plugins/Cache.scala
2026.05.20 19:59:13 WARN  Could not load snapshot text for /Users/robbetiteca/projects/school/thesis/ecosystem-randomized-cache/core/src/main/scala/riscv/plugins/Cache.scala
2026.05.20 19:59:13 WARN  Could not load snapshot text for /Users/robbetiteca/projects/school/thesis/ecosystem-randomized-cache/core/src/main/scala/riscv/plugins/Cache.scala
2026.05.20 19:59:17 WARN  Could not load snapshot text for /Users/robbetiteca/projects/school/thesis/ecosystem-randomized-cache/core/src/main/scala/riscv/plugins/Cache.scala
2026.05.20 19:59:17 WARN  Could not load snapshot text for /Users/robbetiteca/projects/school/thesis/ecosystem-randomized-cache/core/src/main/scala/riscv/plugins/Cache.scala
2026.05.20 19:59:18 WARN  Could not load snapshot text for /Users/robbetiteca/projects/school/thesis/ecosystem-randomized-cache/core/src/main/scala/riscv/plugins/Cache.scala
2026.05.20 19:59:18 WARN  Could not load snapshot text for /Users/robbetiteca/projects/school/thesis/ecosystem-randomized-cache/core/src/main/scala/riscv/plugins/Cache.scala
2026.05.20 19:59:19 WARN  Could not load snapshot text for /Users/robbetiteca/projects/school/thesis/ecosystem-randomized-cache/core/src/main/scala/riscv/plugins/Cache.scala
2026.05.20 19:59:19 WARN  Could not load snapshot text for /Users/robbetiteca/projects/school/thesis/ecosystem-randomized-cache/core/src/main/scala/riscv/plugins/Cache.scala
2026.05.20 19:59:20 WARN  Could not load snapshot text for /Users/robbetiteca/projects/school/thesis/ecosystem-randomized-cache/core/src/main/scala/riscv/plugins/Cache.scala
2026.05.20 19:59:20 WARN  Could not load snapshot text for /Users/robbetiteca/projects/school/thesis/ecosystem-randomized-cache/core/src/main/scala/riscv/plugins/Cache.scala
2026.05.20 19:59:21 WARN  Could not load snapshot text for /Users/robbetiteca/projects/school/thesis/ecosystem-randomized-cache/core/src/main/scala/riscv/plugins/Cache.scala
2026.05.20 19:59:21 WARN  Could not load snapshot text for /Users/robbetiteca/projects/school/thesis/ecosystem-randomized-cache/core/src/main/scala/riscv/plugins/Cache.scala
2026.05.20 19:59:28 WARN  Could not load snapshot text for /Users/robbetiteca/projects/school/thesis/ecosystem-randomized-cache/core/src/main/scala/riscv/plugins/Cache.scala
2026.05.20 19:59:28 WARN  Could not load snapshot text for /Users/robbetiteca/projects/school/thesis/ecosystem-randomized-cache/core/src/main/scala/riscv/plugins/Cache.scala
2026.05.20 19:59:28 INFO  compiling core (1 scala source)
2026.05.20 19:59:29 WARN  Could not load snapshot text for /Users/robbetiteca/projects/school/thesis/ecosystem-randomized-cache/core/src/main/scala/riscv/plugins/Cache.scala
2026.05.20 19:59:29 WARN  Could not load snapshot text for /Users/robbetiteca/projects/school/thesis/ecosystem-randomized-cache/core/src/main/scala/riscv/plugins/Cache.scala
2026.05.20 19:59:30 INFO  time: compiled core in 1.23s
May 20, 2026 7:59:48 PM scala.meta.internal.pc.CompletionProvider expected$1
WARNING: Range [5313, 5313 + -1) out of bounds for length 27557
May 20, 2026 8:00:17 PM scala.meta.internal.pc.CompilerAccess retryWithCleanCompiler
INFO: compiler crashed due to an error in the Scala compiler, retrying with new compiler instance.
2026.05.20 20:00:39 INFO  compiling core (1 scala source)
2026.05.20 20:00:39 INFO  time: compiled core in 0.77s
2026.05.20 20:00:42 INFO  compiling core (1 scala source)
2026.05.20 20:00:42 INFO  time: compiled core in 0.27s
2026.05.20 20:00:46 INFO  compiling core (1 scala source)
2026.05.20 20:00:46 INFO  time: compiled core in 0.22s
2026.05.20 20:00:58 INFO  compiling core (1 scala source)
2026.05.20 20:00:58 INFO  time: compiled core in 0.23s
2026.05.20 20:01:19 INFO  compiling core (1 scala source)
2026.05.20 20:01:21 INFO  time: compiled core in 1.38s
2026.05.20 20:01:28 INFO  compiling core (1 scala source)
2026.05.20 20:01:29 INFO  time: compiled core in 1.09s
May 20, 2026 8:01:46 PM scala.meta.internal.pc.MetalsGlobal inverseSemanticdbSymbols
SEVERE: invalid SemanticDB symbol: riscv/plugins/Cache#connect().(external)
illegal cyclic reference involving class Cache
2026.05.20 20:02:18 INFO  compiling core (1 scala source)
2026.05.20 20:02:18 INFO  time: compiled core in 0.87s
2026.05.20 20:02:30 INFO  compiling core (1 scala source)
2026.05.20 20:02:31 INFO  time: compiled core in 1.55s
May 20, 2026 8:02:39 PM org.eclipse.lsp4j.jsonrpc.RemoteEndpoint handleCancellation
WARNING: Unmatched cancel notification for request id 28842
May 20, 2026 8:02:39 PM org.eclipse.lsp4j.jsonrpc.RemoteEndpoint handleCancellation
WARNING: Unmatched cancel notification for request id 28843
May 20, 2026 8:02:39 PM org.eclipse.lsp4j.jsonrpc.RemoteEndpoint handleCancellation
WARNING: Unmatched cancel notification for request id 28844
2026.05.20 20:02:48 INFO  compiling core (1 scala source)
2026.05.20 20:02:49 INFO  time: compiled core in 1.03s
2026.05.20 20:05:30 INFO  compiling core (1 scala source)
2026.05.20 20:05:33 INFO  time: compiled core in 2.33s
2026.05.20 20:05:33 INFO  compiling core (1 scala source)
2026.05.20 20:05:35 INFO  time: compiled core in 1.59s
May 20, 2026 8:09:22 PM org.eclipse.lsp4j.jsonrpc.RemoteEndpoint handleCancellation
WARNING: Unmatched cancel notification for request id 29365
May 20, 2026 8:09:22 PM org.eclipse.lsp4j.jsonrpc.RemoteEndpoint handleCancellation
WARNING: Unmatched cancel notification for request id 29366
2026.05.20 20:09:23 INFO  compiling core (1 scala source)
2026.05.20 20:09:23 INFO  time: compiled core in 0.83s
May 20, 2026 8:09:24 PM scala.meta.internal.pc.CompilerAccess retryWithCleanCompiler
INFO: compiler crashed due to an error in the Scala compiler, retrying with new compiler instance.
May 20, 2026 8:09:24 PM scala.meta.internal.pc.CompilerAccess retryWithCleanCompiler
INFO: compiler crashed due to an error in the Scala compiler, retrying with new compiler instance.
May 20, 2026 8:09:29 PM scala.meta.internal.pc.CompilerAccess retryWithCleanCompiler
INFO: compiler crashed due to an error in the Scala compiler, retrying with new compiler instance.
May 20, 2026 8:09:29 PM scala.meta.internal.pc.CompilerAccess retryWithCleanCompiler
INFO: compiler crashed due to an error in the Scala compiler, retrying with new compiler instance.
May 20, 2026 8:09:32 PM scala.meta.internal.pc.CompilerAccess retryWithCleanCompiler
INFO: compiler crashed due to an error in the Scala compiler, retrying with new compiler instance.
2026.05.20 20:09:32 INFO  compiling core (1 scala source)
2026.05.20 20:09:34 INFO  time: compiled core in 1.88s
2026.05.20 21:20:47 INFO  compiling core (1 scala source)
2026.05.20 21:20:49 INFO  time: compiled core in 2.29s
2026.05.20 21:33:58 INFO  compiling core (1 scala source)
2026.05.20 21:34:00 INFO  time: compiled core in 1.98s
May 20, 2026 9:36:35 PM org.eclipse.lsp4j.jsonrpc.RemoteEndpoint handleCancellation
WARNING: Unmatched cancel notification for request id 30137
2026.05.21 13:20:06 INFO  Shutting down server
2026.05.21 13:20:06 INFO  Memory monitor stopped
2026.05.21 13:20:06 INFO  shutting down Metals
2026.05.21 13:20:06 INFO  Shut down connection with build server.
2026.05.21 13:20:06 INFO  Exiting server
2026.05.21 13:24:53 INFO  Started: Metals version 1.6.7 in folders '/Users/robbetiteca/projects/school/thesis/ecosystem-randomized-cache' for client Visual Studio Code 1.121.0.
2026.05.21 13:24:53 INFO  Memory monitor started
2026.05.21 13:24:53 WARN  Using H2 2.4.240 which is newer than the version Flyway has been verified with. The latest verified version of H2 is 2.3.232.
2026.05.21 13:24:53 INFO  no build target found for /Users/robbetiteca/projects/school/thesis/ecosystem-randomized-cache/core/src/main/scala/riscv/plugins/Cache.scala. Using presentation compiler with project's scala-library version: 3.3.7
2026.05.21 13:24:54 INFO  no build target found for /Users/robbetiteca/projects/school/thesis/ecosystem-randomized-cache/core/src/main/scala/riscv/plugins/Cache.scala. Using presentation compiler with project's scala-library version: 3.3.7
2026.05.21 13:24:54 INFO  Attempting to connect to the build server...
2026.05.21 13:24:54 INFO  No running Bloop server found, starting one.
2026.05.21 13:24:55 INFO  Starting compilation server
2026.05.21 13:24:56 INFO  tracing is disabled for protocol BSP, to enable tracing of incoming and outgoing JSON messages create an empty file at /Users/robbetiteca/projects/school/thesis/ecosystem-randomized-cache/.metals/bsp.trace.json or /Users/robbetiteca/Library/Caches/org.scalameta.metals/bsp.trace.json
2026.05.21 13:24:56 INFO  time: Connected to build server in 1.58s
2026.05.21 13:24:56 INFO  Connected to Build server: Bloop v2.0.19
2026.05.21 13:24:57 WARN  Using H2 2.4.240 which is newer than the version Flyway has been verified with. The latest verified version of H2 is 2.3.232.
2026.05.21 13:24:57 INFO  time: indexed workspace in 1.71s
2026.05.21 13:25:01 INFO  Shutting down server
2026.05.21 13:25:01 INFO  Memory monitor stopped
2026.05.21 13:25:01 INFO  shutting down Metals
2026.05.21 13:25:01 INFO  Shut down connection with build server.
2026.05.21 13:25:01 INFO  Exiting server
2026.05.27 13:40:01 INFO  Started: Metals version 1.6.7 in folders '/Users/robbetiteca/projects/school/thesis/ecosystem-randomized-cache' for client Visual Studio Code 1.121.0.
2026.05.27 13:40:01 INFO  Memory monitor started
2026.05.27 13:40:01 WARN  Using H2 2.4.240 which is newer than the version Flyway has been verified with. The latest verified version of H2 is 2.3.232.
2026.05.27 13:40:01 INFO  no build target found for /Users/robbetiteca/projects/school/thesis/ecosystem-randomized-cache/core/src/main/scala/riscv/plugins/Cache.scala. Using presentation compiler with project's scala-library version: 3.3.7
2026.05.27 13:40:03 INFO  no build target found for /Users/robbetiteca/projects/school/thesis/ecosystem-randomized-cache/core/src/main/scala/riscv/plugins/Cache.scala. Using presentation compiler with project's scala-library version: 3.3.7
2026.05.27 13:40:03 INFO  no build target found for /Users/robbetiteca/projects/school/thesis/ecosystem-randomized-cache/core/src/main/scala/riscv/plugins/Cache.scala. Using presentation compiler with project's scala-library version: 3.3.7
2026.05.27 13:40:03 INFO  no build target found for /Users/robbetiteca/projects/school/thesis/ecosystem-randomized-cache/core/src/main/scala/riscv/plugins/Cache.scala. Using presentation compiler with project's scala-library version: 3.3.7
May 27, 2026 1:40:03 PM org.eclipse.lsp4j.jsonrpc.RemoteEndpoint handleCancellation
WARNING: Unmatched cancel notification for request id 3
2026.05.27 13:40:03 INFO  Attempting to connect to the build server...
2026.05.27 13:40:03 INFO  No running Bloop server found, starting one.
May 27, 2026 1:40:04 PM org.eclipse.lsp4j.jsonrpc.services.GenericEndpoint notify
INFO: Unsupported notification method: $/setTrace
2026.05.27 13:40:03 INFO  no build target found for /Users/robbetiteca/projects/school/thesis/ecosystem-randomized-cache/core/src/main/scala/riscv/plugins/Cache.scala. Using presentation compiler with project's scala-library version: 3.3.7
2026.05.27 13:40:04 INFO  Starting compilation server
2026.05.27 13:40:05 INFO  tracing is disabled for protocol BSP, to enable tracing of incoming and outgoing JSON messages create an empty file at /Users/robbetiteca/projects/school/thesis/ecosystem-randomized-cache/.metals/bsp.trace.json or /Users/robbetiteca/Library/Caches/org.scalameta.metals/bsp.trace.json
2026.05.27 13:40:05 INFO  time: Connected to build server in 1.93s
2026.05.27 13:40:05 INFO  Connected to Build server: Bloop v2.0.19
2026.05.27 13:40:06 WARN  Using H2 2.4.240 which is newer than the version Flyway has been verified with. The latest verified version of H2 is 2.3.232.
2026.05.27 13:40:06 INFO  time: indexed workspace in 1.75s
2026.05.27 13:53:14 INFO  Shutting down server
2026.05.27 13:53:14 INFO  Memory monitor stopped
2026.05.27 13:53:14 INFO  shutting down Metals
2026.05.27 13:53:14 INFO  Shut down connection with build server.
2026.05.27 13:53:14 INFO  Exiting server
2026.05.27 17:40:04 INFO  Started: Metals version 1.6.7 in folders '/Users/robbetiteca/projects/school/thesis/ecosystem-randomized-cache' for client Visual Studio Code 1.121.0.
2026.05.27 17:40:04 INFO  Memory monitor started
2026.05.27 17:40:04 WARN  Using H2 2.4.240 which is newer than the version Flyway has been verified with. The latest verified version of H2 is 2.3.232.
2026.05.27 17:40:05 INFO  no build target found for /Users/robbetiteca/projects/school/thesis/ecosystem-randomized-cache/core/src/main/scala/riscv/plugins/Cache.scala. Using presentation compiler with project's scala-library version: 3.3.7
2026.05.27 17:40:05 INFO  no build target found for /Users/robbetiteca/projects/school/thesis/ecosystem-randomized-cache/core/src/main/scala/riscv/plugins/Cache.scala. Using presentation compiler with project's scala-library version: 3.3.7
2026.05.27 17:40:06 INFO  Attempting to connect to the build server...
2026.05.27 17:40:06 INFO  Found a Bloop server running
2026.05.27 17:40:06 INFO  tracing is disabled for protocol BSP, to enable tracing of incoming and outgoing JSON messages create an empty file at /Users/robbetiteca/projects/school/thesis/ecosystem-randomized-cache/.metals/bsp.trace.json or /Users/robbetiteca/Library/Caches/org.scalameta.metals/bsp.trace.json
2026.05.27 17:40:06 INFO  time: Connected to build server in 0.18s
2026.05.27 17:40:06 INFO  Connected to Build server: Bloop v2.0.19
2026.05.27 17:40:06 INFO  no build target found for /Users/robbetiteca/projects/school/thesis/ecosystem-randomized-cache/core/src/main/scala/riscv/plugins/Cache.scala. Using presentation compiler with project's scala-library version: 3.3.7
May 27, 2026 5:40:07 PM org.eclipse.lsp4j.jsonrpc.services.GenericEndpoint notify
INFO: Unsupported notification method: $/setTrace
May 27, 2026 5:40:07 PM org.eclipse.lsp4j.jsonrpc.RemoteEndpoint handleCancellation
WARNING: Unmatched cancel notification for request id 6
May 27, 2026 5:40:08 PM org.eclipse.lsp4j.jsonrpc.RemoteEndpoint handleCancellation
WARNING: Unmatched cancel notification for request id 12
May 27, 2026 5:40:08 PM org.eclipse.lsp4j.jsonrpc.RemoteEndpoint handleCancellation
WARNING: Unmatched cancel notification for request id 18
May 27, 2026 5:40:08 PM org.eclipse.lsp4j.jsonrpc.RemoteEndpoint handleCancellation
WARNING: Unmatched cancel notification for request id 21
2026.05.27 17:40:09 WARN  Using H2 2.4.240 which is newer than the version Flyway has been verified with. The latest verified version of H2 is 2.3.232.
2026.05.27 17:40:09 INFO  time: indexed workspace in 2.6s
May 28, 2026 1:41:19 PM org.eclipse.lsp4j.jsonrpc.services.GenericEndpoint notify
INFO: Unsupported notification method: $/setTrace
May 28, 2026 1:41:19 PM org.eclipse.lsp4j.jsonrpc.services.GenericEndpoint notify
INFO: Unsupported notification method: $/setTrace
2026.05.28 17:31:39 INFO  compiling core (1 scala source)
2026.05.28 17:31:42 WARN  one feature warning; re-run with -feature for details
2026.05.28 17:31:42 INFO  time: compiled core in 2.48s
2026.05.28 18:31:27 INFO  compiling core (1 scala source)
2026.05.28 18:31:29 WARN  one feature warning; re-run with -feature for details
2026.05.28 18:31:29 INFO  time: compiled core in 1.29s
2026.05.28 20:06:20 WARN  Using H2 2.4.240 which is newer than the version Flyway has been verified with. The latest verified version of H2 is 2.3.232.
2026.05.28 20:06:20 INFO  no build target found for /Users/robbetiteca/projects/school/thesis/proteus/src/main/scala/riscv/Core.scala. Using presentation compiler with project's scala-library version: 3.3.7
2026.05.28 20:06:20 INFO  no build target found for /Users/robbetiteca/projects/school/thesis/proteus/src/main/scala/riscv/Core.scala. Using presentation compiler with project's scala-library version: 3.3.7
2026.05.28 20:06:20 WARN  scala-cli >= 0.1.3 not found in PATH, fetching and starting a JVM-based Scala CLI
May 28, 2026 8:06:20 PM org.eclipse.lsp4j.jsonrpc.RemoteEndpoint handleCancellation
WARNING: Unmatched cancel notification for request id 387
2026.05.28 20:06:20 INFO  no build target found for /Users/robbetiteca/projects/school/thesis/proteus/src/main/scala/riscv/Core.scala. Using presentation compiler with project's scala-library version: 3.3.7
2026.05.28 20:06:20 INFO  no build target found for /Users/robbetiteca/projects/school/thesis/proteus/src/main/scala/riscv/Core.scala. Using presentation compiler with project's scala-library version: 3.3.7
May 28, 2026 8:06:20 PM org.eclipse.lsp4j.jsonrpc.RemoteEndpoint handleCancellation
WARNING: Unmatched cancel notification for request id 391
2026.05.28 20:06:20 INFO  no build target found for /Users/robbetiteca/projects/school/thesis/proteus/src/main/scala/riscv/Core.scala. Using presentation compiler with project's scala-library version: 3.3.7
2026.05.28 20:06:20 INFO  no build target found for /Users/robbetiteca/projects/school/thesis/proteus/src/main/scala/riscv/Core.scala. Using presentation compiler with project's scala-library version: 3.3.7
May 28, 2026 8:06:20 PM org.eclipse.lsp4j.jsonrpc.RemoteEndpoint handleCancellation
WARNING: Unmatched cancel notification for request id 396
2026.05.28 20:06:20 INFO  no build target found for /Users/robbetiteca/projects/school/thesis/proteus/src/main/scala/riscv/Core.scala. Using presentation compiler with project's scala-library version: 3.3.7
2026.05.28 20:06:20 INFO  no build target found for /Users/robbetiteca/projects/school/thesis/proteus/src/main/scala/riscv/Core.scala. Using presentation compiler with project's scala-library version: 3.3.7
2026.05.28 20:06:21 INFO  Running List(/Library/Java/JavaVirtualMachines/zulu-21.jdk/Contents/Home/bin/java, -cp, /Users/robbetiteca/Library/Caches/Coursier/v1/https/repo1.maven.org/maven2/org/virtuslab/scala-cli/cli_3/1.12.4/cli_3-1.12.4.jar:/Users/robbetiteca/Library/Caches/Coursier/v1/https/repo1.maven.org/maven2/com/github/alexarchambault/case-app_3/2.1.0/case-app_3-2.1.0.jar:/Users/robbetiteca/Library/Caches/Coursier/v1/https/repo1.maven.org/maven2/io/get-coursier/coursier-launcher_2.13/2.1.25-M23/coursier-launcher_2.13-2.1.25-M23.jar:/Users/robbetiteca/Library/Caches/Coursier/v1/https/repo1.maven.org/maven2/io/get-coursier/coursier-proxy-setup/2.1.25-M23/coursier-proxy-setup-2.1.25-M23.jar:/Users/robbetiteca/Library/Caches/Coursier/v1/https/repo1.maven.org/maven2/io/get-coursier/publish/publish_3/0.4.4/publish_3-0.4.4.jar:/Users/robbetiteca/Library/Caches/Coursier/v1/https/repo1.maven.org/maven2/com/google/jimfs/jimfs/1.3.1/jimfs-1.3.1.jar:/Users/robbetiteca/Library/Caches/Coursier/v1/https/repo1.maven.org/maven2/io/get-coursier/jniutils/windows-jni-utils/0.3.3/windows-jni-utils-0.3.3.jar:/Users/robbetiteca/Library/Caches/Coursier/v1/https/repo1.maven.org/maven2/com/github/plokhotnyuk/jsoniter-scala/jsoniter-scala-core_3/2.38.8/jsoniter-scala-core_3-2.38.8.jar:/Users/robbetiteca/Library/Caches/Coursier/v1/https/repo1.maven.org/maven2/org/virtuslab/scala-cli/libsodiumjni/0.0.4/libsodiumjni-0.0.4.jar:/Users/robbetiteca/Library/Caches/Coursier/v1/https/repo1.maven.org/maven2/org/scalameta/metaconfig-typesafe-config_3/0.18.2/metaconfig-typesafe-config_3-0.18.2.jar:/Users/robbetiteca/Library/Caches/Coursier/v1/https/repo1.maven.org/maven2/ai/kien/python-native-libs_3/0.2.5/python-native-libs_3-0.2.5.jar:/Users/robbetiteca/Library/Caches/Coursier/v1/https/repo1.maven.org/maven2/org/virtuslab/scala-packager_3/0.2.1/scala-packager_3-0.2.1.jar:/Users/robbetiteca/Library/Caches/Coursier/v1/https/repo1.maven.org/maven2/org/virtuslab/scala-cli-signing/cli_3/0.2.13/cli_3-0.2.13.jar:/Users/robbetiteca/Library/Caches/Coursier/v1/https/repo1.maven.org/maven2/org/slf4j/slf4j-nop/2.0.17/slf4j-nop-2.0.17.jar:/Users/robbetiteca/Library/Caches/Coursier/v1/https/repo1.maven.org/maven2/com/softwaremill/sttp/client3/core_3/3.11.0/core_3-3.11.0.jar:/Users/robbetiteca/Library/Caches/Coursier/v1/https/repo1.maven.org/maven2/ch/epfl/scala/scalafix-interfaces/0.14.5/scalafix-interfaces-0.14.5.jar:/Users/robbetiteca/Library/Caches/Coursier/v1/https/repo1.maven.org/maven2/org/virtuslab/scala-cli/scala3-graal_3/1.9.1/scala3-graal_3-1.9.1.jar:/Users/robbetiteca/Library/Caches/Coursier/v1/https/repo1.maven.org/maven2/org/virtuslab/scala-cli/scala3-graal-processor_3/1.9.1/scala3-graal-processor_3-1.9.1.jar:/Users/robbetiteca/Library/Caches/Coursier/v1/https/repo1.maven.org/maven2/org/scala-lang/scala3-library_3/3.3.7/scala3-library_3-3.3.7.jar:/Users/robbetiteca/Library/Caches/Coursier/v1/https/repo1.maven.org/maven2/org/virtuslab/scala-cli/build-module_3/1.12.4/build-module_3-1.12.4.jar:/Users/robbetiteca/Library/Caches/Coursier/v1/https/repo1.maven.org/maven2/org/virtuslab/scala-cli/config_3/1.12.4/config_3-1.12.4.jar:/Users/robbetiteca/Library/Caches/Coursier/v1/https/repo1.maven.org/maven2/org/virtuslab/scala-cli/specification-level_3/1.12.4/specification-level_3-1.12.4.jar:/Users/robbetiteca/Library/Caches/Coursier/v1/https/repo1.maven.org/maven2/com/lihaoyi/sourcecode_3/0.4.3-M5/sourcecode_3-0.4.3-M5.jar:/Users/robbetiteca/Library/Caches/Coursier/v1/https/repo1.maven.org/maven2/com/github/alexarchambault/case-app-annotations_3/2.1.0/case-app-annotations_3-2.1.0.jar:/Users/robbetiteca/Library/Caches/Coursier/v1/https/repo1.maven.org/maven2/com/github/alexarchambault/case-app-util_3/2.1.0/case-app-util_3-2.1.0.jar:/Users/robbetiteca/Library/Caches/Coursier/v1/https/repo1.maven.org/maven2/io/github/alexarchambault/scala-cli/tmp/zip-input-stream/0.1.1/zip-input-stream-0.1.1.jar:/Users/robbetiteca/Library/Caches/Coursier/v1/https/repo1.maven.org/maven2/org/scala-lang/scala-library/2.13.18/scala-library-2.13.18.jar:/Users/robbetiteca/Library/Caches/Coursier/v1/https/repo1.maven.org/maven2/io/get-coursier/coursier-cache_2.13/2.1.25-M23/coursier-cache_2.13-2.1.25-M23.jar:/Users/robbetiteca/Library/Caches/Coursier/v1/https/repo1.maven.org/maven2/io/get-coursier/coursier-core_2.13/2.1.25-M23/coursier-core_2.13-2.1.25-M23.jar:/Users/robbetiteca/Library/Caches/Coursier/v1/https/repo1.maven.org/maven2/com/google/guava/guava/33.5.0-jre/guava-33.5.0-jre.jar:/Users/robbetiteca/Library/Caches/Coursier/v1/https/repo1.maven.org/maven2/net/java/dev/jna/jna/5.17.0/jna-5.17.0.jar:/Users/robbetiteca/Library/Caches/Coursier/v1/https/repo1.maven.org/maven2/net/java/dev/jna/jna-platform/5.12.1/jna-platform-5.12.1.jar:/Users/robbetiteca/Library/Caches/Coursier/v1/https/repo1.maven.org/maven2/org/scalameta/metaconfig-core_3/0.18.2/metaconfig-core_3-0.18.2.jar:/Users/robbetiteca/Library/Caches/Coursier/v1/https/repo1.maven.org/maven2/com/typesafe/config/1.4.5/config-1.4.5.jar:/Users/robbetiteca/Library/Caches/Coursier/v1/https/repo1.maven.org/maven2/org/scala-lang/modules/scala-collection-compat_3/2.14.0/scala-collection-compat_3-2.14.0.jar:/Users/robbetiteca/Library/Caches/Coursier/v1/https/repo1.maven.org/maven2/commons-io/commons-io/2.20.0/commons-io-2.20.0.jar:/Users/robbetiteca/Library/Caches/Coursier/v1/https/repo1.maven.org/maven2/com/google/cloud/tools/jib-core/0.27.3/jib-core-0.27.3.jar:/Users/robbetiteca/Library/Caches/Coursier/v1/https/repo1.maven.org/maven2/com/lihaoyi/os-lib_3/0.11.8/os-lib_3-0.11.8.jar:/Users/robbetiteca/Library/Caches/Coursier/v1/https/repo1.maven.org/maven2/org/bouncycastle/bcpg-jdk18on/1.83/bcpg-jdk18on-1.83.jar:/Users/robbetiteca/Library/Caches/Coursier/v1/https/repo1.maven.org/maven2/org/bouncycastle/bcutil-jdk18on/1.83/bcutil-jdk18on-1.83.jar:/Users/robbetiteca/Library/Caches/Coursier/v1/https/repo1.maven.org/maven2/org/virtuslab/scala-cli-signing/shared_3/0.2.13/shared_3-0.2.13.jar:/Users/robbetiteca/Library/Caches/Coursier/v1/https/repo1.maven.org/maven2/org/slf4j/slf4j-api/2.0.17/slf4j-api-2.0.17.jar:/Users/robbetiteca/Library/Caches/Coursier/v1/https/repo1.maven.org/maven2/com/softwaremill/sttp/model/core_3/1.7.11/core_3-1.7.11.jar:/Users/robbetiteca/Library/Caches/Coursier/v1/https/repo1.maven.org/maven2/com/softwaremill/sttp/shared/core_3/1.3.22/core_3-1.3.22.jar:/Users/robbetiteca/Library/Caches/Coursier/v1/https/repo1.maven.org/maven2/com/softwaremill/sttp/shared/ws_3/1.3.22/ws_3-1.3.22.jar:/Users/robbetiteca/Library/Caches/Coursier/v1/https/repo1.maven.org/maven2/io/get-coursier/interface/1.0.28/interface-1.0.28.jar:/Users/robbetiteca/Library/Caches/Coursier/v1/https/repo1.maven.org/maven2/org/ow2/asm/asm/9.9.1/asm-9.9.1.jar:/Users/robbetiteca/Library/Caches/Coursier/v1/https/repo1.maven.org/maven2/org/virtuslab/scala-cli/java-class-name/java-class-name_3/0.1.9/java-class-name_3-0.1.9.jar:/Users/robbetiteca/Library/Caches/Coursier/v1/https/repo1.maven.org/maven2/org/scalameta/semanticdb-shared_2.13/4.15.2/semanticdb-shared_2.13-4.15.2.jar:/Users/robbetiteca/Library/Caches/Coursier/v1/https/repo1.maven.org/maven2/org/scala-native/test-runner_3/0.5.10/test-runner_3-0.5.10.jar:/Users/robbetiteca/Library/Caches/Coursier/v1/https/repo1.maven.org/maven2/com/lihaoyi/pprint_3/0.9.5/pprint_3-0.9.5.jar:/Users/robbetiteca/Library/Caches/Coursier/v1/https/repo1.maven.org/maven2/org/scala-js/scalajs-env-nodejs_3/1.5.0/scalajs-env-nodejs_3-1.5.0.jar:/Users/robbetiteca/Library/Caches/Coursier/v1/https/repo1.maven.org/maven2/org/scala-js/scalajs-sbt-test-adapter_2.13/1.20.2/scalajs-sbt-test-adapter_2.13-1.20.2.jar:/Users/robbetiteca/Library/Caches/Coursier/v1/https/repo1.maven.org/maven2/com/swoval/file-tree-views/2.1.12/file-tree-views-2.1.12.jar:/Users/robbetiteca/Library/Caches/Coursier/v1/https/repo1.maven.org/maven2/org/virtuslab/scala-cli/zip-input-stream/zip-input-stream/0.1.3/zip-input-stream-0.1.3.jar:/Users/robbetiteca/Library/Caches/Coursier/v1/https/repo1.maven.org/maven2/org/virtuslab/scala-cli/options_3/1.12.4/options_3-1.12.4.jar:/Users/robbetiteca/Library/Caches/Coursier/v1/https/repo1.maven.org/maven2/org/virtuslab/scala-cli/directives_3/1.12.4/directives_3-1.12.4.jar:/Users/robbetiteca/Library/Caches/Coursier/v1/https/repo1.maven.org/maven2/org/virtuslab/scala-cli/scala-cli-bsp/1.12.4/scala-cli-bsp-1.12.4.jar:/Users/robbetiteca/Library/Caches/Coursier/v1/https/repo1.maven.org/maven2/org/virtuslab/scala-cli/test-runner_3/1.12.4/test-runner_3-1.12.4.jar:/Users/robbetiteca/Library/Caches/Coursier/v1/https/repo1.maven.org/maven2/org/virtuslab/scala-cli/tasty-lib_3/1.12.4/tasty-lib_3-1.12.4.jar:/Users/robbetiteca/Library/Caches/Coursier/v1/https/repo1.maven.org/maven2/io/github/alexarchambault/windows-ansi/windows-ansi/0.0.6/windows-ansi-0.0.6.jar:/Users/robbetiteca/Library/Caches/Coursier/v1/https/repo1.maven.org/maven2/io/get-coursier/cache-util/2.1.25-M23/cache-util-2.1.25-M23.jar:/Users/robbetiteca/Library/Caches/Coursier/v1/https/repo1.maven.org/maven2/io/get-coursier/coursier-paths/2.1.25-M23/coursier-paths-2.1.25-M23.jar:/Users/robbetiteca/Library/Caches/Coursier/v1/https/repo1.maven.org/maven2/io/get-coursier/coursier-util_2.13/2.1.25-M23/coursier-util_2.13-2.1.25-M23.jar:/Users/robbetiteca/Library/Caches/Coursier/v1/https/repo1.maven.org/maven2/io/get-coursier/versions_2.13/0.5.1/versions_2.13-0.5.1.jar:/Users/robbetiteca/Library/Caches/Coursier/v1/https/repo1.maven.org/maven2/io/github/alexarchambault/concurrent-reference-hash-map/1.1.0/concurrent-reference-hash-map-1.1.0.jar:/Users/robbetiteca/Library/Caches/Coursier/v1/https/repo1.maven.org/maven2/org/scala-lang/modules/scala-xml_2.13/2.4.0/scala-xml_2.13-2.4.0.jar:/Users/robbetiteca/Library/Caches/Coursier/v1/https/repo1.maven.org/maven2/com/google/guava/failureaccess/1.0.3/failureaccess-1.0.3.jar:/Users/robbetiteca/Library/Caches/Coursier/v1/https/repo1.maven.org/maven2/com/google/guava/listenablefuture/9999.0-empty-to-avoid-conflict-with-guava/listenablefuture-9999.0-empty-to-avoid-conflict-with-guava.jar:/Users/robbetiteca/Library/Caches/Coursier/v1/https/repo1.maven.org/maven2/org/jspecify/jspecify/1.0.0/jspecify-1.0.0.jar:/Users/robbetiteca/Library/Caches/Coursier/v1/https/repo1.maven.org/maven2/com/google/errorprone/error_prone_annotations/2.41.0/error_prone_annotations-2.41.0.jar:/Users/robbetiteca/Library/Caches/Coursier/v1/https/repo1.maven.org/maven2/com/google/j2objc/j2objc-annotations/3.1/j2objc-annotations-3.1.jar:/Users/robbetiteca/Library/Caches/Coursier/v1/https/repo1.maven.org/maven2/org/scalameta/metaconfig-pprint_3/0.18.2/metaconfig-pprint_3-0.18.2.jar:/Users/robbetiteca/Library/Caches/Coursier/v1/https/repo1.maven.org/maven2/org/typelevel/paiges-core_3/0.4.4/paiges-core_3-0.4.4.jar:/Users/robbetiteca/Library/Caches/Coursier/v1/https/repo1.maven.org/maven2/org/scala-lang/scala-reflect/2.13.18/scala-reflect-2.13.18.jar:/Users/robbetiteca/Library/Caches/Coursier/v1/https/repo1.maven.org/maven2/com/google/cloud/tools/jib-build-plan/0.4.0/jib-build-plan-0.4.0.jar:/Users/robbetiteca/Library/Caches/Coursier/v1/https/repo1.maven.org/maven2/com/google/http-client/google-http-client/1.42.2/google-http-client-1.42.2.jar:/Users/robbetiteca/Library/Caches/Coursier/v1/https/repo1.maven.org/maven2/com/google/http-client/google-http-client-apache-v2/1.42.2/google-http-client-apache-v2-1.42.2.jar:/Users/robbetiteca/Library/Caches/Coursier/v1/https/repo1.maven.org/maven2/com/google/auth/google-auth-library-oauth2-http/1.10.0/google-auth-library-oauth2-http-1.10.0.jar:/Users/robbetiteca/Library/Caches/Coursier/v1/https/repo1.maven.org/maven2/org/apache/commons/commons-compress/1.28.0/commons-compress-1.28.0.jar:/Users/robbetiteca/Library/Caches/Coursier/v1/https/repo1.maven.org/maven2/com/fasterxml/jackson/core/jackson-databind/2.15.2/jackson-databind-2.15.2.jar:/Users/robbetiteca/Library/Caches/Coursier/v1/https/repo1.maven.org/maven2/com/fasterxml/jackson/datatype/jackson-datatype-jsr310/2.15.2/jackson-datatype-jsr310-2.15.2.jar:/Users/robbetiteca/Library/Caches/Coursier/v1/https/repo1.maven.org/maven2/com/lihaoyi/geny_3/1.1.1/geny_3-1.1.1.jar:/Users/robbetiteca/Library/Caches/Coursier/v1/https/repo1.maven.org/maven2/com/lihaoyi/os-zip/0.11.8/os-zip-0.11.8.jar:/Users/robbetiteca/Library/Caches/Coursier/v1/https/repo1.maven.org/maven2/org/bouncycastle/bcprov-jdk18on/1.83/bcprov-jdk18on-1.83.jar:/Users/robbetiteca/Library/Caches/Coursier/v1/https/repo1.maven.org/maven2/org/jline/jline-terminal-jni/3.25.0/jline-terminal-jni-3.25.0.jar:/Users/robbetiteca/Library/Caches/Coursier/v1/https/repo1.maven.org/maven2/org/jline/jline-native/3.25.0/jline-native-3.25.0.jar:/Users/robbetiteca/Library/Caches/Coursier/v1/https/repo1.maven.org/maven2/org/scala-lang/scala3-compiler_3/3.3.7/scala3-compiler_3-3.3.7.jar:/Users/robbetiteca/Library/Caches/Coursier/v1/https/repo1.maven.org/maven2/org/scalameta/scalameta_2.13/4.15.2/scalameta_2.13-4.15.2.jar:/Users/robbetiteca/Library/Caches/Coursier/v1/https/repo1.maven.org/maven2/org/scala-lang/scalap/2.13.15/scalap-2.13.15.jar:/Users/robbetiteca/Library/Caches/Coursier/v1/https/repo1.maven.org/maven2/com/thesamet/scalapb/scalapb-runtime_2.13/0.11.17/scalapb-runtime_2.13-0.11.17.jar:/Users/robbetiteca/Library/Caches/Coursier/v1/https/repo1.maven.org/maven2/org/scala-native/tools_3/0.5.10/tools_3-0.5.10.jar:/Users/robbetiteca/Library/Caches/Coursier/v1/https/repo1.maven.org/maven2/org/scala-sbt/test-interface/1.0/test-interface-1.0.jar:/Users/robbetiteca/Library/Caches/Coursier/v1/https/repo1.maven.org/maven2/com/lihaoyi/fansi_3/0.5.1/fansi_3-0.5.1.jar:/Users/robbetiteca/Library/Caches/Coursier/v1/https/repo1.maven.org/maven2/org/scala-js/scalajs-js-envs_3/1.5.0/scalajs-js-envs_3-1.5.0.jar:/Users/robbetiteca/Library/Caches/Coursier/v1/https/repo1.maven.org/maven2/ch/epfl/scala/bloop-config_2.13/2.3.3/bloop-config_2.13-2.3.3.jar:/Users/robbetiteca/Library/Caches/Coursier/v1/https/repo1.maven.org/maven2/org/virtuslab/scala-cli/core_3/1.12.4/core_3-1.12.4.jar:/Users/robbetiteca/Library/Caches/Coursier/v1/https/repo1.maven.org/maven2/org/virtuslab/using_directives/1.1.4/using_directives-1.1.4.jar:/Users/robbetiteca/Library/Caches/Coursier/v1/https/repo1.maven.org/maven2/org/virtuslab/scala-cli/build-macros_3/1.12.4/build-macros_3-1.12.4.jar:/Users/robbetiteca/Library/Caches/Coursier/v1/https/repo1.maven.org/maven2/ch/epfl/scala/bsp4j/2.1.1/bsp4j-2.1.1.jar:/Users/robbetiteca/Library/Caches/Coursier/v1/https/repo1.maven.org/maven2/org/fusesource/jansi/jansi/2.4.1/jansi-2.4.1.jar:/Users/robbetiteca/Library/Caches/Coursier/v1/https/repo1.maven.org/maven2/io/github/alexarchambault/is-terminal/0.1.2/is-terminal-0.1.2.jar:/Users/robbetiteca/Library/Caches/Coursier/v1/https/repo1.maven.org/maven2/org/apache/httpcomponents/httpclient/4.5.13/httpclient-4.5.13.jar:/Users/robbetiteca/Library/Caches/Coursier/v1/https/repo1.maven.org/maven2/org/apache/httpcomponents/httpcore/4.4.15/httpcore-4.4.15.jar:/Users/robbetiteca/Library/Caches/Coursier/v1/https/repo1.maven.org/maven2/com/google/code/findbugs/jsr305/3.0.2/jsr305-3.0.2.jar:/Users/robbetiteca/Library/Caches/Coursier/v1/https/repo1.maven.org/maven2/io/opencensus/opencensus-api/0.31.1/opencensus-api-0.31.1.jar:/Users/robbetiteca/Library/Caches/Coursier/v1/https/repo1.maven.org/maven2/io/opencensus/opencensus-contrib-http-util/0.31.1/opencensus-contrib-http-util-0.31.1.jar:/Users/robbetiteca/Library/Caches/Coursier/v1/https/repo1.maven.org/maven2/com/google/auto/value/auto-value-annotations/1.9/auto-value-annotations-1.9.jar:/Users/robbetiteca/Library/Caches/Coursier/v1/https/repo1.maven.org/maven2/com/google/auth/google-auth-library-credentials/1.10.0/google-auth-library-credentials-1.10.0.jar:/Users/robbetiteca/Library/Caches/Coursier/v1/https/repo1.maven.org/maven2/com/google/http-client/google-http-client-gson/1.42.2/google-http-client-gson-1.42.2.jar:/Users/robbetiteca/Library/Caches/Coursier/v1/https/repo1.maven.org/maven2/commons-codec/commons-codec/1.20.0/commons-codec-1.20.0.jar:/Users/robbetiteca/Library/Caches/Coursier/v1/https/repo1.maven.org/maven2/org/apache/commons/commons-lang3/3.18.0/commons-lang3-3.18.0.jar:/Users/robbetiteca/Library/Caches/Coursier/v1/https/repo1.maven.org/maven2/com/fasterxml/jackson/core/jackson-annotations/2.15.2/jackson-annotations-2.15.2.jar:/Users/robbetiteca/Library/Caches/Coursier/v1/https/repo1.maven.org/maven2/com/fasterxml/jackson/core/jackson-core/2.15.2/jackson-core-2.15.2.jar:/Users/robbetiteca/Library/Caches/Coursier/v1/https/repo1.maven.org/maven2/org/scala-lang/scala3-interfaces/3.3.7/scala3-interfaces-3.3.7.jar:/Users/robbetiteca/Library/Caches/Coursier/v1/https/repo1.maven.org/maven2/org/scala-lang/tasty-core_3/3.3.7/tasty-core_3-3.3.7.jar:/Users/robbetiteca/Library/Caches/Coursier/v1/https/repo1.maven.org/maven2/org/scala-lang/modules/scala-asm/9.8.0-scala-1/scala-asm-9.8.0-scala-1.jar:/Users/robbetiteca/Library/Caches/Coursier/v1/https/repo1.maven.org/maven2/org/scala-sbt/compiler-interface/1.10.7/compiler-interface-1.10.7.jar:/Users/robbetiteca/Library/Caches/Coursier/v1/https/repo1.maven.org/maven2/org/scalameta/parsers_2.13/4.15.2/parsers_2.13-4.15.2.jar:/Users/robbetiteca/Library/Caches/Coursier/v1/https/repo1.maven.org/maven2/org/scala-lang/scala-compiler/2.13.15/scala-compiler-2.13.15.jar:/Users/robbetiteca/Library/Caches/Coursier/v1/https/repo1.maven.org/maven2/com/thesamet/scalapb/lenses_2.13/0.11.17/lenses_2.13-0.11.17.jar:/Users/robbetiteca/Library/Caches/Coursier/v1/https/repo1.maven.org/maven2/com/google/protobuf/protobuf-java/3.19.6/protobuf-java-3.19.6.jar:/Users/robbetiteca/Library/Caches/Coursier/v1/https/repo1.maven.org/maven2/org/scala-native/nir_3/0.5.10/nir_3-0.5.10.jar:/Users/robbetiteca/Library/Caches/Coursier/v1/https/repo1.maven.org/maven2/org/scala-native/util_3/0.5.10/util_3-0.5.10.jar:/Users/robbetiteca/Library/Caches/Coursier/v1/https/repo1.maven.org/maven2/org/scala-js/scalajs-logging_3/1.2.0/scalajs-logging_3-1.2.0.jar:/Users/robbetiteca/Library/Caches/Coursier/v1/https/repo1.maven.org/maven2/com/lihaoyi/unroll-annotation_2.13/0.1.12/unroll-annotation_2.13-0.1.12.jar:/Users/robbetiteca/Library/Caches/Coursier/v1/https/repo1.maven.org/maven2/ch/epfl/scala/bloop-rifle_2.13/2.0.19/bloop-rifle_2.13-2.0.19.jar:/Users/robbetiteca/Library/Caches/Coursier/v1/https/repo1.maven.org/maven2/io/get-coursier/coursier-jvm_2.13/2.1.25-M23/coursier-jvm_2.13-2.1.25-M23.jar:/Users/robbetiteca/Library/Caches/Coursier/v1/https/repo1.maven.org/maven2/io/get-coursier/dependency_3/0.3.2/dependency_3-0.3.2.jar:/Users/robbetiteca/Library/Caches/Coursier/v1/https/repo1.maven.org/maven2/org/eclipse/jgit/org.eclipse.jgit/7.5.0.202512021534-r/org.eclipse.jgit-7.5.0.202512021534-r.jar:/Users/robbetiteca/Library/Caches/Coursier/v1/https/repo1.maven.org/maven2/org/scala-js/scalajs-env-jsdom-nodejs_2.13/1.1.1/scalajs-env-jsdom-nodejs_2.13-1.1.1.jar:/Users/robbetiteca/Library/Caches/Coursier/v1/https/repo1.maven.org/maven2/org/eclipse/lsp4j/org.eclipse.lsp4j.generator/0.20.1/org.eclipse.lsp4j.generator-0.20.1.jar:/Users/robbetiteca/Library/Caches/Coursier/v1/https/repo1.maven.org/maven2/org/eclipse/lsp4j/org.eclipse.lsp4j.jsonrpc/0.20.1/org.eclipse.lsp4j.jsonrpc-0.20.1.jar:/Users/robbetiteca/Library/Caches/Coursier/v1/https/repo1.maven.org/maven2/commons-logging/commons-logging/1.2/commons-logging-1.2.jar:/Users/robbetiteca/Library/Caches/Coursier/v1/https/repo1.maven.org/maven2/io/grpc/grpc-context/1.27.2/grpc-context-1.27.2.jar:/Users/robbetiteca/Library/Caches/Coursier/v1/https/repo1.maven.org/maven2/com/google/code/gson/gson/2.10.1/gson-2.10.1.jar:/Users/robbetiteca/Library/Caches/Coursier/v1/https/repo1.maven.org/maven2/org/scala-sbt/util-interface/1.10.7/util-interface-1.10.7.jar:/Users/robbetiteca/Library/Caches/Coursier/v1/https/repo1.maven.org/maven2/org/scalameta/trees_2.13/4.15.2/trees_2.13-4.15.2.jar:/Users/robbetiteca/Library/Caches/Coursier/v1/https/repo1.maven.org/maven2/io/github/java-diff-utils/java-diff-utils/4.12/java-diff-utils-4.12.jar:/Users/robbetiteca/Library/Caches/Coursier/v1/https/repo1.maven.org/maven2/ch/epfl/scala/libdaemon_2.13/0.0.12/libdaemon_2.13-0.0.12.jar:/Users/robbetiteca/Library/Caches/Coursier/v1/https/repo1.maven.org/maven2/io/github/alexarchambault/scala-cli/snailgun/snailgun-core_2.13/0.4.1-sc2/snailgun-core_2.13-0.4.1-sc2.jar:/Users/robbetiteca/Library/Caches/Coursier/v1/https/repo1.maven.org/maven2/io/get-coursier/coursier_2.13/2.1.25-M23/coursier_2.13-2.1.25-M23.jar:/Users/robbetiteca/Library/Caches/Coursier/v1/https/repo1.maven.org/maven2/io/get-coursier/coursier-archive-cache_2.13/2.1.25-M23/coursier-archive-cache_2.13-2.1.25-M23.jar:/Users/robbetiteca/Library/Caches/Coursier/v1/https/repo1.maven.org/maven2/io/get-coursier/coursier-env_2.13/2.1.25-M23/coursier-env_2.13-2.1.25-M23.jar:/Users/robbetiteca/Library/Caches/Coursier/v1/https/repo1.maven.org/maven2/io/get-coursier/coursier-exec/2.1.25-M23/coursier-exec-2.1.25-M23.jar:/Users/robbetiteca/Library/Caches/Coursier/v1/https/repo1.maven.org/maven2/com/googlecode/javaewah/JavaEWAH/1.2.3/JavaEWAH-1.2.3.jar:/Users/robbetiteca/Library/Caches/Coursier/v1/https/repo1.maven.org/maven2/org/eclipse/xtend/org.eclipse.xtend.lib/2.28.0/org.eclipse.xtend.lib-2.28.0.jar:/Users/robbetiteca/Library/Caches/Coursier/v1/https/repo1.maven.org/maven2/org/scalameta/common_2.13/4.15.2/common_2.13-4.15.2.jar:/Users/robbetiteca/Library/Caches/Coursier/v1/https/repo1.maven.org/maven2/org/scalameta/io_2.13/4.15.2/io_2.13-4.15.2.jar:/Users/robbetiteca/Library/Caches/Coursier/v1/https/repo1.maven.org/maven2/org/codehaus/plexus/plexus-archiver/4.10.1/plexus-archiver-4.10.1.jar:/Users/robbetiteca/Library/Caches/Coursier/v1/https/repo1.maven.org/maven2/org/codehaus/plexus/plexus-container-default/2.1.1/plexus-container-default-2.1.1.jar:/Users/robbetiteca/Library/Caches/Coursier/v1/https/repo1.maven.org/maven2/org/apache/tika/tika-core/3.2.3/tika-core-3.2.3.jar:/Users/robbetiteca/Library/Caches/Coursier/v1/https/repo1.maven.org/maven2/com/github/luben/zstd-jni/1.5.7-4/zstd-jni-1.5.7-4.jar:/Users/robbetiteca/Library/Caches/Coursier/v1/https/repo1.maven.org/maven2/org/eclipse/xtext/org.eclipse.xtext.xbase.lib/2.28.0/org.eclipse.xtext.xbase.lib-2.28.0.jar:/Users/robbetiteca/Library/Caches/Coursier/v1/https/repo1.maven.org/maven2/org/eclipse/xtend/org.eclipse.xtend.lib.macro/2.28.0/org.eclipse.xtend.lib.macro-2.28.0.jar:/Users/robbetiteca/Library/Caches/Coursier/v1/https/repo1.maven.org/maven2/javax/inject/javax.inject/1/javax.inject-1.jar:/Users/robbetiteca/Library/Caches/Coursier/v1/https/repo1.maven.org/maven2/org/codehaus/plexus/plexus-utils/4.0.2/plexus-utils-4.0.2.jar:/Users/robbetiteca/Library/Caches/Coursier/v1/https/repo1.maven.org/maven2/org/codehaus/plexus/plexus-io/3.5.1/plexus-io-3.5.1.jar:/Users/robbetiteca/Library/Caches/Coursier/v1/https/repo1.maven.org/maven2/io/airlift/aircompressor/0.27/aircompressor-0.27.jar:/Users/robbetiteca/Library/Caches/Coursier/v1/https/repo1.maven.org/maven2/org/tukaani/xz/1.10/xz-1.10.jar:/Users/robbetiteca/Library/Caches/Coursier/v1/https/repo1.maven.org/maven2/org/codehaus/plexus/plexus-classworlds/2.6.0/plexus-classworlds-2.6.0.jar:/Users/robbetiteca/Library/Caches/Coursier/v1/https/repo1.maven.org/maven2/org/apache/xbean/xbean-reflect/3.7/xbean-reflect-3.7.jar, scala.cli.ScalaCli, bsp, --workspace, /var/folders/3b/b1kpyf9s7r5bj911fwyv541w0000gn/T/metals-scala-cli1184803635086005821, --semantic-db-source-root, /Users/robbetiteca/projects/school/thesis/proteus/src/main/scala/riscv, /Users/robbetiteca/projects/school/thesis/proteus/src/main/scala/riscv/Core.scala)
2026.05.28 20:06:21 INFO  tracing is disabled for protocol BSP, to enable tracing of incoming and outgoing JSON messages create an empty file at /Users/robbetiteca/projects/school/thesis/proteus/src/main/scala/riscv/.metals/bsp.trace.json or /Users/robbetiteca/Library/Caches/org.scalameta.metals/bsp.trace.json
2026.05.28 20:06:22 INFO  no build target found for /Users/robbetiteca/projects/school/thesis/proteus/src/main/scala/riscv/Core.scala. Using presentation compiler with project's scala-library version: 3.3.7
2026.05.28 20:06:22 INFO  no build target found for /Users/robbetiteca/projects/school/thesis/proteus/src/main/scala/riscv/Core.scala. Using presentation compiler with project's scala-library version: 3.3.7
2026.05.28 20:06:22 INFO  no build target found for /Users/robbetiteca/projects/school/thesis/proteus/src/main/scala/riscv/Core.scala. Using presentation compiler with project's scala-library version: 3.3.7
2026.05.28 20:06:22 INFO  no build target found for /Users/robbetiteca/projects/school/thesis/proteus/src/main/scala/riscv/Core.scala. Using presentation compiler with project's scala-library version: 3.3.7
2026.05.28 20:06:22 INFO  no build target found for /Users/robbetiteca/projects/school/thesis/proteus/src/main/scala/riscv/Core.scala. Using presentation compiler with project's scala-library version: 3.3.7
2026.05.28 20:06:23 INFO  no build target found for /Users/robbetiteca/projects/school/thesis/proteus/src/main/scala/riscv/Core.scala. Using presentation compiler with project's scala-library version: 3.3.7
2026.05.28 20:06:23 INFO  no build target found for /Users/robbetiteca/projects/school/thesis/proteus/src/main/scala/riscv/Core.scala. Using presentation compiler with project's scala-library version: 3.3.7
2026.05.28 20:06:23 INFO  no build target found for /Users/robbetiteca/projects/school/thesis/proteus/src/main/scala/riscv/Core.scala. Using presentation compiler with project's scala-library version: 3.3.7
2026.05.28 20:06:23 INFO  no build target found for /Users/robbetiteca/projects/school/thesis/proteus/src/main/scala/riscv/Core.scala. Using presentation compiler with project's scala-library version: 3.3.7
2026.05.28 20:06:23 INFO  Connected to Scala CLI server v1.12.4
2026.05.28 20:06:24 INFO  compiling metals-scala-cli1184803635086005821_47dd5f8b30-2791f7b2d0 (1 scala source)
2026.05.28 20:06:24 WARN  Using H2 2.4.240 which is newer than the version Flyway has been verified with. The latest verified version of H2 is 2.3.232.
2026.05.28 20:06:26 INFO  time: indexed workspace in 2.06s
2026.05.28 20:06:26 INFO  time: compiled metals-scala-cli1184803635086005821_47dd5f8b30-2791f7b2d0 in 2.29s
2026.05.28 20:06:26 INFO  compiling metals-scala-cli1184803635086005821_47dd5f8b30-2791f7b2d0 (1 scala source)
2026.05.28 20:06:26 INFO  time: compiled metals-scala-cli1184803635086005821_47dd5f8b30-2791f7b2d0 in 0.49s
2026.05.28 20:06:26 INFO  compiling metals-scala-cli1184803635086005821_47dd5f8b30-2791f7b2d0 (1 scala source)
2026.05.28 20:06:27 INFO  time: compiled metals-scala-cli1184803635086005821_47dd5f8b30-2791f7b2d0 in 0.37s
2026.05.28 20:06:27 INFO  Scala CLI started for /Users/robbetiteca/projects/school/thesis/proteus/src/main/scala/riscv/Core.scala
2026.05.28 20:06:35 INFO  compiling metals-scala-cli1184803635086005821_47dd5f8b30-2791f7b2d0 (1 scala source)
2026.05.28 20:06:35 INFO  time: compiled metals-scala-cli1184803635086005821_47dd5f8b30-2791f7b2d0 in 0.32s
May 28, 2026 8:56:09 PM org.eclipse.lsp4j.jsonrpc.RemoteEndpoint handleCancellation
WARNING: Unmatched cancel notification for request id 490
May 28, 2026 8:56:09 PM org.eclipse.lsp4j.jsonrpc.RemoteEndpoint handleCancellation
WARNING: Unmatched cancel notification for request id 492
2026.05.28 20:56:23 INFO  compiling metals-scala-cli1184803635086005821_47dd5f8b30-2791f7b2d0 (1 scala source)
2026.05.28 20:56:23 INFO  time: compiled metals-scala-cli1184803635086005821_47dd5f8b30-2791f7b2d0 in 0.79s
2026.05.28 20:56:40 INFO  Shut down connection with build server.
2026.05.28 20:56:46 INFO  compiling core (1 scala source)
2026.05.28 20:56:48 WARN  one feature warning; re-run with -feature for details
2026.05.28 20:56:48 INFO  time: compiled core in 2.04s
2026.05.28 21:08:05 INFO  compiling core (1 scala source)
2026.05.28 21:08:07 WARN  one feature warning; re-run with -feature for details
2026.05.28 21:08:07 INFO  time: compiled core in 2.08s
2026.05.28 21:08:11 INFO  compiling core (1 scala source)
2026.05.28 21:08:12 WARN  one feature warning; re-run with -feature for details
2026.05.28 21:08:12 INFO  time: compiled core in 1.11s
2026.05.28 21:08:17 INFO  compiling core (1 scala source)
2026.05.28 21:08:19 WARN  one feature warning; re-run with -feature for details
2026.05.28 21:08:19 INFO  time: compiled core in 1.43s
2026.05.28 21:41:03 INFO  compiling core (1 scala source)
2026.05.28 21:41:05 INFO  time: compiled core in 1.99s
2026.05.28 21:41:10 INFO  compiling core (1 scala source)
2026.05.28 21:41:11 INFO  time: compiled core in 1.13s
2026.05.28 21:50:51 INFO  compiling core (1 scala source)
2026.05.28 21:50:51 INFO  time: compiled core in 0.69s
2026.05.28 21:51:59 WARN  Could not find semantic tokens for: file:///Users/robbetiteca/projects/school/thesis/ecosystem-randomized-cache/core/src/main/scala/riscv/plugins/Cache.scala
2026.05.28 21:52:11 INFO  compiling core (1 scala source)
2026.05.28 21:52:11 INFO  time: compiled core in 95ms
2026.05.28 21:52:57 INFO  compiling core (1 scala source)
2026.05.28 21:52:59 INFO  time: compiled core in 1.69s
2026.05.28 21:53:06 INFO  compiling core (1 scala source)
2026.05.28 21:53:06 INFO  time: compiled core in 0.98s
2026.05.28 21:53:44 INFO  compiling core (1 scala source)
2026.05.28 21:53:45 INFO  time: compiled core in 1.07s
May 28, 2026 9:54:41 PM org.eclipse.lsp4j.jsonrpc.RemoteEndpoint handleCancellation
WARNING: Unmatched cancel notification for request id 1957
May 28, 2026 9:54:41 PM org.eclipse.lsp4j.jsonrpc.RemoteEndpoint handleCancellation
WARNING: Unmatched cancel notification for request id 1956
May 28, 2026 9:54:41 PM org.eclipse.lsp4j.jsonrpc.RemoteEndpoint handleCancellation
WARNING: Unmatched cancel notification for request id 1959
2026.05.28 21:54:42 INFO  compiling core (1 scala source)
2026.05.28 21:54:42 INFO  time: compiled core in 0.98s
2026.05.28 21:55:14 INFO  compiling core (1 scala source)
2026.05.28 21:55:15 INFO  time: compiled core in 1.04s
2026.05.28 21:55:31 INFO  compiling core (1 scala source)
2026.05.28 21:55:31 INFO  time: compiled core in 0.79s
May 28, 2026 10:02:00 PM scala.meta.internal.pc.MetalsGlobal inverseSemanticdbSymbols
SEVERE: invalid SemanticDB symbol: riscv/plugins/Cache#getSetIndex().(key)
illegal cyclic reference involving class Cache
2026.05.28 22:02:02 INFO  compiling core (1 scala source)
2026.05.28 22:02:04 INFO  time: compiled core in 1.62s
2026.05.28 22:22:53 INFO  compiling core (1 scala source)
2026.05.28 22:22:54 INFO  time: compiled core in 1.86s
2026.05.28 22:23:09 INFO  compiling core (1 scala source)
2026.05.28 22:23:09 INFO  time: compiled core in 0.86s
2026.05.28 22:23:27 INFO  compiling core (1 scala source)
2026.05.28 22:23:27 INFO  time: compiled core in 0.72s
2026.05.28 22:31:38 INFO  compiling core (1 scala source)
2026.05.28 22:31:38 INFO  time: compiled core in 0.65s
2026.05.28 22:31:41 INFO  compiling core (1 scala source)
2026.05.28 22:31:41 INFO  time: compiled core in 0.25s
2026.05.28 22:31:46 INFO  compiling core (1 scala source)
2026.05.28 22:31:46 INFO  time: compiled core in 0.18s
2026.05.28 22:32:00 INFO  compiling core (1 scala source)
2026.05.28 22:32:00 INFO  time: compiled core in 0.2s
2026.05.28 22:32:05 INFO  compiling core (1 scala source)
2026.05.28 22:32:05 INFO  time: compiled core in 0.15s
2026.05.28 22:32:21 INFO  compiling core (1 scala source)
2026.05.28 22:32:21 INFO  time: compiled core in 0.14s
2026.05.28 22:32:30 INFO  compiling core (1 scala source)
2026.05.28 22:32:31 INFO  time: compiled core in 1.16s
2026.05.28 22:33:03 INFO  compiling core (1 scala source)
2026.05.28 22:33:03 INFO  time: compiled core in 0.14s
2026.05.28 22:33:07 INFO  compiling core (1 scala source)
2026.05.28 22:33:07 INFO  time: compiled core in 0.12s
2026.05.28 22:33:13 INFO  compiling core (1 scala source)
2026.05.28 22:33:13 INFO  time: compiled core in 0.12s
2026.05.28 22:33:16 INFO  compiling core (1 scala source)
2026.05.28 22:33:16 INFO  time: compiled core in 43ms
2026.05.28 22:33:18 INFO  compiling core (1 scala source)
2026.05.28 22:33:18 INFO  time: compiled core in 0.12s
2026.05.28 22:33:29 INFO  compiling core (1 scala source)
2026.05.28 22:33:29 INFO  time: compiled core in 0.12s
2026.05.28 22:33:50 INFO  Created report: Optional[file:///Users/robbetiteca/projects/school/thesis/ecosystem-randomized-cache/core/src/main/scala/riscv/plugins/Cache.scala]
2026.05.28 22:33:50 INFO  java.lang.StringIndexOutOfBoundsException: Range [1408, 1408 + -8) out of bounds for length 27121 (full report at: "/Users/robbetiteca/projects/school/thesis/ecosystem-randomized-cache/.metals/.reports/metals-full/2026-05-28/r_compiler-error_(core)_22-33-50-430.md")
2026.05.28 22:33:55 INFO  compiling core (1 scala source)
2026.05.28 22:33:55 INFO  time: compiled core in 0.18s
2026.05.28 22:34:12 INFO  compiling core (1 scala source)
2026.05.28 22:34:12 INFO  time: compiled core in 0.12s
May 28, 2026 10:34:15 PM scala.meta.internal.pc.MetalsGlobal inverseSemanticdbSymbols
SEVERE: invalid SemanticDB symbol: riscv/plugins/Cache#setBits.
illegal cyclic reference involving class Cache
2026.05.28 22:34:18 INFO  compiling core (1 scala source)
2026.05.28 22:34:18 INFO  time: compiled core in 0.98s
2026.05.28 22:34:18 INFO  compiling core (1 scala source)
2026.05.28 22:34:19 INFO  time: compiled core in 77ms
2026.05.28 22:35:36 INFO  compiling core (2 scala sources)
2026.05.28 22:35:36 WARN  one feature warning; re-run with -feature for details
2026.05.28 22:35:37 INFO  time: compiled core in 1.06s
2026.05.28 23:14:16 INFO  compiling core (1 scala source)
2026.05.28 23:14:16 INFO  time: compiled core in 0.58s
2026.05.28 23:20:26 INFO  compiling core (1 scala source)
2026.05.28 23:20:28 INFO  time: compiled core in 1.86s
2026.05.29 11:30:14 INFO  compiling core (1 scala source)
2026.05.29 11:30:16 INFO  time: compiled core in 2.05s
2026.05.29 11:36:38 INFO  compiling core (1 scala source)
2026.05.29 11:36:40 INFO  time: compiled core in 1.81s
May 29, 2026 11:36:52 AM org.eclipse.lsp4j.jsonrpc.RemoteEndpoint handleCancellation
WARNING: Unmatched cancel notification for request id 5479
2026.05.29 11:36:54 INFO  compiling core (1 scala source)
2026.05.29 11:36:54 INFO  time: compiled core in 0.87s
2026.05.29 11:37:04 INFO  compiling core (1 scala source)
2026.05.29 11:37:04 INFO  time: compiled core in 0.81s
2026.05.29 11:37:12 WARN  Could not find semantic tokens for: file:///Users/robbetiteca/projects/school/thesis/ecosystem-randomized-cache/core/src/main/scala/riscv/plugins/Cache.scala
2026.05.29 11:37:13 INFO  compiling core (1 scala source)
2026.05.29 11:37:13 INFO  time: compiled core in 0.76s
2026.05.29 11:37:15 INFO  compiling core (1 scala source)
2026.05.29 11:37:15 INFO  time: compiled core in 0.64s
2026.05.29 11:37:28 INFO  compiling core (1 scala source)
2026.05.29 11:37:28 INFO  time: compiled core in 0.23s
May 29, 2026 11:37:28 AM scala.meta.internal.pc.CompilerAccess retryWithCleanCompiler
INFO: compiler crashed due to an error in the Scala compiler, retrying with new compiler instance.
May 29, 2026 11:37:29 AM scala.meta.internal.pc.CompilerAccess retryWithCleanCompiler
INFO: compiler crashed due to an error in the Scala compiler, retrying with new compiler instance.
May 29, 2026 11:37:29 AM scala.meta.internal.pc.CompilerAccess retryWithCleanCompiler
INFO: compiler crashed due to an error in the Scala compiler, retrying with new compiler instance.
May 29, 2026 11:37:29 AM scala.meta.internal.pc.CompilerAccess retryWithCleanCompiler
INFO: compiler crashed due to an error in the Scala compiler, retrying with new compiler instance.
May 29, 2026 11:37:30 AM scala.meta.internal.pc.CompilerAccess retryWithCleanCompiler
INFO: compiler crashed due to an error in the Scala compiler, retrying with new compiler instance.
May 29, 2026 11:37:31 AM scala.meta.internal.pc.CompilerAccess retryWithCleanCompiler
INFO: compiler crashed due to an error in the Scala compiler, retrying with new compiler instance.
May 29, 2026 11:37:32 AM scala.meta.internal.pc.CompilerAccess retryWithCleanCompiler
INFO: compiler crashed due to an error in the Scala compiler, retrying with new compiler instance.
May 29, 2026 11:37:32 AM scala.meta.internal.pc.CompilerAccess retryWithCleanCompiler
INFO: compiler crashed due to an error in the Scala compiler, retrying with new compiler instance.
2026.05.29 11:37:32 INFO  compiling core (1 scala source)
2026.05.29 11:37:32 INFO  time: compiled core in 0.76s
2026.05.29 11:37:41 INFO  compiling core (1 scala source)
2026.05.29 11:37:41 INFO  time: compiled core in 0.83s
2026.05.29 11:37:56 INFO  compiling core (1 scala source)
2026.05.29 11:37:56 INFO  time: compiled core in 0.78s
2026.05.29 11:38:10 INFO  compiling core (1 scala source)
2026.05.29 11:38:10 INFO  time: compiled core in 0.65s
2026.05.29 11:40:14 INFO  compiling core (1 scala source)
2026.05.29 11:40:17 INFO  time: compiled core in 2.28s
2026.05.29 13:48:42 WARN  Could not find semantic tokens for: file:///Users/robbetiteca/projects/school/thesis/ecosystem-randomized-cache/core/src/main/scala/riscv/plugins/Cache.scala
May 29, 2026 1:48:42 PM org.eclipse.lsp4j.jsonrpc.RemoteEndpoint handleCancellation
WARNING: Unmatched cancel notification for request id 6569
2026.05.29 13:48:42 INFO  compiling core (1 scala source)
2026.05.29 13:48:44 INFO  time: compiled core in 2.45s
2026.05.29 13:48:44 WARN  Could not load snapshot text for /Users/robbetiteca/projects/school/thesis/ecosystem-randomized-cache/core/src/main/scala/riscv/plugins/Cache.scala
2026.05.29 13:48:44 INFO  compiling core (1 scala source)
2026.05.29 13:48:45 WARN  Could not load snapshot text for /Users/robbetiteca/projects/school/thesis/ecosystem-randomized-cache/core/src/main/scala/riscv/plugins/Cache.scala
2026.05.29 13:48:46 INFO  time: compiled core in 1.28s
2026.05.29 13:49:09 INFO  compiling core (1 scala source)
2026.05.29 13:49:09 INFO  time: compiled core in 0.9s
2026.05.29 13:49:31 INFO  compiling core (1 scala source)
2026.05.29 13:49:31 INFO  time: compiled core in 0.84s
2026.05.29 13:51:17 INFO  compiling core (1 scala source)
2026.05.29 13:51:19 WARN  one feature warning; re-run with -feature for details
2026.05.29 13:51:19 INFO  time: compiled core in 1.77s
2026.05.29 13:52:27 INFO  compiling core (1 scala source)
2026.05.29 13:52:30 INFO  time: compiled core in 2.17s
May 29, 2026 1:52:44 PM org.eclipse.lsp4j.jsonrpc.RemoteEndpoint handleCancellation
WARNING: Unmatched cancel notification for request id 7297
2026.05.29 13:52:52 INFO  compiling core (1 scala source)
2026.05.29 13:52:53 INFO  time: compiled core in 1.08s
2026.05.29 14:10:06 INFO  compiling core (1 scala source)
2026.05.29 14:10:09 INFO  time: compiled core in 2.07s
2026.05.29 14:10:11 INFO  compiling core (1 scala source)
2026.05.29 14:10:12 INFO  time: compiled core in 1.06s
2026.05.29 14:10:14 INFO  compiling core (1 scala source)
2026.05.29 14:10:14 INFO  time: compiled core in 0.93s
May 29, 2026 5:17:55 PM org.eclipse.lsp4j.jsonrpc.services.GenericEndpoint notify
INFO: Unsupported notification method: $/setTrace
May 29, 2026 5:51:17 PM org.eclipse.lsp4j.jsonrpc.services.GenericEndpoint notify
INFO: Unsupported notification method: $/setTrace
May 29, 2026 5:56:51 PM org.eclipse.lsp4j.jsonrpc.services.GenericEndpoint notify
INFO: Unsupported notification method: $/setTrace
May 29, 2026 5:57:29 PM org.eclipse.lsp4j.jsonrpc.services.GenericEndpoint notify
INFO: Unsupported notification method: $/setTrace
May 29, 2026 6:03:03 PM org.eclipse.lsp4j.jsonrpc.services.GenericEndpoint notify
INFO: Unsupported notification method: $/setTrace
May 29, 2026 6:12:27 PM org.eclipse.lsp4j.jsonrpc.services.GenericEndpoint notify
INFO: Unsupported notification method: $/setTrace
May 29, 2026 6:13:22 PM org.eclipse.lsp4j.jsonrpc.services.GenericEndpoint notify
INFO: Unsupported notification method: $/setTrace
May 29, 2026 6:14:01 PM org.eclipse.lsp4j.jsonrpc.services.GenericEndpoint notify
INFO: Unsupported notification method: $/setTrace
May 29, 2026 6:16:09 PM org.eclipse.lsp4j.jsonrpc.services.GenericEndpoint notify
INFO: Unsupported notification method: $/setTrace
May 29, 2026 7:22:51 PM org.eclipse.lsp4j.jsonrpc.RemoteEndpoint handleCancellation
WARNING: Unmatched cancel notification for request id 7886
2026.05.30 11:33:41 INFO  compiling core (1 scala source)
2026.05.30 11:33:44 WARN  one feature warning; re-run with -feature for details
2026.05.30 11:33:44 INFO  time: compiled core in 3.35s
2026.05.30 11:35:03 INFO  compiling core (1 scala source)
2026.05.30 11:35:03 WARN  one feature warning; re-run with -feature for details
2026.05.30 11:35:03 INFO  time: compiled core in 0.99s
2026.05.30 11:37:11 INFO  compiling core (1 scala source)
2026.05.30 11:37:12 WARN  one feature warning; re-run with -feature for details
2026.05.30 11:37:12 INFO  time: compiled core in 2.19s
2026.05.30 11:43:31 INFO  compiling core (1 scala source)
2026.05.30 11:43:33 WARN  one feature warning; re-run with -feature for details
2026.05.30 11:43:33 INFO  time: compiled core in 2.37s
2026.05.30 11:49:45 INFO  compiling core (1 scala source)
2026.05.30 11:49:46 WARN  one feature warning; re-run with -feature for details
2026.05.30 11:49:46 INFO  time: compiled core in 2.32s
2026.05.30 11:56:13 INFO  compiling core (1 scala source)
2026.05.30 11:56:14 WARN  one feature warning; re-run with -feature for details
2026.05.30 11:56:14 INFO  time: compiled core in 2.28s
2026.05.30 12:04:41 INFO  compiling core (1 scala source)
2026.05.30 12:04:43 WARN  one feature warning; re-run with -feature for details
2026.05.30 12:04:43 INFO  time: compiled core in 2.42s
2026.05.30 12:22:02 INFO  compiling core (1 scala source)
2026.05.30 12:22:03 WARN  one feature warning; re-run with -feature for details
2026.05.30 12:22:03 INFO  time: compiled core in 2.29s
2026.05.30 12:59:04 INFO  compiling core (1 scala source)
2026.05.30 12:59:06 WARN  one feature warning; re-run with -feature for details
2026.05.30 12:59:06 INFO  time: compiled core in 2.38s
2026.05.30 13:05:51 INFO  compiling core (1 scala source)
2026.05.30 13:05:53 WARN  one feature warning; re-run with -feature for details
2026.05.30 13:05:53 INFO  time: compiled core in 2.95s
2026.05.30 13:15:10 INFO  compiling core (1 scala source)
2026.05.30 13:15:12 WARN  one feature warning; re-run with -feature for details
2026.05.30 13:15:12 INFO  time: compiled core in 2.6s
2026.05.30 13:34:06 INFO  compiling core (1 scala source)
2026.05.30 13:34:08 WARN  one feature warning; re-run with -feature for details
2026.05.30 13:34:08 INFO  time: compiled core in 2.51s
2026.05.30 14:13:52 INFO  compiling core (1 scala source)
2026.05.30 14:13:54 WARN  one feature warning; re-run with -feature for details
2026.05.30 14:13:54 INFO  time: compiled core in 2.23s
2026.05.30 14:20:25 INFO  compiling core (1 scala source)
2026.05.30 14:20:27 WARN  one feature warning; re-run with -feature for details
2026.05.30 14:20:27 INFO  time: compiled core in 2.16s
2026.05.30 14:26:32 INFO  compiling core (1 scala source)
2026.05.30 14:26:33 WARN  one feature warning; re-run with -feature for details
2026.05.30 14:26:33 INFO  time: compiled core in 2.45s
2026.05.30 14:28:53 INFO  compiling core (1 scala source)
2026.05.30 14:28:53 INFO  time: compiled core in 0.8s
2026.05.30 14:28:56 INFO  compiling core (1 scala source)
2026.05.30 14:28:56 INFO  time: compiled core in 0.41s
2026.05.30 14:29:13 INFO  compiling core (1 scala source)
2026.05.30 14:29:13 INFO  time: compiled core in 0.28s
2026.05.30 14:29:22 INFO  compiling core (1 scala source)
2026.05.30 14:29:22 INFO  time: compiled core in 0.25s
2026.05.30 14:29:31 INFO  compiling core (1 scala source)
2026.05.30 14:29:33 INFO  time: compiled core in 1.21s
2026.05.30 14:29:33 INFO  compiling core (1 scala source)
2026.05.30 14:29:33 INFO  time: compiled core in 0.12s
2026.05.30 14:29:39 INFO  compiling core (2 scala sources)
2026.05.30 14:29:40 WARN  one feature warning; re-run with -feature for details
2026.05.30 14:29:40 INFO  time: compiled core in 1.34s
2026.05.30 14:30:34 INFO  compiling core (1 scala source)
2026.05.30 14:30:34 INFO  time: compiled core in 0.94s
2026.05.30 15:25:22 INFO  compiling core (1 scala source)
2026.05.30 15:25:23 WARN  one feature warning; re-run with -feature for details
2026.05.30 15:25:23 INFO  time: compiled core in 1.66s
2026.05.30 15:26:11 INFO  compiling core (1 scala source)
2026.05.30 15:26:11 INFO  time: compiled core in 0.97s
2026.05.30 15:28:37 INFO  compiling core (1 scala source)
2026.05.30 15:28:37 INFO  time: compiled core in 0.8s
2026.05.30 15:29:52 INFO  compiling core (1 scala source)
2026.05.30 15:29:54 INFO  time: compiled core in 1.87s
2026.05.30 15:31:03 INFO  compiling core (1 scala source)
2026.05.30 15:31:05 INFO  time: compiled core in 2.37s
May 30, 2026 3:31:24 PM org.eclipse.lsp4j.jsonrpc.RemoteEndpoint handleCancellation
WARNING: Unmatched cancel notification for request id 9210
2026.05.30 15:31:26 INFO  compiling core (1 scala source)
2026.05.30 15:31:26 INFO  time: compiled core in 0.26s
May 30, 2026 3:32:38 PM org.eclipse.lsp4j.jsonrpc.RemoteEndpoint handleCancellation
WARNING: Unmatched cancel notification for request id 9371
2026.05.30 15:32:59 INFO  compiling core (1 scala source)
2026.05.30 15:32:59 INFO  time: compiled core in 0.22s
2026.05.30 15:33:06 INFO  compiling core (1 scala source)
2026.05.30 15:33:06 INFO  time: compiled core in 0.55s
2026.05.30 15:33:09 INFO  compiling core (1 scala source)
2026.05.30 15:33:09 INFO  time: compiled core in 0.21s
2026.05.30 15:33:32 INFO  compiling core (1 scala source)
2026.05.30 15:33:32 INFO  time: compiled core in 0.39s
2026.05.30 15:33:34 INFO  compiling core (1 scala source)
2026.05.30 15:33:34 INFO  time: compiled core in 0.24s
2026.05.30 15:33:40 WARN  Could not find semantic tokens for: file:///Users/robbetiteca/projects/school/thesis/ecosystem-randomized-cache/core/src/main/scala/riscv/plugins/Cache.scala
2026.05.30 15:33:40 WARN  Could not find semantic tokens for: file:///Users/robbetiteca/projects/school/thesis/ecosystem-randomized-cache/core/src/main/scala/riscv/plugins/Cache.scala
May 30, 2026 3:33:41 PM org.eclipse.lsp4j.jsonrpc.RemoteEndpoint handleCancellation
WARNING: Unmatched cancel notification for request id 9914
May 30, 2026 3:33:45 PM org.eclipse.lsp4j.jsonrpc.RemoteEndpoint handleCancellation
WARNING: Unmatched cancel notification for request id 9980
2026.05.30 15:34:01 INFO  compiling core (1 scala source)
2026.05.30 15:34:01 INFO  time: compiled core in 0.2s
May 30, 2026 3:34:04 PM org.eclipse.lsp4j.jsonrpc.RemoteEndpoint handleCancellation
WARNING: Unmatched cancel notification for request id 10241
May 30, 2026 3:34:04 PM org.eclipse.lsp4j.jsonrpc.RemoteEndpoint handleCancellation
WARNING: Unmatched cancel notification for request id 10251
May 30, 2026 3:34:04 PM org.eclipse.lsp4j.jsonrpc.RemoteEndpoint handleCancellation
WARNING: Unmatched cancel notification for request id 10254
2026.05.30 15:34:06 INFO  compiling core (1 scala source)
2026.05.30 15:34:06 INFO  time: compiled core in 0.21s
2026.05.30 15:34:49 WARN  Could not find semantic tokens for: file:///Users/robbetiteca/projects/school/thesis/ecosystem-randomized-cache/core/src/main/scala/riscv/plugins/Cache.scala
May 30, 2026 3:34:50 PM scala.meta.internal.pc.AutoImportsProvider$$anonfun$1 applyOrElse
WARNING: Could not infer edits for riscv.plugins, tree around the position were scala.reflect.internal.Trees$Ident,scala.reflect.internal.Trees$Select,scala.reflect.internal.Trees$Apply,scala.reflect.internal.Trees$If,scala.reflect.internal.Trees$Apply, auto import position was Some(AutoImportPosition(173,0,false))
May 30, 2026 3:34:51 PM scala.meta.internal.pc.AutoImportsProvider$$anonfun$1 applyOrElse
WARNING: Could not infer edits for riscv.plugins, tree around the position were scala.reflect.internal.Trees$Ident,scala.reflect.internal.Trees$Select,scala.reflect.internal.Trees$Apply,scala.reflect.internal.Trees$If,scala.reflect.internal.Trees$Apply, auto import position was Some(AutoImportPosition(173,0,false))
May 30, 2026 3:34:51 PM scala.meta.internal.pc.AutoImportsProvider$$anonfun$1 applyOrElse
WARNING: Could not infer edits for riscv.plugins, tree around the position were scala.reflect.internal.Trees$Ident,scala.reflect.internal.Trees$Select,scala.reflect.internal.Trees$Apply,scala.reflect.internal.Trees$If,scala.reflect.internal.Trees$Apply, auto import position was Some(AutoImportPosition(173,0,false))
May 30, 2026 3:34:51 PM scala.meta.internal.pc.AutoImportsProvider$$anonfun$1 applyOrElse
WARNING: Could not infer edits for riscv.plugins, tree around the position were scala.reflect.internal.Trees$Ident,scala.reflect.internal.Trees$Select,scala.reflect.internal.Trees$Apply,scala.reflect.internal.Trees$If,scala.reflect.internal.Trees$Apply, auto import position was Some(AutoImportPosition(173,0,false))
May 30, 2026 3:34:53 PM scala.meta.internal.pc.AutoImportsProvider$$anonfun$1 applyOrElse
WARNING: Could not infer edits for riscv.plugins, tree around the position were scala.reflect.internal.Trees$Ident,scala.reflect.internal.Trees$Block,scala.reflect.internal.Trees$If,scala.reflect.internal.Trees$Template,scala.reflect.internal.Trees$ClassDef, auto import position was Some(AutoImportPosition(173,0,false))
May 30, 2026 3:34:53 PM scala.meta.internal.pc.AutoImportsProvider$$anonfun$1 applyOrElse
WARNING: Could not infer edits for riscv.plugins, tree around the position were scala.reflect.internal.Trees$Ident,scala.reflect.internal.Trees$Block,scala.reflect.internal.Trees$If,scala.reflect.internal.Trees$Template,scala.reflect.internal.Trees$ClassDef, auto import position was Some(AutoImportPosition(173,0,false))
May 30, 2026 3:34:54 PM scala.meta.internal.pc.AutoImportsProvider$$anonfun$1 applyOrElse
WARNING: Could not infer edits for riscv.plugins, tree around the position were scala.reflect.internal.Trees$Ident,scala.reflect.internal.Trees$Block,scala.reflect.internal.Trees$If,scala.reflect.internal.Trees$Template,scala.reflect.internal.Trees$ClassDef, auto import position was Some(AutoImportPosition(173,0,false))
May 30, 2026 3:34:54 PM scala.meta.internal.pc.AutoImportsProvider$$anonfun$1 applyOrElse
WARNING: Could not infer edits for riscv.plugins, tree around the position were scala.reflect.internal.Trees$Ident,scala.reflect.internal.Trees$Block,scala.reflect.internal.Trees$If,scala.reflect.internal.Trees$Template,scala.reflect.internal.Trees$ClassDef, auto import position was Some(AutoImportPosition(173,0,false))
May 30, 2026 3:34:55 PM scala.meta.internal.pc.AutoImportsProvider$$anonfun$1 applyOrElse
WARNING: Could not infer edits for riscv.plugins, tree around the position were scala.reflect.internal.Trees$Ident,scala.reflect.internal.Trees$Block,scala.reflect.internal.Trees$If,scala.reflect.internal.Trees$Template,scala.reflect.internal.Trees$ClassDef, auto import position was Some(AutoImportPosition(173,0,false))
May 30, 2026 3:34:56 PM scala.meta.internal.pc.AutoImportsProvider$$anonfun$1 applyOrElse
WARNING: Could not infer edits for riscv.plugins, tree around the position were scala.reflect.internal.Trees$ValDef,scala.reflect.internal.Trees$Template,scala.reflect.internal.Trees$ClassDef,scala.reflect.internal.Trees$Block,scala.reflect.internal.Trees$Apply, auto import position was Some(AutoImportPosition(173,0,false))
May 30, 2026 3:34:57 PM scala.meta.internal.pc.AutoImportsProvider$$anonfun$1 applyOrElse
WARNING: Could not infer edits for riscv.plugins, tree around the position were scala.reflect.internal.Trees$ValDef,scala.reflect.internal.Trees$Template,scala.reflect.internal.Trees$ClassDef,scala.reflect.internal.Trees$Block,scala.reflect.internal.Trees$Apply, auto import position was Some(AutoImportPosition(173,0,false))
May 30, 2026 3:34:58 PM org.eclipse.lsp4j.jsonrpc.RemoteEndpoint handleCancellation
WARNING: Unmatched cancel notification for request id 10478
May 30, 2026 3:35:00 PM scala.meta.internal.pc.AutoImportsProvider$$anonfun$1 applyOrElse
WARNING: Could not infer edits for riscv.plugins, tree around the position were scala.reflect.internal.Trees$ValDef,scala.reflect.internal.Trees$Template,scala.reflect.internal.Trees$ClassDef,scala.reflect.internal.Trees$Block,scala.reflect.internal.Trees$Apply, auto import position was Some(AutoImportPosition(173,0,false))
2026.05.30 15:35:00 INFO  compiling core (1 scala source)
May 30, 2026 3:35:00 PM scala.meta.internal.pc.AutoImportsProvider$$anonfun$1 applyOrElse
WARNING: Could not infer edits for riscv.plugins, tree around the position were scala.reflect.internal.Trees$ValDef,scala.reflect.internal.Trees$Template,scala.reflect.internal.Trees$ClassDef,scala.reflect.internal.Trees$Block,scala.reflect.internal.Trees$Apply, auto import position was Some(AutoImportPosition(173,0,false))
2026.05.30 15:35:00 INFO  time: compiled core in 0.24s
2026.05.30 15:35:02 WARN  Could not find semantic tokens for: file:///Users/robbetiteca/projects/school/thesis/ecosystem-randomized-cache/core/src/main/scala/riscv/plugins/Cache.scala
May 30, 2026 3:35:02 PM org.eclipse.lsp4j.jsonrpc.RemoteEndpoint handleCancellation
WARNING: Unmatched cancel notification for request id 10524
2026.05.30 15:35:11 INFO  compiling core (1 scala source)
2026.05.30 15:35:11 INFO  time: compiled core in 0.17s
May 30, 2026 3:35:17 PM org.eclipse.lsp4j.jsonrpc.RemoteEndpoint handleCancellation
WARNING: Unmatched cancel notification for request id 10671
May 30, 2026 3:35:28 PM org.eclipse.lsp4j.jsonrpc.RemoteEndpoint handleCancellation
WARNING: Unmatched cancel notification for request id 10828
May 30, 2026 3:35:28 PM org.eclipse.lsp4j.jsonrpc.RemoteEndpoint handleCancellation
WARNING: Unmatched cancel notification for request id 10831
May 30, 2026 3:35:28 PM org.eclipse.lsp4j.jsonrpc.RemoteEndpoint handleCancellation
WARNING: Unmatched cancel notification for request id 10833
May 30, 2026 3:35:28 PM org.eclipse.lsp4j.jsonrpc.RemoteEndpoint handleCancellation
WARNING: Unmatched cancel notification for request id 10836
May 30, 2026 3:35:28 PM org.eclipse.lsp4j.jsonrpc.RemoteEndpoint handleCancellation
WARNING: Unmatched cancel notification for request id 10841
May 30, 2026 3:35:28 PM org.eclipse.lsp4j.jsonrpc.RemoteEndpoint handleCancellation
WARNING: Unmatched cancel notification for request id 10840
May 30, 2026 3:35:29 PM org.eclipse.lsp4j.jsonrpc.RemoteEndpoint handleCancellation
WARNING: Unmatched cancel notification for request id 10843
May 30, 2026 3:35:32 PM org.eclipse.lsp4j.jsonrpc.RemoteEndpoint handleCancellation
WARNING: Unmatched cancel notification for request id 10920
May 30, 2026 3:35:32 PM org.eclipse.lsp4j.jsonrpc.RemoteEndpoint handleCancellation
WARNING: Unmatched cancel notification for request id 10922
May 30, 2026 3:35:32 PM org.eclipse.lsp4j.jsonrpc.RemoteEndpoint handleCancellation
WARNING: Unmatched cancel notification for request id 10924
May 30, 2026 3:35:33 PM org.eclipse.lsp4j.jsonrpc.RemoteEndpoint handleCancellation
WARNING: Unmatched cancel notification for request id 10929
2026.05.30 15:35:35 INFO  compiling core (1 scala source)
2026.05.30 15:35:35 INFO  time: compiled core in 0.16s
May 30, 2026 3:35:43 PM org.eclipse.lsp4j.jsonrpc.RemoteEndpoint handleCancellation
WARNING: Unmatched cancel notification for request id 11044
May 30, 2026 3:35:46 PM org.eclipse.lsp4j.jsonrpc.RemoteEndpoint handleCancellation
WARNING: Unmatched cancel notification for request id 11111
May 30, 2026 3:35:47 PM scala.meta.internal.pc.AutoImportsProvider$$anonfun$1 applyOrElse
WARNING: Could not infer edits for riscv.plugins.Cache, tree around the position were scala.reflect.internal.Trees$ValDef,scala.reflect.internal.Trees$Template,scala.reflect.internal.Trees$ClassDef,scala.reflect.internal.Trees$PackageDef, auto import position was Some(AutoImportPosition(173,0,false))
May 30, 2026 3:35:47 PM org.eclipse.lsp4j.jsonrpc.RemoteEndpoint handleCancellation
WARNING: Unmatched cancel notification for request id 11133
May 30, 2026 3:35:51 PM org.eclipse.lsp4j.jsonrpc.RemoteEndpoint handleCancellation
WARNING: Unmatched cancel notification for request id 11152
May 30, 2026 3:35:52 PM scala.meta.internal.pc.AutoImportsProvider$$anonfun$1 applyOrElse
WARNING: Could not infer edits for riscv.plugins.Cache, tree around the position were scala.reflect.internal.Trees$Ident,scala.reflect.internal.Trees$AppliedTypeTree,scala.reflect.internal.Trees$ValDef,scala.reflect.internal.Trees$Template,scala.reflect.internal.Trees$ClassDef, auto import position was Some(AutoImportPosition(173,0,false))
May 30, 2026 3:35:53 PM scala.meta.internal.pc.AutoImportsProvider$$anonfun$1 applyOrElse
WARNING: Could not infer edits for riscv.plugins.Cache, tree around the position were scala.reflect.internal.Trees$Ident,scala.reflect.internal.Trees$AppliedTypeTree,scala.reflect.internal.Trees$ValDef,scala.reflect.internal.Trees$Template,scala.reflect.internal.Trees$ClassDef, auto import position was Some(AutoImportPosition(173,0,false))
May 30, 2026 3:35:54 PM scala.meta.internal.pc.AutoImportsProvider$$anonfun$1 applyOrElse
WARNING: Could not infer edits for riscv.plugins.Cache, tree around the position were scala.reflect.internal.Trees$Ident,scala.reflect.internal.Trees$AppliedTypeTree,scala.reflect.internal.Trees$ValDef,scala.reflect.internal.Trees$Template,scala.reflect.internal.Trees$ClassDef, auto import position was Some(AutoImportPosition(173,0,false))
May 30, 2026 3:35:54 PM scala.meta.internal.pc.AutoImportsProvider$$anonfun$1 applyOrElse
WARNING: Could not infer edits for riscv.plugins.Cache, tree around the position were scala.reflect.internal.Trees$Ident,scala.reflect.internal.Trees$AppliedTypeTree,scala.reflect.internal.Trees$ValDef,scala.reflect.internal.Trees$Template,scala.reflect.internal.Trees$ClassDef, auto import position was Some(AutoImportPosition(173,0,false))
May 30, 2026 3:35:59 PM org.eclipse.lsp4j.jsonrpc.RemoteEndpoint handleCancellation
WARNING: Unmatched cancel notification for request id 11271
May 30, 2026 3:36:08 PM org.eclipse.lsp4j.jsonrpc.RemoteEndpoint handleCancellation
WARNING: Unmatched cancel notification for request id 11363
May 30, 2026 3:36:08 PM org.eclipse.lsp4j.jsonrpc.RemoteEndpoint handleCancellation
WARNING: Unmatched cancel notification for request id 11367
May 30, 2026 3:36:08 PM org.eclipse.lsp4j.jsonrpc.RemoteEndpoint handleCancellation
WARNING: Unmatched cancel notification for request id 11369
2026.05.30 15:36:08 WARN  Could not find semantic tokens for: file:///Users/robbetiteca/projects/school/thesis/ecosystem-randomized-cache/core/src/main/scala/riscv/plugins/Cache.scala
May 30, 2026 3:36:08 PM org.eclipse.lsp4j.jsonrpc.RemoteEndpoint handleCancellation
WARNING: Unmatched cancel notification for request id 11372
May 30, 2026 3:36:09 PM org.eclipse.lsp4j.jsonrpc.RemoteEndpoint handleCancellation
WARNING: Unmatched cancel notification for request id 11375
May 30, 2026 3:36:09 PM org.eclipse.lsp4j.jsonrpc.RemoteEndpoint handleCancellation
WARNING: Unmatched cancel notification for request id 11383
2026.05.30 15:36:09 WARN  Could not find semantic tokens for: file:///Users/robbetiteca/projects/school/thesis/ecosystem-randomized-cache/core/src/main/scala/riscv/plugins/Cache.scala
2026.05.30 15:36:13 WARN  Could not find semantic tokens for: file:///Users/robbetiteca/projects/school/thesis/ecosystem-randomized-cache/core/src/main/scala/riscv/plugins/Cache.scala
2026.05.30 15:36:20 INFO  compiling core (1 scala source)
2026.05.30 15:36:20 INFO  time: compiled core in 0.16s
May 30, 2026 3:36:25 PM org.eclipse.lsp4j.jsonrpc.RemoteEndpoint handleCancellation
WARNING: Unmatched cancel notification for request id 11600
May 30, 2026 3:36:26 PM org.eclipse.lsp4j.jsonrpc.RemoteEndpoint handleCancellation
WARNING: Unmatched cancel notification for request id 11603
May 30, 2026 3:36:26 PM org.eclipse.lsp4j.jsonrpc.RemoteEndpoint handleCancellation
WARNING: Unmatched cancel notification for request id 11605
May 30, 2026 3:36:26 PM org.eclipse.lsp4j.jsonrpc.RemoteEndpoint handleCancellation
WARNING: Unmatched cancel notification for request id 11608
May 30, 2026 3:36:26 PM org.eclipse.lsp4j.jsonrpc.RemoteEndpoint handleCancellation
WARNING: Unmatched cancel notification for request id 11610
May 30, 2026 3:36:26 PM org.eclipse.lsp4j.jsonrpc.RemoteEndpoint handleCancellation
WARNING: Unmatched cancel notification for request id 11611
May 30, 2026 3:36:26 PM org.eclipse.lsp4j.jsonrpc.RemoteEndpoint handleCancellation
WARNING: Unmatched cancel notification for request id 11613
May 30, 2026 3:36:26 PM org.eclipse.lsp4j.jsonrpc.RemoteEndpoint handleCancellation
WARNING: Unmatched cancel notification for request id 11615
May 30, 2026 3:36:26 PM org.eclipse.lsp4j.jsonrpc.RemoteEndpoint handleCancellation
WARNING: Unmatched cancel notification for request id 11617
May 30, 2026 3:36:26 PM org.eclipse.lsp4j.jsonrpc.RemoteEndpoint handleCancellation
WARNING: Unmatched cancel notification for request id 11618
May 30, 2026 3:36:26 PM org.eclipse.lsp4j.jsonrpc.RemoteEndpoint handleCancellation
WARNING: Unmatched cancel notification for request id 11619
May 30, 2026 3:36:26 PM org.eclipse.lsp4j.jsonrpc.RemoteEndpoint handleCancellation
WARNING: Unmatched cancel notification for request id 11622
May 30, 2026 3:36:26 PM org.eclipse.lsp4j.jsonrpc.RemoteEndpoint handleCancellation
WARNING: Unmatched cancel notification for request id 11623
May 30, 2026 3:36:26 PM org.eclipse.lsp4j.jsonrpc.RemoteEndpoint handleCancellation
WARNING: Unmatched cancel notification for request id 11630
May 30, 2026 3:36:26 PM org.eclipse.lsp4j.jsonrpc.RemoteEndpoint handleCancellation
WARNING: Unmatched cancel notification for request id 11632
2026.05.30 15:36:27 INFO  compiling core (1 scala source)
2026.05.30 15:36:27 INFO  time: compiled core in 0.23s
May 30, 2026 3:36:32 PM org.eclipse.lsp4j.jsonrpc.RemoteEndpoint handleCancellation
WARNING: Unmatched cancel notification for request id 11681
May 30, 2026 3:36:32 PM org.eclipse.lsp4j.jsonrpc.RemoteEndpoint handleCancellation
WARNING: Unmatched cancel notification for request id 11684
2026.05.30 15:36:32 WARN  Could not find semantic tokens for: file:///Users/robbetiteca/projects/school/thesis/ecosystem-randomized-cache/core/src/main/scala/riscv/plugins/Cache.scala
May 30, 2026 3:36:32 PM org.eclipse.lsp4j.jsonrpc.RemoteEndpoint handleCancellation
WARNING: Unmatched cancel notification for request id 11688
May 30, 2026 3:36:32 PM org.eclipse.lsp4j.jsonrpc.RemoteEndpoint handleCancellation
WARNING: Unmatched cancel notification for request id 11694
May 30, 2026 3:36:32 PM org.eclipse.lsp4j.jsonrpc.RemoteEndpoint handleCancellation
WARNING: Unmatched cancel notification for request id 11698
May 30, 2026 3:36:32 PM org.eclipse.lsp4j.jsonrpc.RemoteEndpoint handleCancellation
WARNING: Unmatched cancel notification for request id 11702
May 30, 2026 3:36:34 PM org.eclipse.lsp4j.jsonrpc.RemoteEndpoint handleCancellation
WARNING: Unmatched cancel notification for request id 11757
May 30, 2026 3:36:34 PM org.eclipse.lsp4j.jsonrpc.RemoteEndpoint handleCancellation
WARNING: Unmatched cancel notification for request id 11759
May 30, 2026 3:36:34 PM org.eclipse.lsp4j.jsonrpc.RemoteEndpoint handleCancellation
WARNING: Unmatched cancel notification for request id 11762
May 30, 2026 3:36:35 PM org.eclipse.lsp4j.jsonrpc.RemoteEndpoint handleCancellation
WARNING: Unmatched cancel notification for request id 11764
May 30, 2026 3:36:35 PM org.eclipse.lsp4j.jsonrpc.RemoteEndpoint handleCancellation
WARNING: Unmatched cancel notification for request id 11767
May 30, 2026 3:36:35 PM org.eclipse.lsp4j.jsonrpc.RemoteEndpoint handleCancellation
WARNING: Unmatched cancel notification for request id 11768
May 30, 2026 3:36:35 PM org.eclipse.lsp4j.jsonrpc.RemoteEndpoint handleCancellation
WARNING: Unmatched cancel notification for request id 11769
May 30, 2026 3:36:35 PM org.eclipse.lsp4j.jsonrpc.RemoteEndpoint handleCancellation
WARNING: Unmatched cancel notification for request id 11770
2026.05.30 15:36:36 INFO  compiling core (1 scala source)
2026.05.30 15:36:36 INFO  time: compiled core in 0.18s
May 30, 2026 3:36:41 PM org.eclipse.lsp4j.jsonrpc.RemoteEndpoint handleCancellation
WARNING: Unmatched cancel notification for request id 11861
May 30, 2026 3:36:44 PM org.eclipse.lsp4j.jsonrpc.RemoteEndpoint handleCancellation
WARNING: Unmatched cancel notification for request id 11910
May 30, 2026 3:36:55 PM org.eclipse.lsp4j.jsonrpc.RemoteEndpoint handleCancellation
WARNING: Unmatched cancel notification for request id 12059
May 30, 2026 3:36:55 PM org.eclipse.lsp4j.jsonrpc.RemoteEndpoint handleCancellation
WARNING: Unmatched cancel notification for request id 12062
May 30, 2026 3:36:55 PM org.eclipse.lsp4j.jsonrpc.RemoteEndpoint handleCancellation
WARNING: Unmatched cancel notification for request id 12064
May 30, 2026 3:36:56 PM org.eclipse.lsp4j.jsonrpc.RemoteEndpoint handleCancellation
WARNING: Unmatched cancel notification for request id 12066
2026.05.30 15:36:59 WARN  Could not find semantic tokens for: file:///Users/robbetiteca/projects/school/thesis/ecosystem-randomized-cache/core/src/main/scala/riscv/plugins/Cache.scala
2026.05.30 15:37:09 INFO  compiling core (1 scala source)
2026.05.30 15:37:09 INFO  time: compiled core in 0.24s
May 30, 2026 3:37:10 PM org.eclipse.lsp4j.jsonrpc.RemoteEndpoint handleCancellation
WARNING: Unmatched cancel notification for request id 12251
May 30, 2026 3:37:10 PM org.eclipse.lsp4j.jsonrpc.RemoteEndpoint handleCancellation
WARNING: Unmatched cancel notification for request id 12257
May 30, 2026 3:37:11 PM org.eclipse.lsp4j.jsonrpc.RemoteEndpoint handleCancellation
WARNING: Unmatched cancel notification for request id 12259
May 30, 2026 3:37:11 PM org.eclipse.lsp4j.jsonrpc.RemoteEndpoint handleCancellation
WARNING: Unmatched cancel notification for request id 12260
May 30, 2026 3:37:11 PM org.eclipse.lsp4j.jsonrpc.RemoteEndpoint handleCancellation
WARNING: Unmatched cancel notification for request id 12261
May 30, 2026 3:37:11 PM org.eclipse.lsp4j.jsonrpc.RemoteEndpoint handleCancellation
WARNING: Unmatched cancel notification for request id 12263
May 30, 2026 3:37:11 PM org.eclipse.lsp4j.jsonrpc.RemoteEndpoint handleCancellation
WARNING: Unmatched cancel notification for request id 12264
2026.05.30 15:37:11 INFO  compiling core (1 scala source)
2026.05.30 15:37:11 INFO  time: compiled core in 0.29s
2026.05.30 15:37:11 INFO  compiling core (1 scala source)
2026.05.30 15:37:12 INFO  time: compiled core in 0.14s
2026.05.30 15:37:58 WARN  Could not find semantic tokens for: file:///Users/robbetiteca/projects/school/thesis/ecosystem-randomized-cache/core/src/main/scala/riscv/plugins/Cache.scala
May 30, 2026 3:37:58 PM org.eclipse.lsp4j.jsonrpc.RemoteEndpoint handleCancellation
WARNING: Unmatched cancel notification for request id 12330
2026.05.30 15:38:00 INFO  compiling core (1 scala source)
2026.05.30 15:38:00 INFO  time: compiled core in 0.17s
2026.05.30 15:39:41 INFO  compiling core (1 scala source)
2026.05.30 15:39:41 INFO  time: compiled core in 0.17s
May 30, 2026 3:39:48 PM org.eclipse.lsp4j.jsonrpc.RemoteEndpoint handleCancellation
WARNING: Unmatched cancel notification for request id 12441
May 30, 2026 3:39:48 PM org.eclipse.lsp4j.jsonrpc.RemoteEndpoint handleCancellation
WARNING: Unmatched cancel notification for request id 12443
May 30, 2026 3:39:48 PM org.eclipse.lsp4j.jsonrpc.RemoteEndpoint handleCancellation
WARNING: Unmatched cancel notification for request id 12445
May 30, 2026 3:39:48 PM org.eclipse.lsp4j.jsonrpc.RemoteEndpoint handleCancellation
WARNING: Unmatched cancel notification for request id 12447
2026.05.30 15:39:48 WARN  Could not find semantic tokens for: file:///Users/robbetiteca/projects/school/thesis/ecosystem-randomized-cache/core/src/main/scala/riscv/plugins/Cache.scala
May 30, 2026 3:40:01 PM org.eclipse.lsp4j.jsonrpc.RemoteEndpoint handleCancellation
WARNING: Unmatched cancel notification for request id 12508
2026.05.30 15:40:01 WARN  Could not find semantic tokens for: file:///Users/robbetiteca/projects/school/thesis/ecosystem-randomized-cache/core/src/main/scala/riscv/plugins/Cache.scala
May 30, 2026 3:40:01 PM org.eclipse.lsp4j.jsonrpc.RemoteEndpoint handleCancellation
WARNING: Unmatched cancel notification for request id 12511
May 30, 2026 3:40:01 PM org.eclipse.lsp4j.jsonrpc.RemoteEndpoint handleCancellation
WARNING: Unmatched cancel notification for request id 12518
May 30, 2026 3:40:02 PM org.eclipse.lsp4j.jsonrpc.RemoteEndpoint handleCancellation
WARNING: Unmatched cancel notification for request id 12520
2026.05.30 15:40:08 WARN  Could not find semantic tokens for: file:///Users/robbetiteca/projects/school/thesis/ecosystem-randomized-cache/core/src/main/scala/riscv/plugins/Cache.scala
May 30, 2026 3:40:08 PM org.eclipse.lsp4j.jsonrpc.RemoteEndpoint handleCancellation
WARNING: Unmatched cancel notification for request id 12601
May 30, 2026 3:40:10 PM org.eclipse.lsp4j.jsonrpc.RemoteEndpoint handleCancellation
WARNING: Unmatched cancel notification for request id 12628
May 30, 2026 3:40:10 PM org.eclipse.lsp4j.jsonrpc.RemoteEndpoint handleCancellation
WARNING: Unmatched cancel notification for request id 12635
May 30, 2026 3:40:11 PM org.eclipse.lsp4j.jsonrpc.RemoteEndpoint handleCancellation
WARNING: Unmatched cancel notification for request id 12637
May 30, 2026 3:40:11 PM org.eclipse.lsp4j.jsonrpc.RemoteEndpoint handleCancellation
WARNING: Unmatched cancel notification for request id 12639
May 30, 2026 3:40:14 PM org.eclipse.lsp4j.jsonrpc.RemoteEndpoint handleCancellation
WARNING: Unmatched cancel notification for request id 12683
May 30, 2026 3:40:16 PM org.eclipse.lsp4j.jsonrpc.RemoteEndpoint handleCancellation
WARNING: Unmatched cancel notification for request id 12704
2026.05.30 15:40:16 WARN  Could not find semantic tokens for: file:///Users/robbetiteca/projects/school/thesis/ecosystem-randomized-cache/core/src/main/scala/riscv/plugins/Cache.scala
May 30, 2026 3:40:16 PM org.eclipse.lsp4j.jsonrpc.RemoteEndpoint handleCancellation
WARNING: Unmatched cancel notification for request id 12709
May 30, 2026 3:40:16 PM org.eclipse.lsp4j.jsonrpc.RemoteEndpoint handleCancellation
WARNING: Unmatched cancel notification for request id 12711
May 30, 2026 3:40:16 PM org.eclipse.lsp4j.jsonrpc.RemoteEndpoint handleCancellation
WARNING: Unmatched cancel notification for request id 12713
May 30, 2026 3:40:16 PM org.eclipse.lsp4j.jsonrpc.RemoteEndpoint handleCancellation
WARNING: Unmatched cancel notification for request id 12715
May 30, 2026 3:40:17 PM org.eclipse.lsp4j.jsonrpc.RemoteEndpoint handleCancellation
WARNING: Unmatched cancel notification for request id 12718
May 30, 2026 3:40:17 PM org.eclipse.lsp4j.jsonrpc.RemoteEndpoint handleCancellation
WARNING: Unmatched cancel notification for request id 12721
May 30, 2026 3:40:17 PM org.eclipse.lsp4j.jsonrpc.RemoteEndpoint handleCancellation
WARNING: Unmatched cancel notification for request id 12727
May 30, 2026 3:40:17 PM org.eclipse.lsp4j.jsonrpc.RemoteEndpoint handleCancellation
WARNING: Unmatched cancel notification for request id 12730
May 30, 2026 3:40:17 PM org.eclipse.lsp4j.jsonrpc.RemoteEndpoint handleCancellation
WARNING: Unmatched cancel notification for request id 12734
May 30, 2026 3:40:18 PM org.eclipse.lsp4j.jsonrpc.RemoteEndpoint handleCancellation
WARNING: Unmatched cancel notification for request id 12737
May 30, 2026 3:40:18 PM org.eclipse.lsp4j.jsonrpc.RemoteEndpoint handleCancellation
WARNING: Unmatched cancel notification for request id 12740
May 30, 2026 3:40:18 PM org.eclipse.lsp4j.jsonrpc.RemoteEndpoint handleCancellation
WARNING: Unmatched cancel notification for request id 12754
May 30, 2026 3:40:19 PM org.eclipse.lsp4j.jsonrpc.RemoteEndpoint handleCancellation
WARNING: Unmatched cancel notification for request id 12756
May 30, 2026 3:40:19 PM org.eclipse.lsp4j.jsonrpc.RemoteEndpoint handleCancellation
WARNING: Unmatched cancel notification for request id 12758
May 30, 2026 3:40:19 PM org.eclipse.lsp4j.jsonrpc.RemoteEndpoint handleCancellation
WARNING: Unmatched cancel notification for request id 12760
May 30, 2026 3:40:19 PM org.eclipse.lsp4j.jsonrpc.RemoteEndpoint handleCancellation
WARNING: Unmatched cancel notification for request id 12762
May 30, 2026 3:40:19 PM org.eclipse.lsp4j.jsonrpc.RemoteEndpoint handleCancellation
WARNING: Unmatched cancel notification for request id 12767
May 30, 2026 3:40:19 PM org.eclipse.lsp4j.jsonrpc.RemoteEndpoint handleCancellation
WARNING: Unmatched cancel notification for request id 12769
May 30, 2026 3:40:20 PM org.eclipse.lsp4j.jsonrpc.RemoteEndpoint handleCancellation
WARNING: Unmatched cancel notification for request id 12771
May 30, 2026 3:40:20 PM org.eclipse.lsp4j.jsonrpc.RemoteEndpoint handleCancellation
WARNING: Unmatched cancel notification for request id 12772
May 30, 2026 3:40:20 PM org.eclipse.lsp4j.jsonrpc.RemoteEndpoint handleCancellation
WARNING: Unmatched cancel notification for request id 12779
May 30, 2026 3:40:20 PM org.eclipse.lsp4j.jsonrpc.RemoteEndpoint handleCancellation
WARNING: Unmatched cancel notification for request id 12775
May 30, 2026 3:40:20 PM org.eclipse.lsp4j.jsonrpc.RemoteEndpoint handleCancellation
WARNING: Unmatched cancel notification for request id 12777
May 30, 2026 3:40:21 PM org.eclipse.lsp4j.jsonrpc.RemoteEndpoint handleCancellation
WARNING: Unmatched cancel notification for request id 12815
May 30, 2026 3:40:21 PM org.eclipse.lsp4j.jsonrpc.RemoteEndpoint handleCancellation
WARNING: Unmatched cancel notification for request id 12817
May 30, 2026 3:40:22 PM org.eclipse.lsp4j.jsonrpc.RemoteEndpoint handleCancellation
WARNING: Unmatched cancel notification for request id 12822
May 30, 2026 3:40:22 PM org.eclipse.lsp4j.jsonrpc.RemoteEndpoint handleCancellation
WARNING: Unmatched cancel notification for request id 12825
May 30, 2026 3:40:22 PM org.eclipse.lsp4j.jsonrpc.RemoteEndpoint handleCancellation
WARNING: Unmatched cancel notification for request id 12827
2026.05.30 15:40:22 WARN  Could not find semantic tokens for: file:///Users/robbetiteca/projects/school/thesis/ecosystem-randomized-cache/core/src/main/scala/riscv/plugins/Cache.scala
May 30, 2026 3:40:23 PM org.eclipse.lsp4j.jsonrpc.RemoteEndpoint handleCancellation
WARNING: Unmatched cancel notification for request id 12847
2026.05.30 15:40:23 WARN  Could not find semantic tokens for: file:///Users/robbetiteca/projects/school/thesis/ecosystem-randomized-cache/core/src/main/scala/riscv/plugins/Cache.scala
May 30, 2026 3:40:24 PM org.eclipse.lsp4j.jsonrpc.RemoteEndpoint handleCancellation
WARNING: Unmatched cancel notification for request id 12851
2026.05.30 15:40:23 WARN  Could not find semantic tokens for: file:///Users/robbetiteca/projects/school/thesis/ecosystem-randomized-cache/core/src/main/scala/riscv/plugins/Cache.scala
May 30, 2026 3:40:37 PM org.eclipse.lsp4j.jsonrpc.RemoteEndpoint handleCancellation
WARNING: Unmatched cancel notification for request id 12880
May 30, 2026 3:40:38 PM org.eclipse.lsp4j.jsonrpc.RemoteEndpoint handleCancellation
WARNING: Unmatched cancel notification for request id 12889
May 30, 2026 3:40:38 PM org.eclipse.lsp4j.jsonrpc.RemoteEndpoint handleCancellation
WARNING: Unmatched cancel notification for request id 12892
May 30, 2026 3:40:38 PM org.eclipse.lsp4j.jsonrpc.RemoteEndpoint handleCancellation
WARNING: Unmatched cancel notification for request id 12893
May 30, 2026 3:40:38 PM org.eclipse.lsp4j.jsonrpc.RemoteEndpoint handleCancellation
WARNING: Unmatched cancel notification for request id 12894
May 30, 2026 3:40:38 PM org.eclipse.lsp4j.jsonrpc.RemoteEndpoint handleCancellation
WARNING: Unmatched cancel notification for request id 12900
May 30, 2026 3:40:38 PM org.eclipse.lsp4j.jsonrpc.RemoteEndpoint handleCancellation
WARNING: Unmatched cancel notification for request id 12903
May 30, 2026 3:40:39 PM org.eclipse.lsp4j.jsonrpc.RemoteEndpoint handleCancellation
WARNING: Unmatched cancel notification for request id 12907
May 30, 2026 3:40:39 PM org.eclipse.lsp4j.jsonrpc.RemoteEndpoint handleCancellation
WARNING: Unmatched cancel notification for request id 12911
May 30, 2026 3:40:39 PM org.eclipse.lsp4j.jsonrpc.RemoteEndpoint handleCancellation
WARNING: Unmatched cancel notification for request id 12915
May 30, 2026 3:40:39 PM org.eclipse.lsp4j.jsonrpc.RemoteEndpoint handleCancellation
WARNING: Unmatched cancel notification for request id 12912
May 30, 2026 3:40:40 PM org.eclipse.lsp4j.jsonrpc.RemoteEndpoint handleCancellation
WARNING: Unmatched cancel notification for request id 12917
May 30, 2026 3:40:40 PM org.eclipse.lsp4j.jsonrpc.RemoteEndpoint handleCancellation
WARNING: Unmatched cancel notification for request id 12919
May 30, 2026 3:40:40 PM org.eclipse.lsp4j.jsonrpc.RemoteEndpoint handleCancellation
WARNING: Unmatched cancel notification for request id 12924
May 30, 2026 3:40:41 PM org.eclipse.lsp4j.jsonrpc.RemoteEndpoint handleCancellation
WARNING: Unmatched cancel notification for request id 12921
May 30, 2026 3:40:41 PM org.eclipse.lsp4j.jsonrpc.RemoteEndpoint handleCancellation
WARNING: Unmatched cancel notification for request id 12923
May 30, 2026 3:40:41 PM org.eclipse.lsp4j.jsonrpc.RemoteEndpoint handleCancellation
WARNING: Unmatched cancel notification for request id 12927
May 30, 2026 3:40:41 PM org.eclipse.lsp4j.jsonrpc.RemoteEndpoint handleCancellation
WARNING: Unmatched cancel notification for request id 12929
May 30, 2026 3:40:50 PM org.eclipse.lsp4j.jsonrpc.RemoteEndpoint handleCancellation
WARNING: Unmatched cancel notification for request id 12965
May 30, 2026 3:40:50 PM org.eclipse.lsp4j.jsonrpc.RemoteEndpoint handleCancellation
WARNING: Unmatched cancel notification for request id 12963
2026.05.30 15:40:51 WARN  High memory usage detected: 100% (2048 MB / 2048 MB)
May 30, 2026 3:40:51 PM org.eclipse.lsp4j.jsonrpc.RemoteEndpoint handleCancellation
WARNING: Unmatched cancel notification for request id 12973
May 30, 2026 3:40:51 PM org.eclipse.lsp4j.jsonrpc.RemoteEndpoint handleCancellation
WARNING: Unmatched cancel notification for request id 12966
May 30, 2026 3:40:51 PM org.eclipse.lsp4j.jsonrpc.RemoteEndpoint handleCancellation
WARNING: Unmatched cancel notification for request id 12967
May 30, 2026 3:40:51 PM org.eclipse.lsp4j.jsonrpc.RemoteEndpoint handleCancellation
WARNING: Unmatched cancel notification for request id 12971
May 30, 2026 3:40:51 PM org.eclipse.lsp4j.jsonrpc.RemoteEndpoint handleCancellation
WARNING: Unmatched cancel notification for request id 12975
May 30, 2026 3:40:51 PM org.eclipse.lsp4j.jsonrpc.RemoteEndpoint handleCancellation
WARNING: Unmatched cancel notification for request id 12976
May 30, 2026 3:40:51 PM org.eclipse.lsp4j.jsonrpc.RemoteEndpoint handleCancellation
WARNING: Unmatched cancel notification for request id 12982
May 30, 2026 3:40:52 PM org.eclipse.lsp4j.jsonrpc.RemoteEndpoint handleCancellation
WARNING: Unmatched cancel notification for request id 12984
May 30, 2026 3:40:52 PM org.eclipse.lsp4j.jsonrpc.RemoteEndpoint handleCancellation
WARNING: Unmatched cancel notification for request id 12985
May 30, 2026 3:40:52 PM org.eclipse.lsp4j.jsonrpc.RemoteEndpoint handleCancellation
WARNING: Unmatched cancel notification for request id 12987
May 30, 2026 3:40:52 PM org.eclipse.lsp4j.jsonrpc.RemoteEndpoint handleCancellation
WARNING: Unmatched cancel notification for request id 12990
May 30, 2026 3:40:52 PM org.eclipse.lsp4j.jsonrpc.RemoteEndpoint handleCancellation
WARNING: Unmatched cancel notification for request id 12986
May 30, 2026 3:40:52 PM org.eclipse.lsp4j.jsonrpc.RemoteEndpoint handleCancellation
WARNING: Unmatched cancel notification for request id 12991
May 30, 2026 3:40:53 PM org.eclipse.lsp4j.jsonrpc.RemoteEndpoint handleCancellation
WARNING: Unmatched cancel notification for request id 13001
May 30, 2026 3:40:59 PM org.eclipse.lsp4j.jsonrpc.RemoteEndpoint handleCancellation
WARNING: Unmatched cancel notification for request id 13098
May 30, 2026 3:40:59 PM org.eclipse.lsp4j.jsonrpc.RemoteEndpoint handleCancellation
WARNING: Unmatched cancel notification for request id 13100
May 30, 2026 3:40:59 PM org.eclipse.lsp4j.jsonrpc.RemoteEndpoint handleCancellation
WARNING: Unmatched cancel notification for request id 13101
2026.05.30 15:41:00 WARN  Could not find semantic tokens for: file:///Users/robbetiteca/projects/school/thesis/ecosystem-randomized-cache/core/src/main/scala/riscv/plugins/Cache.scala
May 30, 2026 3:41:01 PM org.eclipse.lsp4j.jsonrpc.RemoteEndpoint handleCancellation
WARNING: Unmatched cancel notification for request id 13131
May 30, 2026 3:41:01 PM org.eclipse.lsp4j.jsonrpc.RemoteEndpoint handleCancellation
WARNING: Unmatched cancel notification for request id 13133
May 30, 2026 3:41:01 PM org.eclipse.lsp4j.jsonrpc.RemoteEndpoint handleCancellation
WARNING: Unmatched cancel notification for request id 13141
May 30, 2026 3:41:02 PM org.eclipse.lsp4j.jsonrpc.RemoteEndpoint handleCancellation
WARNING: Unmatched cancel notification for request id 13144
May 30, 2026 3:41:02 PM org.eclipse.lsp4j.jsonrpc.RemoteEndpoint handleCancellation
WARNING: Unmatched cancel notification for request id 13146
May 30, 2026 3:41:02 PM org.eclipse.lsp4j.jsonrpc.RemoteEndpoint handleCancellation
WARNING: Unmatched cancel notification for request id 13149
May 30, 2026 3:41:02 PM org.eclipse.lsp4j.jsonrpc.RemoteEndpoint handleCancellation
WARNING: Unmatched cancel notification for request id 13151
May 30, 2026 3:41:02 PM org.eclipse.lsp4j.jsonrpc.RemoteEndpoint handleCancellation
WARNING: Unmatched cancel notification for request id 13154
May 30, 2026 3:41:04 PM org.eclipse.lsp4j.jsonrpc.RemoteEndpoint handleCancellation
WARNING: Unmatched cancel notification for request id 13188
May 30, 2026 3:41:04 PM org.eclipse.lsp4j.jsonrpc.RemoteEndpoint handleCancellation
WARNING: Unmatched cancel notification for request id 13192
May 30, 2026 3:41:04 PM org.eclipse.lsp4j.jsonrpc.RemoteEndpoint handleCancellation
WARNING: Unmatched cancel notification for request id 13194
May 30, 2026 3:41:05 PM org.eclipse.lsp4j.jsonrpc.RemoteEndpoint handleCancellation
WARNING: Unmatched cancel notification for request id 13196
May 30, 2026 3:41:05 PM org.eclipse.lsp4j.jsonrpc.RemoteEndpoint handleCancellation
WARNING: Unmatched cancel notification for request id 13201
May 30, 2026 3:41:05 PM org.eclipse.lsp4j.jsonrpc.RemoteEndpoint handleCancellation
WARNING: Unmatched cancel notification for request id 13203
2026.05.30 15:41:05 WARN  Could not find semantic tokens for: file:///Users/robbetiteca/projects/school/thesis/ecosystem-randomized-cache/core/src/main/scala/riscv/plugins/Cache.scala
2026.05.30 15:41:05 WARN  Could not find semantic tokens for: file:///Users/robbetiteca/projects/school/thesis/ecosystem-randomized-cache/core/src/main/scala/riscv/plugins/Cache.scala
May 30, 2026 3:41:05 PM org.eclipse.lsp4j.jsonrpc.RemoteEndpoint handleCancellation
WARNING: Unmatched cancel notification for request id 13214
May 30, 2026 3:41:05 PM org.eclipse.lsp4j.jsonrpc.RemoteEndpoint handleCancellation
WARNING: Unmatched cancel notification for request id 13215
May 30, 2026 3:41:06 PM org.eclipse.lsp4j.jsonrpc.RemoteEndpoint handleCancellation
WARNING: Unmatched cancel notification for request id 13216
May 30, 2026 3:41:06 PM org.eclipse.lsp4j.jsonrpc.RemoteEndpoint handleCancellation
WARNING: Unmatched cancel notification for request id 13218
May 30, 2026 3:41:06 PM org.eclipse.lsp4j.jsonrpc.RemoteEndpoint handleCancellation
WARNING: Unmatched cancel notification for request id 13220
May 30, 2026 3:41:06 PM org.eclipse.lsp4j.jsonrpc.RemoteEndpoint handleCancellation
WARNING: Unmatched cancel notification for request id 13222
May 30, 2026 3:41:06 PM org.eclipse.lsp4j.jsonrpc.RemoteEndpoint handleCancellation
WARNING: Unmatched cancel notification for request id 13224
May 30, 2026 3:41:07 PM org.eclipse.lsp4j.jsonrpc.RemoteEndpoint handleCancellation
WARNING: Unmatched cancel notification for request id 13225
May 30, 2026 3:41:07 PM org.eclipse.lsp4j.jsonrpc.RemoteEndpoint handleCancellation
WARNING: Unmatched cancel notification for request id 13226
May 30, 2026 3:41:08 PM org.eclipse.lsp4j.jsonrpc.RemoteEndpoint handleCancellation
WARNING: Unmatched cancel notification for request id 13259
May 30, 2026 3:41:09 PM org.eclipse.lsp4j.jsonrpc.RemoteEndpoint handleCancellation
WARNING: Unmatched cancel notification for request id 13261
May 30, 2026 3:41:09 PM org.eclipse.lsp4j.jsonrpc.RemoteEndpoint handleCancellation
WARNING: Unmatched cancel notification for request id 13263
May 30, 2026 3:41:09 PM org.eclipse.lsp4j.jsonrpc.RemoteEndpoint handleCancellation
WARNING: Unmatched cancel notification for request id 13264
May 30, 2026 3:41:09 PM org.eclipse.lsp4j.jsonrpc.RemoteEndpoint handleCancellation
WARNING: Unmatched cancel notification for request id 13270
May 30, 2026 3:41:09 PM org.eclipse.lsp4j.jsonrpc.RemoteEndpoint handleCancellation
WARNING: Unmatched cancel notification for request id 13272
May 30, 2026 3:41:09 PM org.eclipse.lsp4j.jsonrpc.RemoteEndpoint handleCancellation
WARNING: Unmatched cancel notification for request id 13275
2026.05.30 15:41:09 WARN  Could not find semantic tokens for: file:///Users/robbetiteca/projects/school/thesis/ecosystem-randomized-cache/core/src/main/scala/riscv/plugins/Cache.scala
May 30, 2026 3:41:10 PM org.eclipse.lsp4j.jsonrpc.RemoteEndpoint handleCancellation
WARNING: Unmatched cancel notification for request id 13280
May 30, 2026 3:41:10 PM org.eclipse.lsp4j.jsonrpc.RemoteEndpoint handleCancellation
WARNING: Unmatched cancel notification for request id 13282
May 30, 2026 3:41:10 PM org.eclipse.lsp4j.jsonrpc.RemoteEndpoint handleCancellation
WARNING: Unmatched cancel notification for request id 13285
May 30, 2026 3:41:10 PM org.eclipse.lsp4j.jsonrpc.RemoteEndpoint handleCancellation
WARNING: Unmatched cancel notification for request id 13287
May 30, 2026 3:41:10 PM org.eclipse.lsp4j.jsonrpc.RemoteEndpoint handleCancellation
WARNING: Unmatched cancel notification for request id 13290
May 30, 2026 3:41:11 PM org.eclipse.lsp4j.jsonrpc.RemoteEndpoint handleCancellation
WARNING: Unmatched cancel notification for request id 13292
May 30, 2026 3:41:11 PM org.eclipse.lsp4j.jsonrpc.RemoteEndpoint handleCancellation
WARNING: Unmatched cancel notification for request id 13294
May 30, 2026 3:41:11 PM org.eclipse.lsp4j.jsonrpc.RemoteEndpoint handleCancellation
WARNING: Unmatched cancel notification for request id 13291
May 30, 2026 3:41:11 PM org.eclipse.lsp4j.jsonrpc.RemoteEndpoint handleCancellation
WARNING: Unmatched cancel notification for request id 13296
May 30, 2026 3:41:11 PM org.eclipse.lsp4j.jsonrpc.RemoteEndpoint handleCancellation
WARNING: Unmatched cancel notification for request id 13300
May 30, 2026 3:41:11 PM org.eclipse.lsp4j.jsonrpc.RemoteEndpoint handleCancellation
WARNING: Unmatched cancel notification for request id 13301
May 30, 2026 3:41:11 PM org.eclipse.lsp4j.jsonrpc.RemoteEndpoint handleCancellation
WARNING: Unmatched cancel notification for request id 13302
May 30, 2026 3:41:12 PM org.eclipse.lsp4j.jsonrpc.RemoteEndpoint handleCancellation
WARNING: Unmatched cancel notification for request id 13303
May 30, 2026 3:41:12 PM org.eclipse.lsp4j.jsonrpc.RemoteEndpoint handleCancellation
WARNING: Unmatched cancel notification for request id 13304
May 30, 2026 3:41:12 PM org.eclipse.lsp4j.jsonrpc.RemoteEndpoint handleCancellation
WARNING: Unmatched cancel notification for request id 13306
May 30, 2026 3:41:12 PM org.eclipse.lsp4j.jsonrpc.RemoteEndpoint handleCancellation
WARNING: Unmatched cancel notification for request id 13309
May 30, 2026 3:41:12 PM org.eclipse.lsp4j.jsonrpc.RemoteEndpoint handleCancellation
WARNING: Unmatched cancel notification for request id 13311
May 30, 2026 3:41:12 PM org.eclipse.lsp4j.jsonrpc.RemoteEndpoint handleCancellation
WARNING: Unmatched cancel notification for request id 13313
May 30, 2026 3:41:12 PM org.eclipse.lsp4j.jsonrpc.RemoteEndpoint handleCancellation
WARNING: Unmatched cancel notification for request id 13314
May 30, 2026 3:41:12 PM org.eclipse.lsp4j.jsonrpc.RemoteEndpoint handleCancellation
WARNING: Unmatched cancel notification for request id 13316
May 30, 2026 3:41:12 PM org.eclipse.lsp4j.jsonrpc.RemoteEndpoint handleCancellation
WARNING: Unmatched cancel notification for request id 13318
May 30, 2026 3:41:12 PM org.eclipse.lsp4j.jsonrpc.RemoteEndpoint handleCancellation
WARNING: Unmatched cancel notification for request id 13321
May 30, 2026 3:41:12 PM org.eclipse.lsp4j.jsonrpc.RemoteEndpoint handleCancellation
WARNING: Unmatched cancel notification for request id 13315
2026.05.30 15:41:13 INFO  compiling core (1 scala source)
2026.05.30 15:41:13 INFO  time: compiled core in 0.22s
May 30, 2026 3:41:19 PM org.eclipse.lsp4j.jsonrpc.RemoteEndpoint handleCancellation
WARNING: Unmatched cancel notification for request id 13372
2026.05.30 15:41:19 WARN  Could not find semantic tokens for: file:///Users/robbetiteca/projects/school/thesis/ecosystem-randomized-cache/core/src/main/scala/riscv/plugins/Cache.scala
May 30, 2026 3:41:20 PM org.eclipse.lsp4j.jsonrpc.RemoteEndpoint handleCancellation
WARNING: Unmatched cancel notification for request id 13401
May 30, 2026 3:41:21 PM org.eclipse.lsp4j.jsonrpc.RemoteEndpoint handleCancellation
WARNING: Unmatched cancel notification for request id 13421
May 30, 2026 3:41:28 PM org.eclipse.lsp4j.jsonrpc.RemoteEndpoint handleCancellation
WARNING: Unmatched cancel notification for request id 13508
May 30, 2026 3:41:28 PM scala.meta.internal.pc.CompilerAccess retryWithCleanCompiler
INFO: compiler crashed due to an error in the Scala compiler, retrying with new compiler instance.
May 30, 2026 3:41:29 PM org.eclipse.lsp4j.jsonrpc.RemoteEndpoint handleCancellation
WARNING: Unmatched cancel notification for request id 13533
May 30, 2026 3:41:29 PM org.eclipse.lsp4j.jsonrpc.RemoteEndpoint handleCancellation
WARNING: Unmatched cancel notification for request id 13535
May 30, 2026 3:41:38 PM org.eclipse.lsp4j.jsonrpc.RemoteEndpoint handleCancellation
WARNING: Unmatched cancel notification for request id 13627
May 30, 2026 3:41:38 PM org.eclipse.lsp4j.jsonrpc.RemoteEndpoint handleCancellation
WARNING: Unmatched cancel notification for request id 13630
2026.05.30 15:41:38 WARN  Could not find semantic tokens for: file:///Users/robbetiteca/projects/school/thesis/ecosystem-randomized-cache/core/src/main/scala/riscv/plugins/Cache.scala
May 30, 2026 3:41:38 PM org.eclipse.lsp4j.jsonrpc.RemoteEndpoint handleCancellation
WARNING: Unmatched cancel notification for request id 13633
May 30, 2026 3:41:53 PM org.eclipse.lsp4j.jsonrpc.RemoteEndpoint handleCancellation
WARNING: Unmatched cancel notification for request id 13826
May 30, 2026 3:41:53 PM org.eclipse.lsp4j.jsonrpc.RemoteEndpoint handleCancellation
WARNING: Unmatched cancel notification for request id 13828
May 30, 2026 3:41:53 PM org.eclipse.lsp4j.jsonrpc.RemoteEndpoint handleCancellation
WARNING: Unmatched cancel notification for request id 13830
2026.05.30 15:41:53 WARN  Could not find semantic tokens for: file:///Users/robbetiteca/projects/school/thesis/ecosystem-randomized-cache/core/src/main/scala/riscv/plugins/Cache.scala
May 30, 2026 3:41:55 PM scala.meta.internal.pc.CompletionProvider expected$1
WARNING: Range [9060, 9060 + -1) out of bounds for length 28562
May 30, 2026 3:42:03 PM org.eclipse.lsp4j.jsonrpc.RemoteEndpoint handleCancellation
WARNING: Unmatched cancel notification for request id 13937
2026.05.30 15:42:05 INFO  compiling core (1 scala source)
2026.05.30 15:42:05 INFO  time: compiled core in 0.2s
2026.05.30 15:42:20 INFO  compiling core (1 scala source)
2026.05.30 15:42:20 INFO  time: compiled core in 0.12s
2026.05.30 15:42:24 INFO  compiling core (1 scala source)
2026.05.30 15:42:24 INFO  time: compiled core in 0.13s
May 30, 2026 3:42:24 PM scala.meta.internal.pc.CompilerAccess retryWithCleanCompiler
INFO: compiler crashed due to an error in the Scala compiler, retrying with new compiler instance.
May 30, 2026 3:42:26 PM scala.meta.internal.pc.CompilerAccess retryWithCleanCompiler
INFO: compiler crashed due to an error in the Scala compiler, retrying with new compiler instance.
May 30, 2026 3:42:26 PM org.eclipse.lsp4j.jsonrpc.RemoteEndpoint handleCancellation
WARNING: Unmatched cancel notification for request id 14113
May 30, 2026 3:42:26 PM org.eclipse.lsp4j.jsonrpc.RemoteEndpoint handleCancellation
WARNING: Unmatched cancel notification for request id 14116
2026.05.30 15:42:26 WARN  Could not find semantic tokens for: file:///Users/robbetiteca/projects/school/thesis/ecosystem-randomized-cache/core/src/main/scala/riscv/plugins/Cache.scala
May 30, 2026 3:42:27 PM scala.meta.internal.pc.CompilerAccess retryWithCleanCompiler
INFO: compiler crashed due to an error in the Scala compiler, retrying with new compiler instance.
May 30, 2026 3:42:27 PM scala.meta.internal.pc.AutoImportsProvider$$anonfun$1 applyOrElse
WARNING: Could not infer edits for riscv.PcPayload, tree around the position were scala.reflect.internal.Trees$Ident,scala.reflect.internal.Trees$Apply,scala.reflect.internal.Trees$Apply,scala.reflect.internal.Trees$Select,scala.reflect.internal.Trees$Select, auto import position was Some(AutoImportPosition(173,0,false))
May 30, 2026 3:42:28 PM scala.meta.internal.pc.CompilerAccess retryWithCleanCompiler
INFO: compiler crashed due to an error in the Scala compiler, retrying with new compiler instance.
May 30, 2026 3:42:28 PM scala.meta.internal.pc.AutoImportsProvider$$anonfun$1 applyOrElse
WARNING: Could not infer edits for riscv.PcPayload, tree around the position were scala.reflect.internal.Trees$Ident,scala.reflect.internal.Trees$Apply,scala.reflect.internal.Trees$Apply,scala.reflect.internal.Trees$Select,scala.reflect.internal.Trees$Select, auto import position was Some(AutoImportPosition(173,0,false))
May 30, 2026 3:42:28 PM scala.meta.internal.pc.CompilerAccess retryWithCleanCompiler
INFO: compiler crashed due to an error in the Scala compiler, retrying with new compiler instance.
May 30, 2026 3:42:28 PM scala.meta.internal.pc.CompilerAccess retryWithCleanCompiler
INFO: compiler crashed due to an error in the Scala compiler, retrying with new compiler instance.
May 30, 2026 3:42:29 PM org.eclipse.lsp4j.jsonrpc.RemoteEndpoint handleCancellation
WARNING: Unmatched cancel notification for request id 14166
May 30, 2026 3:42:30 PM scala.meta.internal.pc.CompilerAccess retryWithCleanCompiler
INFO: compiler crashed due to an error in the Scala compiler, retrying with new compiler instance.
May 30, 2026 3:42:30 PM scala.meta.internal.pc.AutoImportsProvider$$anonfun$1 applyOrElse
WARNING: Could not infer edits for riscv.PcPayload, tree around the position were scala.reflect.internal.Trees$Ident,scala.reflect.internal.Trees$Apply,scala.reflect.internal.Trees$Apply,scala.reflect.internal.Trees$Select,scala.reflect.internal.Trees$Select, auto import position was Some(AutoImportPosition(173,0,false))
May 30, 2026 3:42:30 PM scala.meta.internal.pc.AutoImportsProvider$$anonfun$1 applyOrElse
WARNING: Could not infer edits for riscv.PcPayload, tree around the position were scala.reflect.internal.Trees$Ident,scala.reflect.internal.Trees$Apply,scala.reflect.internal.Trees$Apply,scala.reflect.internal.Trees$Select,scala.reflect.internal.Trees$Select, auto import position was Some(AutoImportPosition(173,0,false))
May 30, 2026 3:42:30 PM scala.meta.internal.pc.AutoImportsProvider$$anonfun$1 applyOrElse
WARNING: Could not infer edits for riscv.PcPayload, tree around the position were scala.reflect.internal.Trees$Ident,scala.reflect.internal.Trees$Apply,scala.reflect.internal.Trees$Apply,scala.reflect.internal.Trees$Select,scala.reflect.internal.Trees$Select, auto import position was Some(AutoImportPosition(173,0,false))
May 30, 2026 3:42:32 PM scala.meta.internal.pc.CompilerAccess retryWithCleanCompiler
INFO: compiler crashed due to an error in the Scala compiler, retrying with new compiler instance.
May 30, 2026 3:42:32 PM scala.meta.internal.pc.AutoImportsProvider$$anonfun$1 applyOrElse
WARNING: Could not infer edits for riscv.PcPayload, tree around the position were scala.reflect.internal.Trees$Ident,scala.reflect.internal.Trees$Apply,scala.reflect.internal.Trees$Apply,scala.reflect.internal.Trees$Select,scala.reflect.internal.Trees$Select, auto import position was Some(AutoImportPosition(173,0,false))
May 30, 2026 3:42:34 PM scala.meta.internal.pc.CompilerAccess retryWithCleanCompiler
INFO: compiler crashed due to an error in the Scala compiler, retrying with new compiler instance.
May 30, 2026 3:42:35 PM scala.meta.internal.pc.AutoImportsProvider$$anonfun$1 applyOrElse
WARNING: Could not infer edits for riscv.PcPayload, tree around the position were scala.reflect.internal.Trees$Ident,scala.reflect.internal.Trees$Apply,scala.reflect.internal.Trees$Apply,scala.reflect.internal.Trees$Select,scala.reflect.internal.Trees$Select, auto import position was Some(AutoImportPosition(173,0,false))
May 30, 2026 3:42:35 PM scala.meta.internal.pc.AutoImportsProvider$$anonfun$1 applyOrElse
WARNING: Could not infer edits for riscv.PcPayload, tree around the position were scala.reflect.internal.Trees$Ident,scala.reflect.internal.Trees$Apply,scala.reflect.internal.Trees$Apply,scala.reflect.internal.Trees$Select,scala.reflect.internal.Trees$Select, auto import position was Some(AutoImportPosition(173,0,false))
May 30, 2026 3:42:35 PM scala.meta.internal.pc.CompilerAccess retryWithCleanCompiler
INFO: compiler crashed due to an error in the Scala compiler, retrying with new compiler instance.
May 30, 2026 3:42:35 PM scala.meta.internal.pc.AutoImportsProvider$$anonfun$1 applyOrElse
WARNING: Could not infer edits for riscv.PcPayload, tree around the position were scala.reflect.internal.Trees$Ident,scala.reflect.internal.Trees$Apply,scala.reflect.internal.Trees$Apply,scala.reflect.internal.Trees$Select,scala.reflect.internal.Trees$Select, auto import position was Some(AutoImportPosition(173,0,false))
May 30, 2026 3:42:36 PM scala.meta.internal.pc.AutoImportsProvider$$anonfun$1 applyOrElse
WARNING: Could not infer edits for riscv.PcPayload, tree around the position were scala.reflect.internal.Trees$Ident,scala.reflect.internal.Trees$Apply,scala.reflect.internal.Trees$Select,scala.reflect.internal.Trees$Select,scala.reflect.internal.Trees$Apply, auto import position was Some(AutoImportPosition(173,0,false))
May 30, 2026 3:42:36 PM scala.meta.internal.pc.AutoImportsProvider$$anonfun$1 applyOrElse
WARNING: Could not infer edits for riscv.PcPayload, tree around the position were scala.reflect.internal.Trees$Ident,scala.reflect.internal.Trees$Apply,scala.reflect.internal.Trees$Select,scala.reflect.internal.Trees$Select,scala.reflect.internal.Trees$Apply, auto import position was Some(AutoImportPosition(173,0,false))
May 30, 2026 3:42:36 PM scala.meta.internal.pc.AutoImportsProvider$$anonfun$1 applyOrElse
WARNING: Could not infer edits for riscv.PcPayload, tree around the position were scala.reflect.internal.Trees$Ident,scala.reflect.internal.Trees$Apply,scala.reflect.internal.Trees$Select,scala.reflect.internal.Trees$Select,scala.reflect.internal.Trees$Apply, auto import position was Some(AutoImportPosition(173,0,false))
May 30, 2026 3:42:36 PM scala.meta.internal.pc.AutoImportsProvider$$anonfun$1 applyOrElse
WARNING: Could not infer edits for riscv.PcPayload, tree around the position were scala.reflect.internal.Trees$Ident,scala.reflect.internal.Trees$Apply,scala.reflect.internal.Trees$Select,scala.reflect.internal.Trees$Select,scala.reflect.internal.Trees$Apply, auto import position was Some(AutoImportPosition(173,0,false))
May 30, 2026 3:42:36 PM scala.meta.internal.pc.AutoImportsProvider$$anonfun$1 applyOrElse
WARNING: Could not infer edits for riscv.PcPayload, tree around the position were scala.reflect.internal.Trees$Ident,scala.reflect.internal.Trees$Apply,scala.reflect.internal.Trees$Select,scala.reflect.internal.Trees$Select,scala.reflect.internal.Trees$Apply, auto import position was Some(AutoImportPosition(173,0,false))
May 30, 2026 3:42:36 PM scala.meta.internal.pc.AutoImportsProvider$$anonfun$1 applyOrElse
WARNING: Could not infer edits for riscv.PcPayload, tree around the position were scala.reflect.internal.Trees$Ident,scala.reflect.internal.Trees$Apply,scala.reflect.internal.Trees$Select,scala.reflect.internal.Trees$Select,scala.reflect.internal.Trees$Apply, auto import position was Some(AutoImportPosition(173,0,false))
May 30, 2026 3:42:37 PM org.eclipse.lsp4j.jsonrpc.RemoteEndpoint handleCancellation
WARNING: Unmatched cancel notification for request id 14265
May 30, 2026 3:42:37 PM org.eclipse.lsp4j.jsonrpc.RemoteEndpoint handleCancellation
WARNING: Unmatched cancel notification for request id 14268
2026.05.30 15:42:37 WARN  Could not find semantic tokens for: file:///Users/robbetiteca/projects/school/thesis/ecosystem-randomized-cache/core/src/main/scala/riscv/plugins/Cache.scala
2026.05.30 15:42:37 WARN  Could not find semantic tokens for: file:///Users/robbetiteca/projects/school/thesis/ecosystem-randomized-cache/core/src/main/scala/riscv/plugins/Cache.scala
May 30, 2026 3:42:38 PM scala.meta.internal.pc.AutoImportsProvider$$anonfun$1 applyOrElse
WARNING: Could not infer edits for riscv.PcPayload, tree around the position were scala.reflect.internal.Trees$Ident,scala.reflect.internal.Trees$Apply,scala.reflect.internal.Trees$Apply,scala.reflect.internal.Trees$Select,scala.reflect.internal.Trees$Select, auto import position was Some(AutoImportPosition(173,0,false))
May 30, 2026 3:42:39 PM scala.meta.internal.pc.CompilerAccess retryWithCleanCompiler
INFO: compiler crashed due to an error in the Scala compiler, retrying with new compiler instance.
May 30, 2026 3:42:39 PM scala.meta.internal.pc.AutoImportsProvider$$anonfun$1 applyOrElse
WARNING: Could not infer edits for riscv.PcPayload, tree around the position were scala.reflect.internal.Trees$Ident,scala.reflect.internal.Trees$Apply,scala.reflect.internal.Trees$Apply,scala.reflect.internal.Trees$Select,scala.reflect.internal.Trees$Select, auto import position was Some(AutoImportPosition(173,0,false))
May 30, 2026 3:42:39 PM scala.meta.internal.pc.AutoImportsProvider$$anonfun$1 applyOrElse
WARNING: Could not infer edits for riscv.PcPayload, tree around the position were scala.reflect.internal.Trees$Select,scala.reflect.internal.Trees$Select,scala.reflect.internal.Trees$Apply,scala.reflect.internal.Trees$Select,scala.reflect.internal.Trees$Apply, auto import position was Some(AutoImportPosition(173,0,false))
May 30, 2026 3:42:39 PM scala.meta.internal.pc.AutoImportsProvider$$anonfun$1 applyOrElse
WARNING: Could not infer edits for riscv.PcPayload, tree around the position were scala.reflect.internal.Trees$Ident,scala.reflect.internal.Trees$Apply,scala.reflect.internal.Trees$Select,scala.reflect.internal.Trees$Select,scala.reflect.internal.Trees$Apply, auto import position was Some(AutoImportPosition(173,0,false))
May 30, 2026 3:42:39 PM scala.meta.internal.pc.AutoImportsProvider$$anonfun$1 applyOrElse
WARNING: Could not infer edits for riscv.PcPayload, tree around the position were scala.reflect.internal.Trees$Ident,scala.reflect.internal.Trees$Apply,scala.reflect.internal.Trees$Select,scala.reflect.internal.Trees$Select,scala.reflect.internal.Trees$Apply, auto import position was Some(AutoImportPosition(173,0,false))
2026.05.30 15:42:40 INFO  compiling core (1 scala source)
2026.05.30 15:42:40 INFO  time: compiled core in 0.22s
2026.05.30 15:42:46 WARN  Could not find semantic tokens for: file:///Users/robbetiteca/projects/school/thesis/ecosystem-randomized-cache/core/src/main/scala/riscv/plugins/Cache.scala
May 30, 2026 3:42:50 PM org.eclipse.lsp4j.jsonrpc.RemoteEndpoint handleCancellation
WARNING: Unmatched cancel notification for request id 14435
May 30, 2026 3:42:52 PM org.eclipse.lsp4j.jsonrpc.RemoteEndpoint handleCancellation
WARNING: Unmatched cancel notification for request id 14470
May 30, 2026 3:42:52 PM org.eclipse.lsp4j.jsonrpc.RemoteEndpoint handleCancellation
WARNING: Unmatched cancel notification for request id 14474
May 30, 2026 3:42:52 PM org.eclipse.lsp4j.jsonrpc.RemoteEndpoint handleCancellation
WARNING: Unmatched cancel notification for request id 14478
2026.05.30 15:42:54 INFO  compiling core (1 scala source)
2026.05.30 15:42:54 INFO  time: compiled core in 0.18s
May 30, 2026 3:42:59 PM org.eclipse.lsp4j.jsonrpc.RemoteEndpoint handleCancellation
WARNING: Unmatched cancel notification for request id 14526
May 30, 2026 3:43:00 PM org.eclipse.lsp4j.jsonrpc.RemoteEndpoint handleCancellation
WARNING: Unmatched cancel notification for request id 14529
May 30, 2026 3:43:03 PM org.eclipse.lsp4j.jsonrpc.RemoteEndpoint handleCancellation
WARNING: Unmatched cancel notification for request id 14567
2026.05.30 15:43:03 WARN  Could not find semantic tokens for: file:///Users/robbetiteca/projects/school/thesis/ecosystem-randomized-cache/core/src/main/scala/riscv/plugins/Cache.scala
2026.05.30 15:43:14 INFO  compiling core (1 scala source)
2026.05.30 15:43:14 INFO  time: compiled core in 0.24s
May 30, 2026 3:43:25 PM org.eclipse.lsp4j.jsonrpc.RemoteEndpoint handleCancellation
WARNING: Unmatched cancel notification for request id 14723
May 30, 2026 3:43:25 PM org.eclipse.lsp4j.jsonrpc.RemoteEndpoint handleCancellation
WARNING: Unmatched cancel notification for request id 14748
May 30, 2026 3:43:28 PM org.eclipse.lsp4j.jsonrpc.RemoteEndpoint handleCancellation
WARNING: Unmatched cancel notification for request id 14801
May 30, 2026 3:43:28 PM org.eclipse.lsp4j.jsonrpc.RemoteEndpoint handleCancellation
WARNING: Unmatched cancel notification for request id 14804
2026.05.30 15:43:29 INFO  compiling core (1 scala source)
2026.05.30 15:43:29 INFO  time: compiled core in 0.2s
2026.05.30 15:44:02 WARN  Could not find semantic tokens for: file:///Users/robbetiteca/projects/school/thesis/ecosystem-randomized-cache/core/src/main/scala/riscv/plugins/Cache.scala
May 30, 2026 3:44:02 PM org.eclipse.lsp4j.jsonrpc.RemoteEndpoint handleCancellation
WARNING: Unmatched cancel notification for request id 14916
May 30, 2026 3:44:06 PM org.eclipse.lsp4j.jsonrpc.RemoteEndpoint handleCancellation
WARNING: Unmatched cancel notification for request id 14975
May 30, 2026 3:44:07 PM org.eclipse.lsp4j.jsonrpc.RemoteEndpoint handleCancellation
WARNING: Unmatched cancel notification for request id 15001
May 30, 2026 3:44:11 PM org.eclipse.lsp4j.jsonrpc.RemoteEndpoint handleCancellation
WARNING: Unmatched cancel notification for request id 15061
May 30, 2026 3:44:16 PM org.eclipse.lsp4j.jsonrpc.RemoteEndpoint handleCancellation
WARNING: Unmatched cancel notification for request id 15135
May 30, 2026 3:44:16 PM org.eclipse.lsp4j.jsonrpc.RemoteEndpoint handleCancellation
WARNING: Unmatched cancel notification for request id 15136
May 30, 2026 3:44:17 PM org.eclipse.lsp4j.jsonrpc.RemoteEndpoint handleCancellation
WARNING: Unmatched cancel notification for request id 15151
2026.05.30 15:44:21 INFO  compiling core (1 scala source)
2026.05.30 15:44:21 INFO  time: compiled core in 0.22s
May 30, 2026 3:44:23 PM org.eclipse.lsp4j.jsonrpc.RemoteEndpoint handleCancellation
WARNING: Unmatched cancel notification for request id 15208
May 30, 2026 3:44:24 PM org.eclipse.lsp4j.jsonrpc.RemoteEndpoint handleCancellation
WARNING: Unmatched cancel notification for request id 15222
2026.05.30 15:44:24 WARN  Could not find semantic tokens for: file:///Users/robbetiteca/projects/school/thesis/ecosystem-randomized-cache/core/src/main/scala/riscv/plugins/Cache.scala
2026.05.30 15:44:27 INFO  compiling core (1 scala source)
2026.05.30 15:44:27 INFO  time: compiled core in 0.2s
2026.05.30 15:44:49 INFO  compiling core (1 scala source)
2026.05.30 15:44:49 INFO  time: compiled core in 0.2s
2026.05.30 15:44:57 WARN  Could not find semantic tokens for: file:///Users/robbetiteca/projects/school/thesis/ecosystem-randomized-cache/core/src/main/scala/riscv/plugins/Cache.scala
2026.05.30 15:44:57 WARN  Could not find semantic tokens for: file:///Users/robbetiteca/projects/school/thesis/ecosystem-randomized-cache/core/src/main/scala/riscv/plugins/Cache.scala
2026.05.30 15:44:58 INFO  compiling core (1 scala source)
2026.05.30 15:44:58 INFO  time: compiled core in 0.17s
2026.05.30 15:45:02 INFO  compiling core (1 scala source)
2026.05.30 15:45:02 INFO  time: compiled core in 0.17s
2026.05.30 15:45:10 WARN  Could not find semantic tokens for: file:///Users/robbetiteca/projects/school/thesis/ecosystem-randomized-cache/core/src/main/scala/riscv/plugins/Cache.scala
May 30, 2026 3:45:10 PM org.eclipse.lsp4j.jsonrpc.RemoteEndpoint handleCancellation
WARNING: Unmatched cancel notification for request id 15458
May 30, 2026 3:45:11 PM org.eclipse.lsp4j.jsonrpc.RemoteEndpoint handleCancellation
WARNING: Unmatched cancel notification for request id 15461
2026.05.30 15:45:11 INFO  compiling core (1 scala source)
2026.05.30 15:45:11 INFO  time: compiled core in 0.18s
May 30, 2026 3:45:20 PM org.eclipse.lsp4j.jsonrpc.RemoteEndpoint handleCancellation
WARNING: Unmatched cancel notification for request id 15516
May 30, 2026 3:45:38 PM org.eclipse.lsp4j.jsonrpc.RemoteEndpoint handleCancellation
WARNING: Unmatched cancel notification for request id 15630
May 30, 2026 3:45:38 PM org.eclipse.lsp4j.jsonrpc.RemoteEndpoint handleCancellation
WARNING: Unmatched cancel notification for request id 15633
May 30, 2026 3:45:46 PM org.eclipse.lsp4j.jsonrpc.RemoteEndpoint handleCancellation
WARNING: Unmatched cancel notification for request id 15711
May 30, 2026 3:45:47 PM org.eclipse.lsp4j.jsonrpc.RemoteEndpoint handleCancellation
WARNING: Unmatched cancel notification for request id 15717
May 30, 2026 3:45:47 PM org.eclipse.lsp4j.jsonrpc.RemoteEndpoint handleCancellation
WARNING: Unmatched cancel notification for request id 15719
May 30, 2026 3:45:47 PM org.eclipse.lsp4j.jsonrpc.RemoteEndpoint handleCancellation
WARNING: Unmatched cancel notification for request id 15721
May 30, 2026 3:45:48 PM org.eclipse.lsp4j.jsonrpc.RemoteEndpoint handleCancellation
WARNING: Unmatched cancel notification for request id 15723
May 30, 2026 3:45:48 PM org.eclipse.lsp4j.jsonrpc.RemoteEndpoint handleCancellation
WARNING: Unmatched cancel notification for request id 15726
May 30, 2026 3:45:48 PM org.eclipse.lsp4j.jsonrpc.RemoteEndpoint handleCancellation
WARNING: Unmatched cancel notification for request id 15730
May 30, 2026 3:45:48 PM org.eclipse.lsp4j.jsonrpc.RemoteEndpoint handleCancellation
WARNING: Unmatched cancel notification for request id 15729
May 30, 2026 3:45:48 PM org.eclipse.lsp4j.jsonrpc.RemoteEndpoint handleCancellation
WARNING: Unmatched cancel notification for request id 15733
May 30, 2026 3:45:50 PM org.eclipse.lsp4j.jsonrpc.RemoteEndpoint handleCancellation
WARNING: Unmatched cancel notification for request id 15756
May 30, 2026 3:45:50 PM org.eclipse.lsp4j.jsonrpc.RemoteEndpoint handleCancellation
WARNING: Unmatched cancel notification for request id 15759
2026.05.30 15:45:51 WARN  High memory usage detected: 100% (2048 MB / 2048 MB)
May 30, 2026 3:45:51 PM org.eclipse.lsp4j.jsonrpc.RemoteEndpoint handleCancellation
WARNING: Unmatched cancel notification for request id 15761
May 30, 2026 3:45:51 PM org.eclipse.lsp4j.jsonrpc.RemoteEndpoint handleCancellation
WARNING: Unmatched cancel notification for request id 15763
May 30, 2026 3:45:51 PM org.eclipse.lsp4j.jsonrpc.RemoteEndpoint handleCancellation
WARNING: Unmatched cancel notification for request id 15765
May 30, 2026 3:45:51 PM org.eclipse.lsp4j.jsonrpc.RemoteEndpoint handleCancellation
WARNING: Unmatched cancel notification for request id 15767
May 30, 2026 3:45:51 PM org.eclipse.lsp4j.jsonrpc.RemoteEndpoint handleCancellation
WARNING: Unmatched cancel notification for request id 15771
May 30, 2026 3:45:52 PM org.eclipse.lsp4j.jsonrpc.RemoteEndpoint handleCancellation
WARNING: Unmatched cancel notification for request id 15775
May 30, 2026 3:45:52 PM org.eclipse.lsp4j.jsonrpc.RemoteEndpoint handleCancellation
WARNING: Unmatched cancel notification for request id 15780
May 30, 2026 3:45:53 PM org.eclipse.lsp4j.jsonrpc.RemoteEndpoint handleCancellation
WARNING: Unmatched cancel notification for request id 15784
May 30, 2026 3:45:53 PM org.eclipse.lsp4j.jsonrpc.RemoteEndpoint handleCancellation
WARNING: Unmatched cancel notification for request id 15777
May 30, 2026 3:45:53 PM org.eclipse.lsp4j.jsonrpc.RemoteEndpoint handleCancellation
WARNING: Unmatched cancel notification for request id 15787
May 30, 2026 3:45:53 PM org.eclipse.lsp4j.jsonrpc.RemoteEndpoint handleCancellation
WARNING: Unmatched cancel notification for request id 15790
2026.05.30 15:45:53 INFO  compiling core (1 scala source)
2026.05.30 15:45:53 INFO  time: compiled core in 0.38s
2026.05.30 15:46:32 INFO  compiling core (1 scala source)
2026.05.30 15:46:32 INFO  time: compiled core in 0.17s
May 30, 2026 3:46:39 PM org.eclipse.lsp4j.jsonrpc.RemoteEndpoint handleCancellation
WARNING: Unmatched cancel notification for request id 16057
2026.05.30 15:46:54 INFO  compiling core (1 scala source)
2026.05.30 15:46:54 INFO  time: compiled core in 0.19s
2026.05.30 15:47:14 WARN  Could not find semantic tokens for: file:///Users/robbetiteca/projects/school/thesis/ecosystem-randomized-cache/core/src/main/scala/riscv/plugins/Cache.scala
May 30, 2026 3:47:16 PM org.eclipse.lsp4j.jsonrpc.RemoteEndpoint handleCancellation
WARNING: Unmatched cancel notification for request id 16229
2026.05.30 15:47:21 INFO  compiling core (1 scala source)
2026.05.30 15:47:21 INFO  time: compiled core in 0.19s
May 30, 2026 3:47:23 PM scala.meta.internal.pc.CompilerAccess retryWithCleanCompiler
INFO: compiler crashed due to an error in the Scala compiler, retrying with new compiler instance.
May 30, 2026 3:47:24 PM scala.meta.internal.pc.AutoImportsProvider$$anonfun$1 applyOrElse
WARNING: Could not infer edits for riscv.PcPayload, tree around the position were scala.reflect.internal.Trees$Ident,scala.reflect.internal.Trees$Apply,scala.reflect.internal.Trees$Apply,scala.reflect.internal.Trees$Apply,scala.reflect.internal.Trees$Block, auto import position was Some(AutoImportPosition(173,0,false))
May 30, 2026 3:47:24 PM scala.meta.internal.pc.AutoImportsProvider$$anonfun$1 applyOrElse
WARNING: Could not infer edits for riscv.PcPayload, tree around the position were scala.reflect.internal.Trees$Ident,scala.reflect.internal.Trees$Apply,scala.reflect.internal.Trees$Apply,scala.reflect.internal.Trees$Apply,scala.reflect.internal.Trees$Block, auto import position was Some(AutoImportPosition(173,0,false))
May 30, 2026 3:47:24 PM scala.meta.internal.pc.AutoImportsProvider$$anonfun$1 applyOrElse
WARNING: Could not infer edits for riscv.PcPayload, tree around the position were scala.reflect.internal.Trees$Ident,scala.reflect.internal.Trees$Select,scala.reflect.internal.Trees$Apply,scala.reflect.internal.Trees$Select,scala.reflect.internal.Trees$Apply, auto import position was Some(AutoImportPosition(173,0,false))
2026.05.30 15:47:26 INFO  compiling core (1 scala source)
May 30, 2026 3:47:26 PM scala.meta.internal.pc.AutoImportsProvider$$anonfun$1 applyOrElse
WARNING: Could not infer edits for riscv.PcPayload, tree around the position were scala.reflect.internal.Trees$Apply,scala.reflect.internal.Trees$Select,scala.reflect.internal.Trees$Apply,scala.reflect.internal.Trees$Block,scala.reflect.internal.Trees$DefDef, auto import position was Some(AutoImportPosition(173,0,false))
May 30, 2026 3:47:26 PM scala.meta.internal.pc.AutoImportsProvider$$anonfun$1 applyOrElse
WARNING: Could not infer edits for riscv.PcPayload, tree around the position were scala.reflect.internal.Trees$Apply,scala.reflect.internal.Trees$Select,scala.reflect.internal.Trees$Apply,scala.reflect.internal.Trees$Block,scala.reflect.internal.Trees$DefDef, auto import position was Some(AutoImportPosition(173,0,false))
May 30, 2026 3:47:26 PM scala.meta.internal.pc.AutoImportsProvider$$anonfun$1 applyOrElse
WARNING: Could not infer edits for riscv.PcPayload, tree around the position were scala.reflect.internal.Trees$Ident,scala.reflect.internal.Trees$Apply,scala.reflect.internal.Trees$Block,scala.reflect.internal.Trees$DefDef,scala.reflect.internal.Trees$Template, auto import position was Some(AutoImportPosition(173,0,false))
2026.05.30 15:47:26 INFO  time: compiled core in 0.16s
May 30, 2026 3:47:36 PM scala.meta.internal.pc.AutoImportsProvider$$anonfun$1 applyOrElse
WARNING: Could not infer edits for riscv.PcPayload, tree around the position were scala.reflect.internal.Trees$Ident,scala.reflect.internal.Trees$Block,scala.reflect.internal.Trees$Apply,scala.reflect.internal.Trees$Block,scala.reflect.internal.Trees$DefDef, auto import position was Some(AutoImportPosition(173,0,false))
May 30, 2026 3:47:36 PM scala.meta.internal.pc.AutoImportsProvider$$anonfun$1 applyOrElse
WARNING: Could not infer edits for riscv.PcPayload, tree around the position were scala.reflect.internal.Trees$Ident,scala.reflect.internal.Trees$Apply,scala.reflect.internal.Trees$Select,scala.reflect.internal.Trees$Apply,scala.reflect.internal.Trees$Block, auto import position was Some(AutoImportPosition(173,0,false))
May 30, 2026 3:47:36 PM scala.meta.internal.pc.AutoImportsProvider$$anonfun$1 applyOrElse
WARNING: Could not infer edits for riscv.PcPayload, tree around the position were scala.reflect.internal.Trees$Ident,scala.reflect.internal.Trees$Block,scala.reflect.internal.Trees$DefDef,scala.reflect.internal.Trees$Template,scala.reflect.internal.Trees$ClassDef, auto import position was Some(AutoImportPosition(173,0,false))
May 30, 2026 3:47:36 PM scala.meta.internal.pc.AutoImportsProvider$$anonfun$1 applyOrElse
WARNING: Could not infer edits for riscv.PcPayload, tree around the position were scala.reflect.internal.Trees$Ident,scala.reflect.internal.Trees$Block,scala.reflect.internal.Trees$DefDef,scala.reflect.internal.Trees$Template,scala.reflect.internal.Trees$ClassDef, auto import position was Some(AutoImportPosition(173,0,false))
May 30, 2026 3:47:38 PM scala.meta.internal.pc.AutoImportsProvider$$anonfun$1 applyOrElse
WARNING: Could not infer edits for riscv.PcPayload, tree around the position were scala.reflect.internal.Trees$Ident,scala.reflect.internal.Trees$Block,scala.reflect.internal.Trees$Apply,scala.reflect.internal.Trees$Block,scala.reflect.internal.Trees$DefDef, auto import position was Some(AutoImportPosition(173,0,false))
May 30, 2026 3:47:38 PM scala.meta.internal.pc.AutoImportsProvider$$anonfun$1 applyOrElse
WARNING: Could not infer edits for riscv.PcPayload, tree around the position were scala.reflect.internal.Trees$Ident,scala.reflect.internal.Trees$Apply,scala.reflect.internal.Trees$Select,scala.reflect.internal.Trees$Apply,scala.reflect.internal.Trees$Block, auto import position was Some(AutoImportPosition(173,0,false))
May 30, 2026 3:47:39 PM org.eclipse.lsp4j.jsonrpc.RemoteEndpoint handleCancellation
WARNING: Unmatched cancel notification for request id 16362
May 30, 2026 3:47:39 PM org.eclipse.lsp4j.jsonrpc.RemoteEndpoint handleCancellation
WARNING: Unmatched cancel notification for request id 16365
May 30, 2026 3:47:46 PM org.eclipse.lsp4j.jsonrpc.RemoteEndpoint handleCancellation
WARNING: Unmatched cancel notification for request id 16473
May 30, 2026 3:47:48 PM scala.meta.internal.pc.AutoImportsProvider$$anonfun$1 applyOrElse
WARNING: Could not infer edits for riscv.PcPayload, tree around the position were scala.reflect.internal.Trees$Ident,scala.reflect.internal.Trees$Block,scala.reflect.internal.Trees$DefDef,scala.reflect.internal.Trees$Template,scala.reflect.internal.Trees$ClassDef, auto import position was Some(AutoImportPosition(173,0,false))
May 30, 2026 3:47:48 PM scala.meta.internal.pc.AutoImportsProvider$$anonfun$1 applyOrElse
WARNING: Could not infer edits for riscv.PcPayload, tree around the position were scala.reflect.internal.Trees$Ident,scala.reflect.internal.Trees$Block,scala.reflect.internal.Trees$DefDef,scala.reflect.internal.Trees$Template,scala.reflect.internal.Trees$ClassDef, auto import position was Some(AutoImportPosition(173,0,false))
May 30, 2026 3:47:52 PM scala.meta.internal.pc.AutoImportsProvider$$anonfun$1 applyOrElse
WARNING: Could not infer edits for riscv.PcPayload, tree around the position were scala.reflect.internal.Trees$Ident,scala.reflect.internal.Trees$Block,scala.reflect.internal.Trees$DefDef,scala.reflect.internal.Trees$Template,scala.reflect.internal.Trees$ClassDef, auto import position was Some(AutoImportPosition(173,0,false))
May 30, 2026 3:47:52 PM scala.meta.internal.pc.AutoImportsProvider$$anonfun$1 applyOrElse
WARNING: Could not infer edits for riscv.PcPayload, tree around the position were scala.reflect.internal.Trees$Ident,scala.reflect.internal.Trees$Block,scala.reflect.internal.Trees$DefDef,scala.reflect.internal.Trees$Template,scala.reflect.internal.Trees$ClassDef, auto import position was Some(AutoImportPosition(173,0,false))
May 30, 2026 3:47:55 PM scala.meta.internal.pc.AutoImportsProvider$$anonfun$1 applyOrElse
WARNING: Could not infer edits for riscv.PcPayload, tree around the position were scala.reflect.internal.Trees$Ident,scala.reflect.internal.Trees$Block,scala.reflect.internal.Trees$DefDef,scala.reflect.internal.Trees$Template,scala.reflect.internal.Trees$ClassDef, auto import position was Some(AutoImportPosition(173,0,false))
May 30, 2026 3:47:55 PM scala.meta.internal.pc.AutoImportsProvider$$anonfun$1 applyOrElse
WARNING: Could not infer edits for riscv.PcPayload, tree around the position were scala.reflect.internal.Trees$Ident,scala.reflect.internal.Trees$Block,scala.reflect.internal.Trees$DefDef,scala.reflect.internal.Trees$Template,scala.reflect.internal.Trees$ClassDef, auto import position was Some(AutoImportPosition(173,0,false))
May 30, 2026 3:47:56 PM org.eclipse.lsp4j.jsonrpc.RemoteEndpoint handleCancellation
WARNING: Unmatched cancel notification for request id 16616
May 30, 2026 3:47:56 PM org.eclipse.lsp4j.jsonrpc.RemoteEndpoint handleCancellation
WARNING: Unmatched cancel notification for request id 16617
May 30, 2026 3:47:57 PM scala.meta.internal.pc.AutoImportsProvider$$anonfun$1 applyOrElse
WARNING: Could not infer edits for riscv.PcPayload, tree around the position were scala.reflect.internal.Trees$Ident,scala.reflect.internal.Trees$Block,scala.reflect.internal.Trees$DefDef,scala.reflect.internal.Trees$Template,scala.reflect.internal.Trees$ClassDef, auto import position was Some(AutoImportPosition(173,0,false))
May 30, 2026 3:47:57 PM scala.meta.internal.pc.AutoImportsProvider$$anonfun$1 applyOrElse
WARNING: Could not infer edits for riscv.PcPayload, tree around the position were scala.reflect.internal.Trees$Ident,scala.reflect.internal.Trees$Block,scala.reflect.internal.Trees$DefDef,scala.reflect.internal.Trees$Template,scala.reflect.internal.Trees$ClassDef, auto import position was Some(AutoImportPosition(173,0,false))
2026.05.30 15:47:58 WARN  Could not find semantic tokens for: file:///Users/robbetiteca/projects/school/thesis/ecosystem-randomized-cache/core/src/main/scala/riscv/plugins/Cache.scala
May 30, 2026 3:48:03 PM scala.meta.internal.pc.AutoImportsProvider$$anonfun$1 applyOrElse
WARNING: Could not infer edits for riscv.PcPayload, tree around the position were scala.reflect.internal.Trees$Ident,scala.reflect.internal.Trees$Block,scala.reflect.internal.Trees$DefDef,scala.reflect.internal.Trees$Template,scala.reflect.internal.Trees$ClassDef, auto import position was Some(AutoImportPosition(173,0,false))
May 30, 2026 3:48:03 PM scala.meta.internal.pc.AutoImportsProvider$$anonfun$1 applyOrElse
WARNING: Could not infer edits for riscv.PcPayload, tree around the position were scala.reflect.internal.Trees$Ident,scala.reflect.internal.Trees$Block,scala.reflect.internal.Trees$DefDef,scala.reflect.internal.Trees$Template,scala.reflect.internal.Trees$ClassDef, auto import position was Some(AutoImportPosition(173,0,false))
May 30, 2026 3:48:03 PM scala.meta.internal.pc.AutoImportsProvider$$anonfun$1 applyOrElse
WARNING: Could not infer edits for riscv.PcPayload, tree around the position were scala.reflect.internal.Trees$Ident,scala.reflect.internal.Trees$Block,scala.reflect.internal.Trees$DefDef,scala.reflect.internal.Trees$Template,scala.reflect.internal.Trees$ClassDef, auto import position was Some(AutoImportPosition(173,0,false))
May 30, 2026 3:48:04 PM scala.meta.internal.pc.AutoImportsProvider$$anonfun$1 applyOrElse
WARNING: Could not infer edits for riscv.PcPayload, tree around the position were scala.reflect.internal.Trees$Ident,scala.reflect.internal.Trees$Block,scala.reflect.internal.Trees$DefDef,scala.reflect.internal.Trees$Template,scala.reflect.internal.Trees$ClassDef, auto import position was Some(AutoImportPosition(173,0,false))
May 30, 2026 3:48:04 PM scala.meta.internal.pc.AutoImportsProvider$$anonfun$1 applyOrElse
WARNING: Could not infer edits for riscv.PcPayload, tree around the position were scala.reflect.internal.Trees$Ident,scala.reflect.internal.Trees$Block,scala.reflect.internal.Trees$DefDef,scala.reflect.internal.Trees$Template,scala.reflect.internal.Trees$ClassDef, auto import position was Some(AutoImportPosition(173,0,false))
May 30, 2026 3:48:05 PM scala.meta.internal.pc.AutoImportsProvider$$anonfun$1 applyOrElse
WARNING: Could not infer edits for riscv.PcPayload, tree around the position were scala.reflect.internal.Trees$Ident,scala.reflect.internal.Trees$Block,scala.reflect.internal.Trees$DefDef,scala.reflect.internal.Trees$Template,scala.reflect.internal.Trees$ClassDef, auto import position was Some(AutoImportPosition(173,0,false))
May 30, 2026 3:48:05 PM scala.meta.internal.pc.CompilerAccess retryWithCleanCompiler
INFO: compiler crashed due to an error in the Scala compiler, retrying with new compiler instance.
May 30, 2026 3:48:05 PM scala.meta.internal.pc.AutoImportsProvider$$anonfun$1 applyOrElse
WARNING: Could not infer edits for riscv.PcPayload, tree around the position were scala.reflect.internal.Trees$Ident,scala.reflect.internal.Trees$Block,scala.reflect.internal.Trees$DefDef,scala.reflect.internal.Trees$Template,scala.reflect.internal.Trees$ClassDef, auto import position was Some(AutoImportPosition(173,0,false))
May 30, 2026 3:48:06 PM scala.meta.internal.pc.AutoImportsProvider$$anonfun$1 applyOrElse
WARNING: Could not infer edits for riscv.PcPayload, tree around the position were scala.reflect.internal.Trees$Ident,scala.reflect.internal.Trees$Block,scala.reflect.internal.Trees$DefDef,scala.reflect.internal.Trees$Template,scala.reflect.internal.Trees$ClassDef, auto import position was Some(AutoImportPosition(173,0,false))
May 30, 2026 3:48:06 PM scala.meta.internal.pc.AutoImportsProvider$$anonfun$1 applyOrElse
WARNING: Could not infer edits for riscv.PcPayload, tree around the position were scala.reflect.internal.Trees$Ident,scala.reflect.internal.Trees$Block,scala.reflect.internal.Trees$DefDef,scala.reflect.internal.Trees$Template,scala.reflect.internal.Trees$ClassDef, auto import position was Some(AutoImportPosition(173,0,false))
May 30, 2026 3:48:06 PM scala.meta.internal.pc.AutoImportsProvider$$anonfun$1 applyOrElse
WARNING: Could not infer edits for riscv.PcPayload, tree around the position were scala.reflect.internal.Trees$Ident,scala.reflect.internal.Trees$Block,scala.reflect.internal.Trees$DefDef,scala.reflect.internal.Trees$Template,scala.reflect.internal.Trees$ClassDef, auto import position was Some(AutoImportPosition(173,0,false))
May 30, 2026 3:48:06 PM scala.meta.internal.pc.AutoImportsProvider$$anonfun$1 applyOrElse
WARNING: Could not infer edits for riscv.PcPayload, tree around the position were scala.reflect.internal.Trees$Ident,scala.reflect.internal.Trees$Block,scala.reflect.internal.Trees$DefDef,scala.reflect.internal.Trees$Template,scala.reflect.internal.Trees$ClassDef, auto import position was Some(AutoImportPosition(173,0,false))
May 30, 2026 3:48:06 PM scala.meta.internal.pc.AutoImportsProvider$$anonfun$1 applyOrElse
WARNING: Could not infer edits for riscv.PcPayload, tree around the position were scala.reflect.internal.Trees$Ident,scala.reflect.internal.Trees$Block,scala.reflect.internal.Trees$DefDef,scala.reflect.internal.Trees$Template,scala.reflect.internal.Trees$ClassDef, auto import position was Some(AutoImportPosition(173,0,false))
May 30, 2026 3:48:06 PM scala.meta.internal.pc.AutoImportsProvider$$anonfun$1 applyOrElse
WARNING: Could not infer edits for riscv.PcPayload, tree around the position were scala.reflect.internal.Trees$Ident,scala.reflect.internal.Trees$Block,scala.reflect.internal.Trees$DefDef,scala.reflect.internal.Trees$Template,scala.reflect.internal.Trees$ClassDef, auto import position was Some(AutoImportPosition(173,0,false))
May 30, 2026 3:48:07 PM scala.meta.internal.pc.AutoImportsProvider$$anonfun$1 applyOrElse
WARNING: Could not infer edits for riscv.PcPayload, tree around the position were scala.reflect.internal.Trees$Ident,scala.reflect.internal.Trees$Block,scala.reflect.internal.Trees$DefDef,scala.reflect.internal.Trees$Template,scala.reflect.internal.Trees$ClassDef, auto import position was Some(AutoImportPosition(173,0,false))
May 30, 2026 3:48:07 PM scala.meta.internal.pc.AutoImportsProvider$$anonfun$1 applyOrElse
WARNING: Could not infer edits for riscv.PcPayload, tree around the position were scala.reflect.internal.Trees$Ident,scala.reflect.internal.Trees$Block,scala.reflect.internal.Trees$DefDef,scala.reflect.internal.Trees$Template,scala.reflect.internal.Trees$ClassDef, auto import position was Some(AutoImportPosition(173,0,false))
May 30, 2026 3:48:08 PM scala.meta.internal.pc.AutoImportsProvider$$anonfun$1 applyOrElse
WARNING: Could not infer edits for riscv.PcPayload, tree around the position were scala.reflect.internal.Trees$Ident,scala.reflect.internal.Trees$Block,scala.reflect.internal.Trees$DefDef,scala.reflect.internal.Trees$Template,scala.reflect.internal.Trees$ClassDef, auto import position was Some(AutoImportPosition(173,0,false))
May 30, 2026 3:48:08 PM scala.meta.internal.pc.AutoImportsProvider$$anonfun$1 applyOrElse
WARNING: Could not infer edits for riscv.PcPayload, tree around the position were scala.reflect.internal.Trees$Ident,scala.reflect.internal.Trees$Block,scala.reflect.internal.Trees$DefDef,scala.reflect.internal.Trees$Template,scala.reflect.internal.Trees$ClassDef, auto import position was Some(AutoImportPosition(173,0,false))
May 30, 2026 3:48:08 PM scala.meta.internal.pc.AutoImportsProvider$$anonfun$1 applyOrElse
WARNING: Could not infer edits for riscv.PcPayload, tree around the position were scala.reflect.internal.Trees$Ident,scala.reflect.internal.Trees$Block,scala.reflect.internal.Trees$DefDef,scala.reflect.internal.Trees$Template,scala.reflect.internal.Trees$ClassDef, auto import position was Some(AutoImportPosition(173,0,false))
May 30, 2026 3:48:09 PM scala.meta.internal.pc.CompilerAccess retryWithCleanCompiler
INFO: compiler crashed due to an error in the Scala compiler, retrying with new compiler instance.
May 30, 2026 3:48:09 PM scala.meta.internal.pc.AutoImportsProvider$$anonfun$1 applyOrElse
WARNING: Could not infer edits for riscv.PcPayload, tree around the position were scala.reflect.internal.Trees$Ident,scala.reflect.internal.Trees$Block,scala.reflect.internal.Trees$DefDef,scala.reflect.internal.Trees$Template,scala.reflect.internal.Trees$ClassDef, auto import position was Some(AutoImportPosition(173,0,false))
May 30, 2026 3:48:09 PM scala.meta.internal.pc.AutoImportsProvider$$anonfun$1 applyOrElse
WARNING: Could not infer edits for riscv.PcPayload, tree around the position were scala.reflect.internal.Trees$Ident,scala.reflect.internal.Trees$Block,scala.reflect.internal.Trees$DefDef,scala.reflect.internal.Trees$Template,scala.reflect.internal.Trees$ClassDef, auto import position was Some(AutoImportPosition(173,0,false))
May 30, 2026 3:48:10 PM scala.meta.internal.pc.AutoImportsProvider$$anonfun$1 applyOrElse
WARNING: Could not infer edits for riscv.PcPayload, tree around the position were scala.reflect.internal.Trees$Ident,scala.reflect.internal.Trees$Block,scala.reflect.internal.Trees$DefDef,scala.reflect.internal.Trees$Template,scala.reflect.internal.Trees$ClassDef, auto import position was Some(AutoImportPosition(173,0,false))
May 30, 2026 3:48:10 PM scala.meta.internal.pc.AutoImportsProvider$$anonfun$1 applyOrElse
WARNING: Could not infer edits for riscv.PcPayload, tree around the position were scala.reflect.internal.Trees$Ident,scala.reflect.internal.Trees$Block,scala.reflect.internal.Trees$DefDef,scala.reflect.internal.Trees$Template,scala.reflect.internal.Trees$ClassDef, auto import position was Some(AutoImportPosition(173,0,false))
May 30, 2026 3:48:10 PM scala.meta.internal.pc.AutoImportsProvider$$anonfun$1 applyOrElse
WARNING: Could not infer edits for riscv.PcPayload, tree around the position were scala.reflect.internal.Trees$Ident,scala.reflect.internal.Trees$Block,scala.reflect.internal.Trees$DefDef,scala.reflect.internal.Trees$Template,scala.reflect.internal.Trees$ClassDef, auto import position was Some(AutoImportPosition(173,0,false))
May 30, 2026 3:48:10 PM scala.meta.internal.pc.AutoImportsProvider$$anonfun$1 applyOrElse
WARNING: Could not infer edits for riscv.PcPayload, tree around the position were scala.reflect.internal.Trees$Ident,scala.reflect.internal.Trees$Block,scala.reflect.internal.Trees$DefDef,scala.reflect.internal.Trees$Template,scala.reflect.internal.Trees$ClassDef, auto import position was Some(AutoImportPosition(173,0,false))
2026.05.30 15:48:12 INFO  compiling core (1 scala source)
2026.05.30 15:48:12 INFO  time: compiled core in 0.17s
May 30, 2026 3:48:13 PM scala.meta.internal.pc.CompilerAccess retryWithCleanCompiler
INFO: compiler crashed due to an error in the Scala compiler, retrying with new compiler instance.
May 30, 2026 3:48:14 PM org.eclipse.lsp4j.jsonrpc.RemoteEndpoint handleCancellation
WARNING: Unmatched cancel notification for request id 16754
2026.05.30 15:48:14 WARN  Could not find semantic tokens for: file:///Users/robbetiteca/projects/school/thesis/ecosystem-randomized-cache/core/src/main/scala/riscv/plugins/Cache.scala
May 30, 2026 3:48:15 PM scala.meta.internal.pc.CompilerAccess retryWithCleanCompiler
INFO: compiler crashed due to an error in the Scala compiler, retrying with new compiler instance.
May 30, 2026 3:48:15 PM scala.meta.internal.pc.AutoImportsProvider$$anonfun$1 applyOrElse
WARNING: Could not infer edits for riscv.PcPayload, tree around the position were scala.reflect.internal.Trees$Ident,scala.reflect.internal.Trees$Apply,scala.reflect.internal.Trees$Apply,scala.reflect.internal.Trees$Select,scala.reflect.internal.Trees$Select, auto import position was Some(AutoImportPosition(173,0,false))
May 30, 2026 3:48:15 PM scala.meta.internal.pc.AutoImportsProvider$$anonfun$1 applyOrElse
WARNING: Could not infer edits for riscv.PcPayload, tree around the position were scala.reflect.internal.Trees$Ident,scala.reflect.internal.Trees$Apply,scala.reflect.internal.Trees$Apply,scala.reflect.internal.Trees$Select,scala.reflect.internal.Trees$Select, auto import position was Some(AutoImportPosition(173,0,false))
May 30, 2026 3:48:16 PM scala.meta.internal.pc.CompilerAccess retryWithCleanCompiler
INFO: compiler crashed due to an error in the Scala compiler, retrying with new compiler instance.
May 30, 2026 3:48:16 PM scala.meta.internal.pc.AutoImportsProvider$$anonfun$1 applyOrElse
WARNING: Could not infer edits for riscv.PcPayload, tree around the position were scala.reflect.internal.Trees$Ident,scala.reflect.internal.Trees$Apply,scala.reflect.internal.Trees$Apply,scala.reflect.internal.Trees$Select,scala.reflect.internal.Trees$Select, auto import position was Some(AutoImportPosition(173,0,false))
May 30, 2026 3:48:16 PM scala.meta.internal.pc.AutoImportsProvider$$anonfun$1 applyOrElse
WARNING: Could not infer edits for riscv.PcPayload, tree around the position were scala.reflect.internal.Trees$Ident,scala.reflect.internal.Trees$Apply,scala.reflect.internal.Trees$Select,scala.reflect.internal.Trees$Select,scala.reflect.internal.Trees$Apply, auto import position was Some(AutoImportPosition(173,0,false))
May 30, 2026 3:48:16 PM scala.meta.internal.pc.AutoImportsProvider$$anonfun$1 applyOrElse
WARNING: Could not infer edits for riscv.PcPayload, tree around the position were scala.reflect.internal.Trees$Ident,scala.reflect.internal.Trees$Apply,scala.reflect.internal.Trees$Select,scala.reflect.internal.Trees$Select,scala.reflect.internal.Trees$Apply, auto import position was Some(AutoImportPosition(173,0,false))
May 30, 2026 3:48:17 PM scala.meta.internal.pc.AutoImportsProvider$$anonfun$1 applyOrElse
WARNING: Could not infer edits for riscv.PcPayload, tree around the position were scala.reflect.internal.Trees$Ident,scala.reflect.internal.Trees$Apply,scala.reflect.internal.Trees$Select,scala.reflect.internal.Trees$Select,scala.reflect.internal.Trees$Apply, auto import position was Some(AutoImportPosition(173,0,false))
May 30, 2026 3:48:17 PM scala.meta.internal.pc.AutoImportsProvider$$anonfun$1 applyOrElse
WARNING: Could not infer edits for riscv.PcPayload, tree around the position were scala.reflect.internal.Trees$Ident,scala.reflect.internal.Trees$Apply,scala.reflect.internal.Trees$Select,scala.reflect.internal.Trees$Select,scala.reflect.internal.Trees$Apply, auto import position was Some(AutoImportPosition(173,0,false))
May 30, 2026 3:48:17 PM scala.meta.internal.pc.AutoImportsProvider$$anonfun$1 applyOrElse
WARNING: Could not infer edits for riscv.PcPayload, tree around the position were scala.reflect.internal.Trees$Ident,scala.reflect.internal.Trees$Apply,scala.reflect.internal.Trees$Select,scala.reflect.internal.Trees$Select,scala.reflect.internal.Trees$Apply, auto import position was Some(AutoImportPosition(173,0,false))
2026.05.30 15:48:17 WARN  Could not find semantic tokens for: file:///Users/robbetiteca/projects/school/thesis/ecosystem-randomized-cache/core/src/main/scala/riscv/plugins/Cache.scala
May 30, 2026 3:48:18 PM scala.meta.internal.pc.CompilerAccess retryWithCleanCompiler
INFO: compiler crashed due to an error in the Scala compiler, retrying with new compiler instance.
May 30, 2026 3:48:18 PM scala.meta.internal.pc.AutoImportsProvider$$anonfun$1 applyOrElse
WARNING: Could not infer edits for riscv.PcPayload, tree around the position were scala.reflect.internal.Trees$Ident,scala.reflect.internal.Trees$Apply,scala.reflect.internal.Trees$Apply,scala.reflect.internal.Trees$Select,scala.reflect.internal.Trees$Select, auto import position was Some(AutoImportPosition(173,0,false))
May 30, 2026 3:48:18 PM scala.meta.internal.pc.AutoImportsProvider$$anonfun$1 applyOrElse
WARNING: Could not infer edits for riscv.PcPayload, tree around the position were scala.reflect.internal.Trees$Ident,scala.reflect.internal.Trees$Apply,scala.reflect.internal.Trees$Apply,scala.reflect.internal.Trees$Select,scala.reflect.internal.Trees$Select, auto import position was Some(AutoImportPosition(173,0,false))
May 30, 2026 3:48:19 PM scala.meta.internal.pc.CompilerAccess retryWithCleanCompiler
INFO: compiler crashed due to an error in the Scala compiler, retrying with new compiler instance.
May 30, 2026 3:48:19 PM scala.meta.internal.pc.AutoImportsProvider$$anonfun$1 applyOrElse
WARNING: Could not infer edits for riscv.PcPayload, tree around the position were scala.reflect.internal.Trees$Ident,scala.reflect.internal.Trees$Apply,scala.reflect.internal.Trees$Apply,scala.reflect.internal.Trees$Select,scala.reflect.internal.Trees$Select, auto import position was Some(AutoImportPosition(173,0,false))
May 30, 2026 3:48:19 PM scala.meta.internal.pc.AutoImportsProvider$$anonfun$1 applyOrElse
WARNING: Could not infer edits for riscv.PcPayload, tree around the position were scala.reflect.internal.Trees$Select,scala.reflect.internal.Trees$Select,scala.reflect.internal.Trees$Apply,scala.reflect.internal.Trees$Apply,scala.reflect.internal.Trees$Apply, auto import position was Some(AutoImportPosition(173,0,false))
May 30, 2026 3:48:19 PM scala.meta.internal.pc.CompilerAccess retryWithCleanCompiler
INFO: compiler crashed due to an error in the Scala compiler, retrying with new compiler instance.
May 30, 2026 3:48:19 PM scala.meta.internal.pc.AutoImportsProvider$$anonfun$1 applyOrElse
WARNING: Could not infer edits for riscv.PcPayload, tree around the position were scala.reflect.internal.Trees$Ident,scala.reflect.internal.Trees$Apply,scala.reflect.internal.Trees$Select,scala.reflect.internal.Trees$Select,scala.reflect.internal.Trees$Apply, auto import position was Some(AutoImportPosition(173,0,false))
May 30, 2026 3:48:20 PM scala.meta.internal.pc.AutoImportsProvider$$anonfun$1 applyOrElse
WARNING: Could not infer edits for riscv.PcPayload, tree around the position were scala.reflect.internal.Trees$Select,scala.reflect.internal.Trees$Select,scala.reflect.internal.Trees$Apply,scala.reflect.internal.Trees$Apply,scala.reflect.internal.Trees$Apply, auto import position was Some(AutoImportPosition(173,0,false))
May 30, 2026 3:48:20 PM scala.meta.internal.pc.AutoImportsProvider$$anonfun$1 applyOrElse
WARNING: Could not infer edits for riscv.PcPayload, tree around the position were scala.reflect.internal.Trees$Ident,scala.reflect.internal.Trees$Apply,scala.reflect.internal.Trees$Select,scala.reflect.internal.Trees$Select,scala.reflect.internal.Trees$Apply, auto import position was Some(AutoImportPosition(173,0,false))
2026.05.30 15:48:20 INFO  compiling core (1 scala source)
2026.05.30 15:48:20 INFO  time: compiled core in 0.21s
May 30, 2026 3:48:21 PM org.eclipse.lsp4j.jsonrpc.RemoteEndpoint handleCancellation
WARNING: Unmatched cancel notification for request id 16862
May 30, 2026 3:48:25 PM org.eclipse.lsp4j.jsonrpc.RemoteEndpoint handleCancellation
WARNING: Unmatched cancel notification for request id 16920
2026.05.30 15:48:34 INFO  compiling core (1 scala source)
2026.05.30 15:48:34 INFO  time: compiled core in 0.21s
2026.05.30 15:48:42 INFO  compiling core (1 scala source)
2026.05.30 15:48:42 INFO  time: compiled core in 0.16s
May 30, 2026 3:49:33 PM org.eclipse.lsp4j.jsonrpc.RemoteEndpoint handleCancellation
WARNING: Unmatched cancel notification for request id 17356
2026.05.30 15:49:34 INFO  compiling core (1 scala source)
2026.05.30 15:49:34 INFO  time: compiled core in 0.21s
2026.05.30 15:49:47 INFO  compiling core (1 scala source)
2026.05.30 15:49:47 INFO  time: compiled core in 89ms
2026.05.30 15:50:00 INFO  compiling core (1 scala source)
2026.05.30 15:50:00 INFO  time: compiled core in 0.19s
2026.05.30 15:50:20 INFO  compiling core (1 scala source)
2026.05.30 15:50:20 INFO  time: compiled core in 0.17s
May 30, 2026 3:50:21 PM scala.meta.internal.pc.CompilerAccess retryWithCleanCompiler
INFO: compiler crashed due to an error in the Scala compiler, retrying with new compiler instance.
May 30, 2026 3:50:22 PM scala.meta.internal.pc.CompilerAccess retryWithCleanCompiler
INFO: compiler crashed due to an error in the Scala compiler, retrying with new compiler instance.
May 30, 2026 3:50:22 PM scala.meta.internal.pc.AutoImportsProvider$$anonfun$1 applyOrElse
WARNING: Could not infer edits for riscv.PcPayload, tree around the position were scala.reflect.internal.Trees$Ident,scala.reflect.internal.Trees$Apply,scala.reflect.internal.Trees$Select,scala.reflect.internal.Trees$Apply,scala.reflect.internal.Trees$Select, auto import position was Some(AutoImportPosition(173,0,false))
2026.05.30 15:50:22 INFO  compiling core (1 scala source)
2026.05.30 15:50:22 INFO  time: compiled core in 0.15s
2026.05.30 15:50:26 INFO  compiling core (1 scala source)
2026.05.30 15:50:26 INFO  time: compiled core in 0.3s
2026.05.30 15:51:33 INFO  compiling core (1 scala source)
2026.05.30 15:51:33 INFO  time: compiled core in 0.23s
2026.05.30 15:52:30 INFO  compiling core (1 scala source)
2026.05.30 15:52:30 INFO  time: compiled core in 0.17s
2026.05.30 15:52:57 INFO  compiling core (1 scala source)
2026.05.30 15:52:57 INFO  time: compiled core in 0.24s
May 30, 2026 3:53:31 PM org.eclipse.lsp4j.jsonrpc.RemoteEndpoint handleCancellation
WARNING: Unmatched cancel notification for request id 18417
May 30, 2026 3:53:31 PM org.eclipse.lsp4j.jsonrpc.RemoteEndpoint handleCancellation
WARNING: Unmatched cancel notification for request id 18426
2026.05.30 15:53:32 WARN  Could not find semantic tokens for: file:///Users/robbetiteca/projects/school/thesis/ecosystem-randomized-cache/core/src/main/scala/riscv/plugins/Cache.scala
May 30, 2026 3:53:32 PM org.eclipse.lsp4j.jsonrpc.RemoteEndpoint handleCancellation
WARNING: Unmatched cancel notification for request id 18430
2026.05.30 15:53:41 INFO  compiling core (1 scala source)
2026.05.30 15:53:41 INFO  time: compiled core in 0.17s
2026.05.30 15:53:51 INFO  compiling core (1 scala source)
2026.05.30 15:53:51 INFO  time: compiled core in 0.17s
2026.05.30 15:54:04 INFO  Created report: Optional[file:///Users/robbetiteca/projects/school/thesis/ecosystem-randomized-cache/core/src/main/scala/riscv/plugins/Cache.scala]
2026.05.30 15:54:04 INFO  empty definition using pc, found symbol in pc:  (full report at: "/Users/robbetiteca/projects/school/thesis/ecosystem-randomized-cache/.metals/.reports/metals-full/2026-05-30/r_empty-definition_(core)_15-54-04-907.md")
2026.05.30 15:54:04 INFO  empty definition using pc, found symbol in pc:  (full report at: "/Users/robbetiteca/projects/school/thesis/ecosystem-randomized-cache/.metals/.reports/metals-full/2026-05-30/r_empty-definition_(core)_15-54-04-907.md")
2026.05.30 15:54:05 INFO  empty definition using pc, found symbol in pc:  (full report at: "/Users/robbetiteca/projects/school/thesis/ecosystem-randomized-cache/.metals/.reports/metals-full/2026-05-30/r_empty-definition_(core)_15-54-04-907.md")
2026.05.30 15:54:05 INFO  empty definition using pc, found symbol in pc:  (full report at: "/Users/robbetiteca/projects/school/thesis/ecosystem-randomized-cache/.metals/.reports/metals-full/2026-05-30/r_empty-definition_(core)_15-54-04-907.md")
2026.05.30 15:54:05 INFO  empty definition using pc, found symbol in pc:  (full report at: "/Users/robbetiteca/projects/school/thesis/ecosystem-randomized-cache/.metals/.reports/metals-full/2026-05-30/r_empty-definition_(core)_15-54-04-907.md")
2026.05.30 15:54:05 INFO  empty definition using pc, found symbol in pc:  (full report at: "/Users/robbetiteca/projects/school/thesis/ecosystem-randomized-cache/.metals/.reports/metals-full/2026-05-30/r_empty-definition_(core)_15-54-04-907.md")
2026.05.30 15:54:06 INFO  empty definition using pc, found symbol in pc:  (full report at: "/Users/robbetiteca/projects/school/thesis/ecosystem-randomized-cache/.metals/.reports/metals-full/2026-05-30/r_empty-definition_(core)_15-54-04-907.md")
May 30, 2026 3:54:15 PM org.eclipse.lsp4j.jsonrpc.RemoteEndpoint handleCancellation
WARNING: Unmatched cancel notification for request id 18666
May 30, 2026 3:54:15 PM org.eclipse.lsp4j.jsonrpc.RemoteEndpoint handleCancellation
WARNING: Unmatched cancel notification for request id 18667
May 30, 2026 3:54:21 PM org.eclipse.lsp4j.jsonrpc.RemoteEndpoint handleCancellation
WARNING: Unmatched cancel notification for request id 18781
May 30, 2026 3:54:39 PM org.eclipse.lsp4j.jsonrpc.RemoteEndpoint handleCancellation
WARNING: Unmatched cancel notification for request id 18944
May 30, 2026 3:54:40 PM org.eclipse.lsp4j.jsonrpc.RemoteEndpoint handleCancellation
WARNING: Unmatched cancel notification for request id 18946
May 30, 2026 3:54:40 PM org.eclipse.lsp4j.jsonrpc.RemoteEndpoint handleCancellation
WARNING: Unmatched cancel notification for request id 18941
May 30, 2026 3:54:40 PM org.eclipse.lsp4j.jsonrpc.RemoteEndpoint handleCancellation
WARNING: Unmatched cancel notification for request id 18952
2026.05.30 15:54:40 WARN  Could not find semantic tokens for: file:///Users/robbetiteca/projects/school/thesis/ecosystem-randomized-cache/core/src/main/scala/riscv/plugins/Cache.scala
May 30, 2026 3:54:44 PM org.eclipse.lsp4j.jsonrpc.RemoteEndpoint handleCancellation
WARNING: Unmatched cancel notification for request id 18970
May 30, 2026 3:54:45 PM org.eclipse.lsp4j.jsonrpc.RemoteEndpoint handleCancellation
WARNING: Unmatched cancel notification for request id 18973
May 30, 2026 3:54:45 PM org.eclipse.lsp4j.jsonrpc.RemoteEndpoint handleCancellation
WARNING: Unmatched cancel notification for request id 18979
May 30, 2026 3:54:45 PM org.eclipse.lsp4j.jsonrpc.RemoteEndpoint handleCancellation
WARNING: Unmatched cancel notification for request id 18981
May 30, 2026 3:54:45 PM org.eclipse.lsp4j.jsonrpc.RemoteEndpoint handleCancellation
WARNING: Unmatched cancel notification for request id 18976
May 30, 2026 3:54:45 PM org.eclipse.lsp4j.jsonrpc.RemoteEndpoint handleCancellation
WARNING: Unmatched cancel notification for request id 18987
May 30, 2026 3:54:45 PM org.eclipse.lsp4j.jsonrpc.RemoteEndpoint handleCancellation
WARNING: Unmatched cancel notification for request id 18984
May 30, 2026 3:54:46 PM org.eclipse.lsp4j.jsonrpc.RemoteEndpoint handleCancellation
WARNING: Unmatched cancel notification for request id 18982
May 30, 2026 3:54:46 PM org.eclipse.lsp4j.jsonrpc.RemoteEndpoint handleCancellation
WARNING: Unmatched cancel notification for request id 18989
May 30, 2026 3:54:46 PM org.eclipse.lsp4j.jsonrpc.RemoteEndpoint handleCancellation
WARNING: Unmatched cancel notification for request id 18983
May 30, 2026 3:54:46 PM org.eclipse.lsp4j.jsonrpc.RemoteEndpoint handleCancellation
WARNING: Unmatched cancel notification for request id 18990
May 30, 2026 3:54:46 PM org.eclipse.lsp4j.jsonrpc.RemoteEndpoint handleCancellation
WARNING: Unmatched cancel notification for request id 18992
May 30, 2026 3:54:46 PM org.eclipse.lsp4j.jsonrpc.RemoteEndpoint handleCancellation
WARNING: Unmatched cancel notification for request id 18993
May 30, 2026 3:54:46 PM org.eclipse.lsp4j.jsonrpc.RemoteEndpoint handleCancellation
WARNING: Unmatched cancel notification for request id 18995
May 30, 2026 3:54:46 PM org.eclipse.lsp4j.jsonrpc.RemoteEndpoint handleCancellation
WARNING: Unmatched cancel notification for request id 18985
May 30, 2026 3:54:46 PM org.eclipse.lsp4j.jsonrpc.RemoteEndpoint handleCancellation
WARNING: Unmatched cancel notification for request id 18996
May 30, 2026 3:54:46 PM org.eclipse.lsp4j.jsonrpc.RemoteEndpoint handleCancellation
WARNING: Unmatched cancel notification for request id 18999
May 30, 2026 3:54:47 PM org.eclipse.lsp4j.jsonrpc.RemoteEndpoint handleCancellation
WARNING: Unmatched cancel notification for request id 19002
May 30, 2026 3:54:47 PM org.eclipse.lsp4j.jsonrpc.RemoteEndpoint handleCancellation
WARNING: Unmatched cancel notification for request id 18998
May 30, 2026 3:54:47 PM org.eclipse.lsp4j.jsonrpc.RemoteEndpoint handleCancellation
WARNING: Unmatched cancel notification for request id 19005
May 30, 2026 3:54:47 PM org.eclipse.lsp4j.jsonrpc.RemoteEndpoint handleCancellation
WARNING: Unmatched cancel notification for request id 19007
May 30, 2026 3:54:47 PM org.eclipse.lsp4j.jsonrpc.RemoteEndpoint handleCancellation
WARNING: Unmatched cancel notification for request id 19008
May 30, 2026 3:54:47 PM org.eclipse.lsp4j.jsonrpc.RemoteEndpoint handleCancellation
WARNING: Unmatched cancel notification for request id 19011
May 30, 2026 3:54:47 PM org.eclipse.lsp4j.jsonrpc.RemoteEndpoint handleCancellation
WARNING: Unmatched cancel notification for request id 19010
May 30, 2026 3:54:47 PM org.eclipse.lsp4j.jsonrpc.RemoteEndpoint handleCancellation
WARNING: Unmatched cancel notification for request id 19015
2026.05.30 15:54:48 WARN  Could not find semantic tokens for: file:///Users/robbetiteca/projects/school/thesis/ecosystem-randomized-cache/core/src/main/scala/riscv/plugins/Cache.scala
May 30, 2026 3:54:49 PM org.eclipse.lsp4j.jsonrpc.RemoteEndpoint handleCancellation
WARNING: Unmatched cancel notification for request id 19030
May 30, 2026 3:54:49 PM org.eclipse.lsp4j.jsonrpc.RemoteEndpoint handleCancellation
WARNING: Unmatched cancel notification for request id 19029
May 30, 2026 3:54:49 PM org.eclipse.lsp4j.jsonrpc.RemoteEndpoint handleCancellation
WARNING: Unmatched cancel notification for request id 19036
2026.05.30 15:54:49 WARN  Could not find semantic tokens for: file:///Users/robbetiteca/projects/school/thesis/ecosystem-randomized-cache/core/src/main/scala/riscv/plugins/Cache.scala
2026.05.30 15:54:51 WARN  High memory usage detected: 95% (1946 MB / 2048 MB)
May 30, 2026 3:54:54 PM org.eclipse.lsp4j.jsonrpc.RemoteEndpoint handleCancellation
WARNING: Unmatched cancel notification for request id 19081
May 30, 2026 3:54:54 PM org.eclipse.lsp4j.jsonrpc.RemoteEndpoint handleCancellation
WARNING: Unmatched cancel notification for request id 19086
May 30, 2026 3:54:55 PM org.eclipse.lsp4j.jsonrpc.RemoteEndpoint handleCancellation
WARNING: Unmatched cancel notification for request id 19095
May 30, 2026 3:54:55 PM org.eclipse.lsp4j.jsonrpc.RemoteEndpoint handleCancellation
WARNING: Unmatched cancel notification for request id 19097
May 30, 2026 3:54:55 PM org.eclipse.lsp4j.jsonrpc.RemoteEndpoint handleCancellation
WARNING: Unmatched cancel notification for request id 19099
May 30, 2026 3:54:56 PM org.eclipse.lsp4j.jsonrpc.RemoteEndpoint handleCancellation
WARNING: Unmatched cancel notification for request id 19102
May 30, 2026 3:54:57 PM org.eclipse.lsp4j.jsonrpc.RemoteEndpoint handleCancellation
WARNING: Unmatched cancel notification for request id 19127
May 30, 2026 3:54:58 PM org.eclipse.lsp4j.jsonrpc.RemoteEndpoint handleCancellation
WARNING: Unmatched cancel notification for request id 19128
May 30, 2026 3:54:58 PM org.eclipse.lsp4j.jsonrpc.RemoteEndpoint handleCancellation
WARNING: Unmatched cancel notification for request id 19134
2026.05.30 15:54:58 INFO  compiling core (1 scala source)
2026.05.30 15:54:58 INFO  time: compiled core in 0.38s
2026.05.30 15:55:03 INFO  empty definition using pc, found symbol in pc:  (full report at: "/Users/robbetiteca/projects/school/thesis/ecosystem-randomized-cache/.metals/.reports/metals-full/2026-05-30/r_empty-definition_(core)_15-54-04-907.md")
2026.05.30 15:55:26 INFO  compiling core (1 scala source)
2026.05.30 15:55:26 INFO  time: compiled core in 0.18s
2026.05.30 15:55:29 INFO  compiling core (1 scala source)
2026.05.30 15:55:29 INFO  time: compiled core in 0.13s
May 30, 2026 3:56:43 PM org.eclipse.lsp4j.jsonrpc.RemoteEndpoint handleCancellation
WARNING: Unmatched cancel notification for request id 19622
May 30, 2026 3:56:44 PM org.eclipse.lsp4j.jsonrpc.RemoteEndpoint handleCancellation
WARNING: Unmatched cancel notification for request id 19637
May 30, 2026 3:56:44 PM org.eclipse.lsp4j.jsonrpc.RemoteEndpoint handleCancellation
WARNING: Unmatched cancel notification for request id 19639
2026.05.30 15:56:45 WARN  Could not find semantic tokens for: file:///Users/robbetiteca/projects/school/thesis/ecosystem-randomized-cache/core/src/main/scala/riscv/plugins/Cache.scala
May 30, 2026 3:56:45 PM org.eclipse.lsp4j.jsonrpc.RemoteEndpoint handleCancellation
WARNING: Unmatched cancel notification for request id 19644
2026.05.30 15:56:46 WARN  Could not find semantic tokens for: file:///Users/robbetiteca/projects/school/thesis/ecosystem-randomized-cache/core/src/main/scala/riscv/plugins/Cache.scala
May 30, 2026 3:56:46 PM org.eclipse.lsp4j.jsonrpc.RemoteEndpoint handleCancellation
WARNING: Unmatched cancel notification for request id 19661
May 30, 2026 3:56:46 PM org.eclipse.lsp4j.jsonrpc.RemoteEndpoint handleCancellation
WARNING: Unmatched cancel notification for request id 19671
May 30, 2026 3:56:47 PM org.eclipse.lsp4j.jsonrpc.RemoteEndpoint handleCancellation
WARNING: Unmatched cancel notification for request id 19678
May 30, 2026 3:56:47 PM org.eclipse.lsp4j.jsonrpc.RemoteEndpoint handleCancellation
WARNING: Unmatched cancel notification for request id 19688
May 30, 2026 3:56:47 PM org.eclipse.lsp4j.jsonrpc.RemoteEndpoint handleCancellation
WARNING: Unmatched cancel notification for request id 19690
May 30, 2026 3:56:49 PM org.eclipse.lsp4j.jsonrpc.RemoteEndpoint handleCancellation
WARNING: Unmatched cancel notification for request id 19713
May 30, 2026 3:56:49 PM org.eclipse.lsp4j.jsonrpc.RemoteEndpoint handleCancellation
WARNING: Unmatched cancel notification for request id 19715
2026.05.30 15:56:49 WARN  Could not find semantic tokens for: file:///Users/robbetiteca/projects/school/thesis/ecosystem-randomized-cache/core/src/main/scala/riscv/plugins/Cache.scala
2026.05.30 15:56:53 WARN  Could not find semantic tokens for: file:///Users/robbetiteca/projects/school/thesis/ecosystem-randomized-cache/core/src/main/scala/riscv/plugins/Cache.scala
May 30, 2026 3:56:53 PM org.eclipse.lsp4j.jsonrpc.RemoteEndpoint handleCancellation
WARNING: Unmatched cancel notification for request id 19752
May 30, 2026 3:56:53 PM org.eclipse.lsp4j.jsonrpc.RemoteEndpoint handleCancellation
WARNING: Unmatched cancel notification for request id 19758
2026.05.30 15:56:55 WARN  Could not find semantic tokens for: file:///Users/robbetiteca/projects/school/thesis/ecosystem-randomized-cache/core/src/main/scala/riscv/plugins/Cache.scala
May 30, 2026 3:56:55 PM org.eclipse.lsp4j.jsonrpc.RemoteEndpoint handleCancellation
WARNING: Unmatched cancel notification for request id 19776
May 30, 2026 3:56:55 PM org.eclipse.lsp4j.jsonrpc.RemoteEndpoint handleCancellation
WARNING: Unmatched cancel notification for request id 19781
May 30, 2026 3:56:56 PM org.eclipse.lsp4j.jsonrpc.RemoteEndpoint handleCancellation
WARNING: Unmatched cancel notification for request id 19786
May 30, 2026 3:57:01 PM org.eclipse.lsp4j.jsonrpc.RemoteEndpoint handleCancellation
WARNING: Unmatched cancel notification for request id 19819
May 30, 2026 3:57:01 PM org.eclipse.lsp4j.jsonrpc.RemoteEndpoint handleCancellation
WARNING: Unmatched cancel notification for request id 19825
May 30, 2026 3:57:04 PM org.eclipse.lsp4j.jsonrpc.RemoteEndpoint handleCancellation
WARNING: Unmatched cancel notification for request id 19849
May 30, 2026 3:57:04 PM org.eclipse.lsp4j.jsonrpc.RemoteEndpoint handleCancellation
WARNING: Unmatched cancel notification for request id 19863
2026.05.30 15:57:04 INFO  compiling core (1 scala source)
2026.05.30 15:57:04 INFO  time: compiled core in 23ms
2026.05.30 15:57:05 INFO  time: code lens generation in 1.1s
May 30, 2026 3:57:08 PM org.eclipse.lsp4j.jsonrpc.RemoteEndpoint handleCancellation
WARNING: Unmatched cancel notification for request id 19893
2026.05.30 15:57:09 INFO  compiling core (1 scala source)
2026.05.30 15:57:09 INFO  time: compiled core in 0.18s
2026.05.30 15:57:21 INFO  compiling core (1 scala source)
2026.05.30 15:57:21 INFO  time: compiled core in 0.2s
2026.05.30 15:57:39 INFO  compiling core (1 scala source)
2026.05.30 15:57:39 INFO  time: compiled core in 0.19s
2026.05.30 15:58:24 INFO  compiling core (1 scala source)
2026.05.30 15:58:24 INFO  time: compiled core in 0.16s
2026.05.30 15:58:28 INFO  compiling core (1 scala source)
2026.05.30 15:58:28 INFO  time: compiled core in 0.15s
2026.05.30 15:58:29 INFO  compiling core (1 scala source)
2026.05.30 15:58:29 INFO  time: compiled core in 0.12s
2026.05.30 15:58:45 INFO  compiling core (1 scala source)
2026.05.30 15:58:45 INFO  time: compiled core in 74ms
2026.05.30 15:58:53 INFO  compiling core (1 scala source)
2026.05.30 15:58:53 INFO  time: compiled core in 0.13s
May 30, 2026 3:59:10 PM org.eclipse.lsp4j.jsonrpc.RemoteEndpoint handleCancellation
WARNING: Unmatched cancel notification for request id 20429
May 30, 2026 3:59:19 PM org.eclipse.lsp4j.jsonrpc.RemoteEndpoint handleCancellation
WARNING: Unmatched cancel notification for request id 20464
May 30, 2026 3:59:20 PM org.eclipse.lsp4j.jsonrpc.RemoteEndpoint handleCancellation
WARNING: Unmatched cancel notification for request id 20466
May 30, 2026 3:59:20 PM org.eclipse.lsp4j.jsonrpc.RemoteEndpoint handleCancellation
WARNING: Unmatched cancel notification for request id 20469
May 30, 2026 3:59:20 PM org.eclipse.lsp4j.jsonrpc.RemoteEndpoint handleCancellation
WARNING: Unmatched cancel notification for request id 20472
May 30, 2026 3:59:20 PM org.eclipse.lsp4j.jsonrpc.RemoteEndpoint handleCancellation
WARNING: Unmatched cancel notification for request id 20474
2026.05.30 15:59:20 WARN  Could not find semantic tokens for: file:///Users/robbetiteca/projects/school/thesis/ecosystem-randomized-cache/core/src/main/scala/riscv/plugins/Cache.scala
May 30, 2026 3:59:25 PM org.eclipse.lsp4j.jsonrpc.RemoteEndpoint handleCancellation
WARNING: Unmatched cancel notification for request id 20529
2026.05.30 15:59:25 WARN  Could not find semantic tokens for: file:///Users/robbetiteca/projects/school/thesis/ecosystem-randomized-cache/core/src/main/scala/riscv/plugins/Cache.scala
May 30, 2026 3:59:25 PM org.eclipse.lsp4j.jsonrpc.RemoteEndpoint handleCancellation
WARNING: Unmatched cancel notification for request id 20532
May 30, 2026 3:59:26 PM org.eclipse.lsp4j.jsonrpc.RemoteEndpoint handleCancellation
WARNING: Unmatched cancel notification for request id 20534
2026.05.30 15:59:26 WARN  Could not find semantic tokens for: file:///Users/robbetiteca/projects/school/thesis/ecosystem-randomized-cache/core/src/main/scala/riscv/plugins/Cache.scala
May 30, 2026 3:59:26 PM org.eclipse.lsp4j.jsonrpc.RemoteEndpoint handleCancellation
WARNING: Unmatched cancel notification for request id 20540
May 30, 2026 3:59:26 PM org.eclipse.lsp4j.jsonrpc.RemoteEndpoint handleCancellation
WARNING: Unmatched cancel notification for request id 20545
2026.05.30 15:59:26 WARN  Could not find semantic tokens for: file:///Users/robbetiteca/projects/school/thesis/ecosystem-randomized-cache/core/src/main/scala/riscv/plugins/Cache.scala
May 30, 2026 3:59:26 PM org.eclipse.lsp4j.jsonrpc.RemoteEndpoint handleCancellation
WARNING: Unmatched cancel notification for request id 20548
May 30, 2026 3:59:27 PM org.eclipse.lsp4j.jsonrpc.RemoteEndpoint handleCancellation
WARNING: Unmatched cancel notification for request id 20556
2026.05.30 15:59:27 WARN  Could not find semantic tokens for: file:///Users/robbetiteca/projects/school/thesis/ecosystem-randomized-cache/core/src/main/scala/riscv/plugins/Cache.scala
2026.05.30 15:59:27 WARN  Could not find semantic tokens for: file:///Users/robbetiteca/projects/school/thesis/ecosystem-randomized-cache/core/src/main/scala/riscv/plugins/Cache.scala
May 30, 2026 3:59:29 PM scala.meta.internal.pc.AutoImportsProvider$$anonfun$1 applyOrElse
WARNING: Could not infer edits for riscv.plugins.Cache, tree around the position were scala.reflect.internal.Trees$Ident,scala.reflect.internal.Trees$Select,scala.reflect.internal.Trees$Apply,scala.reflect.internal.Trees$If,scala.reflect.internal.Trees$Apply, auto import position was Some(AutoImportPosition(173,0,false))
2026.05.30 15:59:29 INFO  compiling core (1 scala source)
May 30, 2026 3:59:29 PM scala.meta.internal.pc.AutoImportsProvider$$anonfun$1 applyOrElse
WARNING: Could not infer edits for riscv.plugins.Cache, tree around the position were scala.reflect.internal.Trees$Ident,scala.reflect.internal.Trees$Select,scala.reflect.internal.Trees$Apply,scala.reflect.internal.Trees$If,scala.reflect.internal.Trees$Block, auto import position was Some(AutoImportPosition(173,0,false))
2026.05.30 15:59:29 INFO  time: compiled core in 0.12s
2026.05.30 15:59:42 INFO  compiling core (1 scala source)
2026.05.30 15:59:42 INFO  time: compiled core in 0.11s
2026.05.30 15:59:47 INFO  compiling core (1 scala source)
2026.05.30 15:59:47 INFO  time: compiled core in 43ms
2026.05.30 15:59:56 INFO  compiling core (1 scala source)
2026.05.30 15:59:56 INFO  time: compiled core in 67ms
2026.05.30 16:00:02 INFO  compiling core (1 scala source)
2026.05.30 16:00:02 INFO  time: compiled core in 0.2s
May 30, 2026 4:00:17 PM org.eclipse.lsp4j.jsonrpc.RemoteEndpoint handleCancellation
WARNING: Unmatched cancel notification for request id 21070
May 30, 2026 4:00:17 PM org.eclipse.lsp4j.jsonrpc.RemoteEndpoint handleCancellation
WARNING: Unmatched cancel notification for request id 21072
May 30, 2026 4:00:17 PM org.eclipse.lsp4j.jsonrpc.RemoteEndpoint handleCancellation
WARNING: Unmatched cancel notification for request id 21074
May 30, 2026 4:00:17 PM org.eclipse.lsp4j.jsonrpc.RemoteEndpoint handleCancellation
WARNING: Unmatched cancel notification for request id 21075
May 30, 2026 4:00:17 PM org.eclipse.lsp4j.jsonrpc.RemoteEndpoint handleCancellation
WARNING: Unmatched cancel notification for request id 21077
May 30, 2026 4:00:17 PM org.eclipse.lsp4j.jsonrpc.RemoteEndpoint handleCancellation
WARNING: Unmatched cancel notification for request id 21079
May 30, 2026 4:00:17 PM org.eclipse.lsp4j.jsonrpc.RemoteEndpoint handleCancellation
WARNING: Unmatched cancel notification for request id 21083
May 30, 2026 4:00:17 PM org.eclipse.lsp4j.jsonrpc.RemoteEndpoint handleCancellation
WARNING: Unmatched cancel notification for request id 21082
May 30, 2026 4:00:17 PM org.eclipse.lsp4j.jsonrpc.RemoteEndpoint handleCancellation
WARNING: Unmatched cancel notification for request id 21084
May 30, 2026 4:00:18 PM org.eclipse.lsp4j.jsonrpc.RemoteEndpoint handleCancellation
WARNING: Unmatched cancel notification for request id 21086
2026.05.30 16:00:19 WARN  Could not find semantic tokens for: file:///Users/robbetiteca/projects/school/thesis/ecosystem-randomized-cache/core/src/main/scala/riscv/plugins/Cache.scala
May 30, 2026 4:00:20 PM org.eclipse.lsp4j.jsonrpc.RemoteEndpoint handleCancellation
WARNING: Unmatched cancel notification for request id 21122
2026.05.30 16:00:21 WARN  Could not find semantic tokens for: file:///Users/robbetiteca/projects/school/thesis/ecosystem-randomized-cache/core/src/main/scala/riscv/plugins/Cache.scala
May 30, 2026 4:00:21 PM org.eclipse.lsp4j.jsonrpc.RemoteEndpoint handleCancellation
WARNING: Unmatched cancel notification for request id 21141
May 30, 2026 4:00:21 PM org.eclipse.lsp4j.jsonrpc.RemoteEndpoint handleCancellation
WARNING: Unmatched cancel notification for request id 21142
May 30, 2026 4:00:21 PM org.eclipse.lsp4j.jsonrpc.RemoteEndpoint handleCancellation
WARNING: Unmatched cancel notification for request id 21149
May 30, 2026 4:00:22 PM org.eclipse.lsp4j.jsonrpc.RemoteEndpoint handleCancellation
WARNING: Unmatched cancel notification for request id 21154
May 30, 2026 4:00:22 PM org.eclipse.lsp4j.jsonrpc.RemoteEndpoint handleCancellation
WARNING: Unmatched cancel notification for request id 21155
May 30, 2026 4:00:22 PM org.eclipse.lsp4j.jsonrpc.RemoteEndpoint handleCancellation
WARNING: Unmatched cancel notification for request id 21153
May 30, 2026 4:00:22 PM org.eclipse.lsp4j.jsonrpc.RemoteEndpoint handleCancellation
WARNING: Unmatched cancel notification for request id 21159
2026.05.30 16:00:22 WARN  Could not find semantic tokens for: file:///Users/robbetiteca/projects/school/thesis/ecosystem-randomized-cache/core/src/main/scala/riscv/plugins/Cache.scala
2026.05.30 16:00:28 INFO  compiling core (1 scala source)
2026.05.30 16:00:28 INFO  time: compiled core in 0.24s
May 30, 2026 4:00:31 PM org.eclipse.lsp4j.jsonrpc.RemoteEndpoint handleCancellation
WARNING: Unmatched cancel notification for request id 21212
May 30, 2026 4:00:31 PM org.eclipse.lsp4j.jsonrpc.RemoteEndpoint handleCancellation
WARNING: Unmatched cancel notification for request id 21216
May 30, 2026 4:00:31 PM org.eclipse.lsp4j.jsonrpc.RemoteEndpoint handleCancellation
WARNING: Unmatched cancel notification for request id 21229
May 30, 2026 4:00:31 PM org.eclipse.lsp4j.jsonrpc.RemoteEndpoint handleCancellation
WARNING: Unmatched cancel notification for request id 21232
May 30, 2026 4:00:37 PM org.eclipse.lsp4j.jsonrpc.RemoteEndpoint handleCancellation
WARNING: Unmatched cancel notification for request id 21276
May 30, 2026 4:00:37 PM org.eclipse.lsp4j.jsonrpc.RemoteEndpoint handleCancellation
WARNING: Unmatched cancel notification for request id 21278
May 30, 2026 4:00:37 PM org.eclipse.lsp4j.jsonrpc.RemoteEndpoint handleCancellation
WARNING: Unmatched cancel notification for request id 21282
May 30, 2026 4:00:37 PM org.eclipse.lsp4j.jsonrpc.RemoteEndpoint handleCancellation
WARNING: Unmatched cancel notification for request id 21284
May 30, 2026 4:00:37 PM org.eclipse.lsp4j.jsonrpc.RemoteEndpoint handleCancellation
WARNING: Unmatched cancel notification for request id 21287
May 30, 2026 4:00:37 PM org.eclipse.lsp4j.jsonrpc.RemoteEndpoint handleCancellation
WARNING: Unmatched cancel notification for request id 21289
May 30, 2026 4:00:41 PM org.eclipse.lsp4j.jsonrpc.RemoteEndpoint handleCancellation
WARNING: Unmatched cancel notification for request id 21330
May 30, 2026 4:00:42 PM org.eclipse.lsp4j.jsonrpc.RemoteEndpoint handleCancellation
WARNING: Unmatched cancel notification for request id 21335
May 30, 2026 4:00:42 PM org.eclipse.lsp4j.jsonrpc.RemoteEndpoint handleCancellation
WARNING: Unmatched cancel notification for request id 21336
May 30, 2026 4:00:42 PM org.eclipse.lsp4j.jsonrpc.RemoteEndpoint handleCancellation
WARNING: Unmatched cancel notification for request id 21337
May 30, 2026 4:00:42 PM org.eclipse.lsp4j.jsonrpc.RemoteEndpoint handleCancellation
WARNING: Unmatched cancel notification for request id 21339
May 30, 2026 4:00:42 PM org.eclipse.lsp4j.jsonrpc.RemoteEndpoint handleCancellation
WARNING: Unmatched cancel notification for request id 21340
May 30, 2026 4:00:42 PM org.eclipse.lsp4j.jsonrpc.RemoteEndpoint handleCancellation
WARNING: Unmatched cancel notification for request id 21343
May 30, 2026 4:00:42 PM org.eclipse.lsp4j.jsonrpc.RemoteEndpoint handleCancellation
WARNING: Unmatched cancel notification for request id 21350
May 30, 2026 4:00:42 PM org.eclipse.lsp4j.jsonrpc.RemoteEndpoint handleCancellation
WARNING: Unmatched cancel notification for request id 21352
May 30, 2026 4:00:42 PM org.eclipse.lsp4j.jsonrpc.RemoteEndpoint handleCancellation
WARNING: Unmatched cancel notification for request id 21354
May 30, 2026 4:00:43 PM org.eclipse.lsp4j.jsonrpc.RemoteEndpoint handleCancellation
WARNING: Unmatched cancel notification for request id 21357
May 30, 2026 4:00:43 PM org.eclipse.lsp4j.jsonrpc.RemoteEndpoint handleCancellation
WARNING: Unmatched cancel notification for request id 21359
May 30, 2026 4:00:43 PM org.eclipse.lsp4j.jsonrpc.RemoteEndpoint handleCancellation
WARNING: Unmatched cancel notification for request id 21362
2026.05.30 16:00:43 WARN  Could not find semantic tokens for: file:///Users/robbetiteca/projects/school/thesis/ecosystem-randomized-cache/core/src/main/scala/riscv/plugins/Cache.scala
May 30, 2026 4:00:44 PM org.eclipse.lsp4j.jsonrpc.RemoteEndpoint handleCancellation
WARNING: Unmatched cancel notification for request id 21368
May 30, 2026 4:00:44 PM org.eclipse.lsp4j.jsonrpc.RemoteEndpoint handleCancellation
WARNING: Unmatched cancel notification for request id 21366
May 30, 2026 4:00:44 PM org.eclipse.lsp4j.jsonrpc.RemoteEndpoint handleCancellation
WARNING: Unmatched cancel notification for request id 21374
May 30, 2026 4:00:44 PM org.eclipse.lsp4j.jsonrpc.RemoteEndpoint handleCancellation
WARNING: Unmatched cancel notification for request id 21375
May 30, 2026 4:00:45 PM org.eclipse.lsp4j.jsonrpc.RemoteEndpoint handleCancellation
WARNING: Unmatched cancel notification for request id 21386
May 30, 2026 4:00:51 PM org.eclipse.lsp4j.jsonrpc.RemoteEndpoint handleCancellation
WARNING: Unmatched cancel notification for request id 21435
May 30, 2026 4:00:51 PM org.eclipse.lsp4j.jsonrpc.RemoteEndpoint handleCancellation
WARNING: Unmatched cancel notification for request id 21436
May 30, 2026 4:00:52 PM org.eclipse.lsp4j.jsonrpc.RemoteEndpoint handleCancellation
WARNING: Unmatched cancel notification for request id 21447
May 30, 2026 4:00:53 PM org.eclipse.lsp4j.jsonrpc.RemoteEndpoint handleCancellation
WARNING: Unmatched cancel notification for request id 21454
May 30, 2026 4:00:53 PM org.eclipse.lsp4j.jsonrpc.RemoteEndpoint handleCancellation
WARNING: Unmatched cancel notification for request id 21457
May 30, 2026 4:00:53 PM org.eclipse.lsp4j.jsonrpc.RemoteEndpoint handleCancellation
WARNING: Unmatched cancel notification for request id 21458
May 30, 2026 4:00:53 PM org.eclipse.lsp4j.jsonrpc.RemoteEndpoint handleCancellation
WARNING: Unmatched cancel notification for request id 21460
May 30, 2026 4:00:53 PM org.eclipse.lsp4j.jsonrpc.RemoteEndpoint handleCancellation
WARNING: Unmatched cancel notification for request id 21462
May 30, 2026 4:00:53 PM org.eclipse.lsp4j.jsonrpc.RemoteEndpoint handleCancellation
WARNING: Unmatched cancel notification for request id 21465
May 30, 2026 4:00:53 PM org.eclipse.lsp4j.jsonrpc.RemoteEndpoint handleCancellation
WARNING: Unmatched cancel notification for request id 21466
May 30, 2026 4:00:53 PM org.eclipse.lsp4j.jsonrpc.RemoteEndpoint handleCancellation
WARNING: Unmatched cancel notification for request id 21453
May 30, 2026 4:00:53 PM org.eclipse.lsp4j.jsonrpc.RemoteEndpoint handleCancellation
WARNING: Unmatched cancel notification for request id 21467
May 30, 2026 4:00:53 PM org.eclipse.lsp4j.jsonrpc.RemoteEndpoint handleCancellation
WARNING: Unmatched cancel notification for request id 21469
May 30, 2026 4:00:53 PM org.eclipse.lsp4j.jsonrpc.RemoteEndpoint handleCancellation
WARNING: Unmatched cancel notification for request id 21471
May 30, 2026 4:00:53 PM org.eclipse.lsp4j.jsonrpc.RemoteEndpoint handleCancellation
WARNING: Unmatched cancel notification for request id 21473
2026.05.30 16:00:54 INFO  compiling core (1 scala source)
May 30, 2026 4:00:54 PM org.eclipse.lsp4j.jsonrpc.RemoteEndpoint handleCancellation
WARNING: Unmatched cancel notification for request id 21477
May 30, 2026 4:00:54 PM org.eclipse.lsp4j.jsonrpc.RemoteEndpoint handleCancellation
WARNING: Unmatched cancel notification for request id 21483
2026.05.30 16:00:54 INFO  time: compiled core in 59ms
2026.05.30 16:01:26 INFO  compiling core (1 scala source)
2026.05.30 16:01:26 INFO  time: compiled core in 0.22s
2026.05.30 16:01:36 INFO  compiling core (1 scala source)
2026.05.30 16:01:36 INFO  time: compiled core in 0.15s
May 30, 2026 4:01:42 PM org.eclipse.lsp4j.jsonrpc.RemoteEndpoint handleCancellation
WARNING: Unmatched cancel notification for request id 21699
May 30, 2026 4:01:42 PM org.eclipse.lsp4j.jsonrpc.RemoteEndpoint handleCancellation
WARNING: Unmatched cancel notification for request id 21701
2026.05.30 16:01:47 INFO  compiling core (1 scala source)
2026.05.30 16:01:47 INFO  time: compiled core in 0.18s
2026.05.30 16:02:01 INFO  compiling core (1 scala source)
2026.05.30 16:02:01 INFO  time: compiled core in 0.25s
May 30, 2026 4:02:04 PM org.eclipse.lsp4j.jsonrpc.RemoteEndpoint handleCancellation
WARNING: Unmatched cancel notification for request id 21787
May 30, 2026 4:02:04 PM org.eclipse.lsp4j.jsonrpc.RemoteEndpoint handleCancellation
WARNING: Unmatched cancel notification for request id 21789
May 30, 2026 4:02:04 PM org.eclipse.lsp4j.jsonrpc.RemoteEndpoint handleCancellation
WARNING: Unmatched cancel notification for request id 21792
May 30, 2026 4:02:04 PM org.eclipse.lsp4j.jsonrpc.RemoteEndpoint handleCancellation
WARNING: Unmatched cancel notification for request id 21794
May 30, 2026 4:02:07 PM org.eclipse.lsp4j.jsonrpc.RemoteEndpoint handleCancellation
WARNING: Unmatched cancel notification for request id 21852
May 30, 2026 4:02:12 PM org.eclipse.lsp4j.jsonrpc.RemoteEndpoint handleCancellation
WARNING: Unmatched cancel notification for request id 21919
May 30, 2026 4:02:12 PM org.eclipse.lsp4j.jsonrpc.RemoteEndpoint handleCancellation
WARNING: Unmatched cancel notification for request id 21923
2026.05.30 16:02:12 WARN  Could not find semantic tokens for: file:///Users/robbetiteca/projects/school/thesis/ecosystem-randomized-cache/core/src/main/scala/riscv/plugins/Cache.scala
May 30, 2026 4:02:12 PM org.eclipse.lsp4j.jsonrpc.RemoteEndpoint handleCancellation
WARNING: Unmatched cancel notification for request id 21926
May 30, 2026 4:02:12 PM org.eclipse.lsp4j.jsonrpc.RemoteEndpoint handleCancellation
WARNING: Unmatched cancel notification for request id 21928
May 30, 2026 4:02:12 PM org.eclipse.lsp4j.jsonrpc.RemoteEndpoint handleCancellation
WARNING: Unmatched cancel notification for request id 21932
2026.05.30 16:02:12 WARN  Could not find semantic tokens for: file:///Users/robbetiteca/projects/school/thesis/ecosystem-randomized-cache/core/src/main/scala/riscv/plugins/Cache.scala
May 30, 2026 4:02:12 PM org.eclipse.lsp4j.jsonrpc.RemoteEndpoint handleCancellation
WARNING: Unmatched cancel notification for request id 21936
May 30, 2026 4:02:13 PM org.eclipse.lsp4j.jsonrpc.RemoteEndpoint handleCancellation
WARNING: Unmatched cancel notification for request id 21938
2026.05.30 16:02:19 INFO  compiling core (1 scala source)
2026.05.30 16:02:19 INFO  time: compiled core in 0.18s
May 30, 2026 4:02:32 PM org.eclipse.lsp4j.jsonrpc.RemoteEndpoint handleCancellation
WARNING: Unmatched cancel notification for request id 22068
May 30, 2026 4:02:33 PM org.eclipse.lsp4j.jsonrpc.RemoteEndpoint handleCancellation
WARNING: Unmatched cancel notification for request id 22071
May 30, 2026 4:02:33 PM org.eclipse.lsp4j.jsonrpc.RemoteEndpoint handleCancellation
WARNING: Unmatched cancel notification for request id 22069
May 30, 2026 4:02:33 PM org.eclipse.lsp4j.jsonrpc.RemoteEndpoint handleCancellation
WARNING: Unmatched cancel notification for request id 22082
May 30, 2026 4:02:33 PM org.eclipse.lsp4j.jsonrpc.RemoteEndpoint handleCancellation
WARNING: Unmatched cancel notification for request id 22077
May 30, 2026 4:02:33 PM org.eclipse.lsp4j.jsonrpc.RemoteEndpoint handleCancellation
WARNING: Unmatched cancel notification for request id 22086
May 30, 2026 4:02:34 PM org.eclipse.lsp4j.jsonrpc.RemoteEndpoint handleCancellation
WARNING: Unmatched cancel notification for request id 22090
May 30, 2026 4:03:05 PM org.eclipse.lsp4j.jsonrpc.RemoteEndpoint handleCancellation
WARNING: Unmatched cancel notification for request id 22442
May 30, 2026 4:03:05 PM org.eclipse.lsp4j.jsonrpc.RemoteEndpoint handleCancellation
WARNING: Unmatched cancel notification for request id 22444
May 30, 2026 4:03:06 PM org.eclipse.lsp4j.jsonrpc.RemoteEndpoint handleCancellation
WARNING: Unmatched cancel notification for request id 22449
May 30, 2026 4:03:06 PM org.eclipse.lsp4j.jsonrpc.RemoteEndpoint handleCancellation
WARNING: Unmatched cancel notification for request id 22452
May 30, 2026 4:03:06 PM org.eclipse.lsp4j.jsonrpc.RemoteEndpoint handleCancellation
WARNING: Unmatched cancel notification for request id 22455
May 30, 2026 4:03:06 PM org.eclipse.lsp4j.jsonrpc.RemoteEndpoint handleCancellation
WARNING: Unmatched cancel notification for request id 22457
May 30, 2026 4:03:06 PM org.eclipse.lsp4j.jsonrpc.RemoteEndpoint handleCancellation
WARNING: Unmatched cancel notification for request id 22460
May 30, 2026 4:03:07 PM org.eclipse.lsp4j.jsonrpc.RemoteEndpoint handleCancellation
WARNING: Unmatched cancel notification for request id 22462
May 30, 2026 4:03:09 PM org.eclipse.lsp4j.jsonrpc.RemoteEndpoint handleCancellation
WARNING: Unmatched cancel notification for request id 22496
2026.05.30 16:03:09 WARN  Could not find semantic tokens for: file:///Users/robbetiteca/projects/school/thesis/ecosystem-randomized-cache/core/src/main/scala/riscv/plugins/Cache.scala
May 30, 2026 4:03:09 PM org.eclipse.lsp4j.jsonrpc.RemoteEndpoint handleCancellation
WARNING: Unmatched cancel notification for request id 22499
May 30, 2026 4:03:09 PM org.eclipse.lsp4j.jsonrpc.RemoteEndpoint handleCancellation
WARNING: Unmatched cancel notification for request id 22501
May 30, 2026 4:03:09 PM org.eclipse.lsp4j.jsonrpc.RemoteEndpoint handleCancellation
WARNING: Unmatched cancel notification for request id 22503
2026.05.30 16:03:09 WARN  Could not find semantic tokens for: file:///Users/robbetiteca/projects/school/thesis/ecosystem-randomized-cache/core/src/main/scala/riscv/plugins/Cache.scala
May 30, 2026 4:03:10 PM org.eclipse.lsp4j.jsonrpc.RemoteEndpoint handleCancellation
WARNING: Unmatched cancel notification for request id 22507
May 30, 2026 4:03:10 PM org.eclipse.lsp4j.jsonrpc.RemoteEndpoint handleCancellation
WARNING: Unmatched cancel notification for request id 22509
May 30, 2026 4:03:10 PM org.eclipse.lsp4j.jsonrpc.RemoteEndpoint handleCancellation
WARNING: Unmatched cancel notification for request id 22512
May 30, 2026 4:03:10 PM org.eclipse.lsp4j.jsonrpc.RemoteEndpoint handleCancellation
WARNING: Unmatched cancel notification for request id 22514
May 30, 2026 4:03:10 PM org.eclipse.lsp4j.jsonrpc.RemoteEndpoint handleCancellation
WARNING: Unmatched cancel notification for request id 22510
May 30, 2026 4:03:10 PM org.eclipse.lsp4j.jsonrpc.RemoteEndpoint handleCancellation
WARNING: Unmatched cancel notification for request id 22517
May 30, 2026 4:03:10 PM org.eclipse.lsp4j.jsonrpc.RemoteEndpoint handleCancellation
WARNING: Unmatched cancel notification for request id 22520
May 30, 2026 4:03:11 PM org.eclipse.lsp4j.jsonrpc.RemoteEndpoint handleCancellation
WARNING: Unmatched cancel notification for request id 22531
May 30, 2026 4:03:11 PM org.eclipse.lsp4j.jsonrpc.RemoteEndpoint handleCancellation
WARNING: Unmatched cancel notification for request id 22534
May 30, 2026 4:03:11 PM org.eclipse.lsp4j.jsonrpc.RemoteEndpoint handleCancellation
WARNING: Unmatched cancel notification for request id 22536
May 30, 2026 4:03:11 PM org.eclipse.lsp4j.jsonrpc.RemoteEndpoint handleCancellation
WARNING: Unmatched cancel notification for request id 22532
2026.05.30 16:03:11 WARN  Could not find semantic tokens for: file:///Users/robbetiteca/projects/school/thesis/ecosystem-randomized-cache/core/src/main/scala/riscv/plugins/Cache.scala
2026.05.30 16:03:12 INFO  compiling core (1 scala source)
2026.05.30 16:03:12 INFO  time: compiled core in 0.21s
May 30, 2026 4:03:15 PM org.eclipse.lsp4j.jsonrpc.RemoteEndpoint handleCancellation
WARNING: Unmatched cancel notification for request id 22564
2026.05.30 16:03:15 INFO  compiling core (1 scala source)
2026.05.30 16:03:15 INFO  time: compiled core in 0.18s
2026.05.30 16:03:18 INFO  compiling core (1 scala source)
2026.05.30 16:03:18 INFO  time: compiled core in 0.13s
2026.05.30 16:03:28 INFO  compiling core (1 scala source)
2026.05.30 16:03:28 INFO  time: compiled core in 0.16s
May 30, 2026 4:03:40 PM org.eclipse.lsp4j.jsonrpc.RemoteEndpoint handleCancellation
WARNING: Unmatched cancel notification for request id 22648
May 30, 2026 4:03:40 PM org.eclipse.lsp4j.jsonrpc.RemoteEndpoint handleCancellation
WARNING: Unmatched cancel notification for request id 22651
May 30, 2026 4:03:40 PM org.eclipse.lsp4j.jsonrpc.RemoteEndpoint handleCancellation
WARNING: Unmatched cancel notification for request id 22655
2026.05.30 16:03:40 INFO  compiling core (1 scala source)
2026.05.30 16:03:40 WARN  Could not find semantic tokens for: file:///Users/robbetiteca/projects/school/thesis/ecosystem-randomized-cache/core/src/main/scala/riscv/plugins/Cache.scala
2026.05.30 16:03:40 INFO  time: compiled core in 0.19s
May 30, 2026 4:03:43 PM org.eclipse.lsp4j.jsonrpc.RemoteEndpoint handleCancellation
WARNING: Unmatched cancel notification for request id 22681
2026.05.30 16:03:52 INFO  compiling core (1 scala source)
2026.05.30 16:03:52 INFO  time: compiled core in 0.17s
May 30, 2026 4:03:59 PM org.eclipse.lsp4j.jsonrpc.RemoteEndpoint handleCancellation
WARNING: Unmatched cancel notification for request id 22787
May 30, 2026 4:03:59 PM org.eclipse.lsp4j.jsonrpc.RemoteEndpoint handleCancellation
WARNING: Unmatched cancel notification for request id 22788
May 30, 2026 4:03:59 PM org.eclipse.lsp4j.jsonrpc.RemoteEndpoint handleCancellation
WARNING: Unmatched cancel notification for request id 22789
May 30, 2026 4:03:59 PM org.eclipse.lsp4j.jsonrpc.RemoteEndpoint handleCancellation
WARNING: Unmatched cancel notification for request id 22791
May 30, 2026 4:03:59 PM org.eclipse.lsp4j.jsonrpc.RemoteEndpoint handleCancellation
WARNING: Unmatched cancel notification for request id 22790
May 30, 2026 4:03:59 PM org.eclipse.lsp4j.jsonrpc.RemoteEndpoint handleCancellation
WARNING: Unmatched cancel notification for request id 22792
May 30, 2026 4:03:59 PM org.eclipse.lsp4j.jsonrpc.RemoteEndpoint handleCancellation
WARNING: Unmatched cancel notification for request id 22793
May 30, 2026 4:03:59 PM org.eclipse.lsp4j.jsonrpc.RemoteEndpoint handleCancellation
WARNING: Unmatched cancel notification for request id 22796
2026.05.30 16:04:00 WARN  Could not find semantic tokens for: file:///Users/robbetiteca/projects/school/thesis/ecosystem-randomized-cache/core/src/main/scala/riscv/plugins/Cache.scala
2026.05.30 16:04:00 INFO  compiling core (1 scala source)
2026.05.30 16:04:00 INFO  time: compiled core in 0.21s
May 30, 2026 4:04:08 PM org.eclipse.lsp4j.jsonrpc.RemoteEndpoint handleCancellation
WARNING: Unmatched cancel notification for request id 22840
May 30, 2026 4:04:09 PM org.eclipse.lsp4j.jsonrpc.RemoteEndpoint handleCancellation
WARNING: Unmatched cancel notification for request id 22850
2026.05.30 16:04:09 WARN  Could not find semantic tokens for: file:///Users/robbetiteca/projects/school/thesis/ecosystem-randomized-cache/core/src/main/scala/riscv/plugins/Cache.scala
May 30, 2026 4:04:14 PM scala.meta.internal.pc.CompletionProvider expected$1
WARNING: Range [17492, 17492 + -1) out of bounds for length 29433
May 30, 2026 4:04:15 PM org.eclipse.lsp4j.jsonrpc.RemoteEndpoint handleCancellation
WARNING: Unmatched cancel notification for request id 22936
May 30, 2026 4:04:15 PM org.eclipse.lsp4j.jsonrpc.RemoteEndpoint handleCancellation
WARNING: Unmatched cancel notification for request id 22937
2026.05.30 16:04:19 INFO  compiling core (1 scala source)
2026.05.30 16:04:19 INFO  time: compiled core in 80ms
2026.05.30 16:04:22 WARN  Could not find semantic tokens for: file:///Users/robbetiteca/projects/school/thesis/ecosystem-randomized-cache/core/src/main/scala/riscv/plugins/Cache.scala
May 30, 2026 4:04:22 PM org.eclipse.lsp4j.jsonrpc.RemoteEndpoint handleCancellation
WARNING: Unmatched cancel notification for request id 23048
2026.05.30 16:04:44 INFO  compiling core (1 scala source)
2026.05.30 16:04:44 INFO  time: compiled core in 0.16s
May 30, 2026 4:07:45 PM org.eclipse.lsp4j.jsonrpc.RemoteEndpoint handleCancellation
WARNING: Unmatched cancel notification for request id 23292
May 30, 2026 4:07:45 PM org.eclipse.lsp4j.jsonrpc.RemoteEndpoint handleCancellation
WARNING: Unmatched cancel notification for request id 23294
May 30, 2026 4:07:45 PM org.eclipse.lsp4j.jsonrpc.RemoteEndpoint handleCancellation
WARNING: Unmatched cancel notification for request id 23295
May 30, 2026 4:07:46 PM org.eclipse.lsp4j.jsonrpc.RemoteEndpoint handleCancellation
WARNING: Unmatched cancel notification for request id 23299
May 30, 2026 4:07:46 PM org.eclipse.lsp4j.jsonrpc.RemoteEndpoint handleCancellation
WARNING: Unmatched cancel notification for request id 23300
May 30, 2026 4:07:46 PM org.eclipse.lsp4j.jsonrpc.RemoteEndpoint handleCancellation
WARNING: Unmatched cancel notification for request id 23301
May 30, 2026 4:07:46 PM org.eclipse.lsp4j.jsonrpc.RemoteEndpoint handleCancellation
WARNING: Unmatched cancel notification for request id 23303
2026.05.30 16:07:47 WARN  Could not find semantic tokens for: file:///Users/robbetiteca/projects/school/thesis/ecosystem-randomized-cache/core/src/main/scala/riscv/plugins/Cache.scala
May 30, 2026 4:07:50 PM org.eclipse.lsp4j.jsonrpc.RemoteEndpoint handleCancellation
WARNING: Unmatched cancel notification for request id 23396
May 30, 2026 4:07:52 PM org.eclipse.lsp4j.jsonrpc.RemoteEndpoint handleCancellation
WARNING: Unmatched cancel notification for request id 23428
May 30, 2026 4:07:52 PM org.eclipse.lsp4j.jsonrpc.RemoteEndpoint handleCancellation
WARNING: Unmatched cancel notification for request id 23430
May 30, 2026 4:07:53 PM org.eclipse.lsp4j.jsonrpc.RemoteEndpoint handleCancellation
WARNING: Unmatched cancel notification for request id 23432
2026.05.30 16:07:53 WARN  Could not find semantic tokens for: file:///Users/robbetiteca/projects/school/thesis/ecosystem-randomized-cache/core/src/main/scala/riscv/plugins/Cache.scala
2026.05.30 16:07:53 WARN  Could not find semantic tokens for: file:///Users/robbetiteca/projects/school/thesis/ecosystem-randomized-cache/core/src/main/scala/riscv/plugins/Cache.scala
2026.05.30 16:08:01 INFO  compiling core (1 scala source)
2026.05.30 16:08:01 INFO  time: compiled core in 0.18s
May 30, 2026 4:08:26 PM org.eclipse.lsp4j.jsonrpc.RemoteEndpoint handleCancellation
WARNING: Unmatched cancel notification for request id 23496
2026.05.30 16:08:26 WARN  Could not find semantic tokens for: file:///Users/robbetiteca/projects/school/thesis/ecosystem-randomized-cache/core/src/main/scala/riscv/plugins/Cache.scala
May 30, 2026 4:08:38 PM org.eclipse.lsp4j.jsonrpc.RemoteEndpoint handleCancellation
WARNING: Unmatched cancel notification for request id 23675
May 30, 2026 4:08:41 PM scala.meta.internal.pc.AutoImportsProvider$$anonfun$1 applyOrElse
WARNING: Could not infer edits for riscv.plugins, tree around the position were scala.reflect.internal.Trees$Ident,scala.reflect.internal.Trees$Select,scala.reflect.internal.Trees$Apply,scala.reflect.internal.Trees$If,scala.reflect.internal.Trees$Block, auto import position was Some(AutoImportPosition(173,0,false))
May 30, 2026 4:08:41 PM scala.meta.internal.pc.AutoImportsProvider$$anonfun$1 applyOrElse
WARNING: Could not infer edits for riscv.plugins, tree around the position were scala.reflect.internal.Trees$Ident,scala.reflect.internal.Trees$Select,scala.reflect.internal.Trees$Apply,scala.reflect.internal.Trees$If,scala.reflect.internal.Trees$Block, auto import position was Some(AutoImportPosition(173,0,false))
May 30, 2026 4:08:41 PM scala.meta.internal.pc.AutoImportsProvider$$anonfun$1 applyOrElse
WARNING: Could not infer edits for riscv.plugins, tree around the position were scala.reflect.internal.Trees$Ident,scala.reflect.internal.Trees$Select,scala.reflect.internal.Trees$Apply,scala.reflect.internal.Trees$If,scala.reflect.internal.Trees$Block, auto import position was Some(AutoImportPosition(173,0,false))
May 30, 2026 4:08:41 PM scala.meta.internal.pc.AutoImportsProvider$$anonfun$1 applyOrElse
WARNING: Could not infer edits for riscv.plugins, tree around the position were scala.reflect.internal.Trees$Ident,scala.reflect.internal.Trees$Select,scala.reflect.internal.Trees$Apply,scala.reflect.internal.Trees$If,scala.reflect.internal.Trees$Block, auto import position was Some(AutoImportPosition(173,0,false))
May 30, 2026 4:08:41 PM scala.meta.internal.pc.AutoImportsProvider$$anonfun$1 applyOrElse
WARNING: Could not infer edits for riscv.plugins, tree around the position were scala.reflect.internal.Trees$Ident,scala.reflect.internal.Trees$Select,scala.reflect.internal.Trees$Apply,scala.reflect.internal.Trees$If,scala.reflect.internal.Trees$Block, auto import position was Some(AutoImportPosition(173,0,false))
May 30, 2026 4:08:42 PM scala.meta.internal.pc.AutoImportsProvider$$anonfun$1 applyOrElse
WARNING: Could not infer edits for riscv.plugins, tree around the position were scala.reflect.internal.Trees$Ident,scala.reflect.internal.Trees$Select,scala.reflect.internal.Trees$Apply,scala.reflect.internal.Trees$If,scala.reflect.internal.Trees$Block, auto import position was Some(AutoImportPosition(173,0,false))
May 30, 2026 4:08:42 PM scala.meta.internal.pc.AutoImportsProvider$$anonfun$1 applyOrElse
WARNING: Could not infer edits for riscv.plugins, tree around the position were scala.reflect.internal.Trees$Ident,scala.reflect.internal.Trees$Select,scala.reflect.internal.Trees$Apply,scala.reflect.internal.Trees$If,scala.reflect.internal.Trees$Block, auto import position was Some(AutoImportPosition(173,0,false))
May 30, 2026 4:08:42 PM scala.meta.internal.pc.AutoImportsProvider$$anonfun$1 applyOrElse
WARNING: Could not infer edits for riscv.plugins, tree around the position were scala.reflect.internal.Trees$Ident,scala.reflect.internal.Trees$Select,scala.reflect.internal.Trees$Apply,scala.reflect.internal.Trees$If,scala.reflect.internal.Trees$Block, auto import position was Some(AutoImportPosition(173,0,false))
May 30, 2026 4:08:42 PM scala.meta.internal.pc.AutoImportsProvider$$anonfun$1 applyOrElse
WARNING: Could not infer edits for riscv.plugins, tree around the position were scala.reflect.internal.Trees$Ident,scala.reflect.internal.Trees$Select,scala.reflect.internal.Trees$Apply,scala.reflect.internal.Trees$If,scala.reflect.internal.Trees$Block, auto import position was Some(AutoImportPosition(173,0,false))
May 30, 2026 4:08:42 PM scala.meta.internal.pc.AutoImportsProvider$$anonfun$1 applyOrElse
WARNING: Could not infer edits for riscv.plugins, tree around the position were scala.reflect.internal.Trees$Ident,scala.reflect.internal.Trees$Select,scala.reflect.internal.Trees$Apply,scala.reflect.internal.Trees$If,scala.reflect.internal.Trees$Block, auto import position was Some(AutoImportPosition(173,0,false))
May 30, 2026 4:08:42 PM scala.meta.internal.pc.AutoImportsProvider$$anonfun$1 applyOrElse
WARNING: Could not infer edits for riscv.plugins, tree around the position were scala.reflect.internal.Trees$Ident,scala.reflect.internal.Trees$Select,scala.reflect.internal.Trees$Apply,scala.reflect.internal.Trees$If,scala.reflect.internal.Trees$Block, auto import position was Some(AutoImportPosition(173,0,false))
May 30, 2026 4:08:42 PM scala.meta.internal.pc.AutoImportsProvider$$anonfun$1 applyOrElse
WARNING: Could not infer edits for riscv.plugins, tree around the position were scala.reflect.internal.Trees$Ident,scala.reflect.internal.Trees$Select,scala.reflect.internal.Trees$Apply,scala.reflect.internal.Trees$If,scala.reflect.internal.Trees$Block, auto import position was Some(AutoImportPosition(173,0,false))
May 30, 2026 4:08:42 PM scala.meta.internal.pc.AutoImportsProvider$$anonfun$1 applyOrElse
WARNING: Could not infer edits for riscv.plugins, tree around the position were scala.reflect.internal.Trees$Ident,scala.reflect.internal.Trees$Select,scala.reflect.internal.Trees$Apply,scala.reflect.internal.Trees$If,scala.reflect.internal.Trees$Block, auto import position was Some(AutoImportPosition(173,0,false))
May 30, 2026 4:08:42 PM scala.meta.internal.pc.AutoImportsProvider$$anonfun$1 applyOrElse
WARNING: Could not infer edits for riscv.plugins, tree around the position were scala.reflect.internal.Trees$Ident,scala.reflect.internal.Trees$Select,scala.reflect.internal.Trees$Apply,scala.reflect.internal.Trees$If,scala.reflect.internal.Trees$Block, auto import position was Some(AutoImportPosition(173,0,false))
May 30, 2026 4:08:42 PM scala.meta.internal.pc.AutoImportsProvider$$anonfun$1 applyOrElse
WARNING: Could not infer edits for riscv.plugins, tree around the position were scala.reflect.internal.Trees$Ident,scala.reflect.internal.Trees$Select,scala.reflect.internal.Trees$Apply,scala.reflect.internal.Trees$If,scala.reflect.internal.Trees$Block, auto import position was Some(AutoImportPosition(173,0,false))
May 30, 2026 4:08:44 PM scala.meta.internal.pc.AutoImportsProvider$$anonfun$1 applyOrElse
WARNING: Could not infer edits for riscv.plugins, tree around the position were scala.reflect.internal.Trees$Ident,scala.reflect.internal.Trees$Select,scala.reflect.internal.Trees$Apply,scala.reflect.internal.Trees$If,scala.reflect.internal.Trees$Block, auto import position was Some(AutoImportPosition(173,0,false))
May 30, 2026 4:08:44 PM scala.meta.internal.pc.AutoImportsProvider$$anonfun$1 applyOrElse
WARNING: Could not infer edits for riscv.plugins, tree around the position were scala.reflect.internal.Trees$Ident,scala.reflect.internal.Trees$Select,scala.reflect.internal.Trees$Apply,scala.reflect.internal.Trees$If,scala.reflect.internal.Trees$Block, auto import position was Some(AutoImportPosition(173,0,false))
May 30, 2026 4:08:44 PM scala.meta.internal.pc.AutoImportsProvider$$anonfun$1 applyOrElse
WARNING: Could not infer edits for riscv.plugins, tree around the position were scala.reflect.internal.Trees$Ident,scala.reflect.internal.Trees$Select,scala.reflect.internal.Trees$Apply,scala.reflect.internal.Trees$If,scala.reflect.internal.Trees$Block, auto import position was Some(AutoImportPosition(173,0,false))
May 30, 2026 4:08:44 PM scala.meta.internal.pc.AutoImportsProvider$$anonfun$1 applyOrElse
WARNING: Could not infer edits for riscv.plugins, tree around the position were scala.reflect.internal.Trees$Ident,scala.reflect.internal.Trees$Select,scala.reflect.internal.Trees$Apply,scala.reflect.internal.Trees$If,scala.reflect.internal.Trees$Block, auto import position was Some(AutoImportPosition(173,0,false))
May 30, 2026 4:08:46 PM scala.meta.internal.pc.AutoImportsProvider$$anonfun$1 applyOrElse
WARNING: Could not infer edits for riscv.plugins, tree around the position were scala.reflect.internal.Trees$Ident,scala.reflect.internal.Trees$Select,scala.reflect.internal.Trees$Apply,scala.reflect.internal.Trees$If,scala.reflect.internal.Trees$Block, auto import position was Some(AutoImportPosition(173,0,false))
May 30, 2026 4:08:46 PM scala.meta.internal.pc.AutoImportsProvider$$anonfun$1 applyOrElse
WARNING: Could not infer edits for riscv.plugins, tree around the position were scala.reflect.internal.Trees$Ident,scala.reflect.internal.Trees$Select,scala.reflect.internal.Trees$Apply,scala.reflect.internal.Trees$If,scala.reflect.internal.Trees$Block, auto import position was Some(AutoImportPosition(173,0,false))
May 30, 2026 4:08:46 PM scala.meta.internal.pc.AutoImportsProvider$$anonfun$1 applyOrElse
WARNING: Could not infer edits for riscv.plugins, tree around the position were scala.reflect.internal.Trees$Ident,scala.reflect.internal.Trees$Select,scala.reflect.internal.Trees$Apply,scala.reflect.internal.Trees$If,scala.reflect.internal.Trees$Block, auto import position was Some(AutoImportPosition(173,0,false))
May 30, 2026 4:08:46 PM scala.meta.internal.pc.AutoImportsProvider$$anonfun$1 applyOrElse
WARNING: Could not infer edits for riscv.plugins, tree around the position were scala.reflect.internal.Trees$Ident,scala.reflect.internal.Trees$Select,scala.reflect.internal.Trees$Apply,scala.reflect.internal.Trees$If,scala.reflect.internal.Trees$Block, auto import position was Some(AutoImportPosition(173,0,false))
May 30, 2026 4:08:48 PM scala.meta.internal.pc.AutoImportsProvider$$anonfun$1 applyOrElse
WARNING: Could not infer edits for riscv.plugins, tree around the position were scala.reflect.internal.Trees$Ident,scala.reflect.internal.Trees$Select,scala.reflect.internal.Trees$Apply,scala.reflect.internal.Trees$If,scala.reflect.internal.Trees$Block, auto import position was Some(AutoImportPosition(173,0,false))
May 30, 2026 4:08:48 PM scala.meta.internal.pc.AutoImportsProvider$$anonfun$1 applyOrElse
WARNING: Could not infer edits for riscv.plugins, tree around the position were scala.reflect.internal.Trees$Ident,scala.reflect.internal.Trees$Select,scala.reflect.internal.Trees$Apply,scala.reflect.internal.Trees$If,scala.reflect.internal.Trees$Block, auto import position was Some(AutoImportPosition(173,0,false))
May 30, 2026 4:08:48 PM scala.meta.internal.pc.AutoImportsProvider$$anonfun$1 applyOrElse
WARNING: Could not infer edits for riscv.plugins, tree around the position were scala.reflect.internal.Trees$Ident,scala.reflect.internal.Trees$Select,scala.reflect.internal.Trees$Apply,scala.reflect.internal.Trees$If,scala.reflect.internal.Trees$Block, auto import position was Some(AutoImportPosition(173,0,false))
May 30, 2026 4:08:48 PM scala.meta.internal.pc.AutoImportsProvider$$anonfun$1 applyOrElse
WARNING: Could not infer edits for riscv.plugins, tree around the position were scala.reflect.internal.Trees$Ident,scala.reflect.internal.Trees$Select,scala.reflect.internal.Trees$Apply,scala.reflect.internal.Trees$If,scala.reflect.internal.Trees$Block, auto import position was Some(AutoImportPosition(173,0,false))
May 30, 2026 4:08:50 PM scala.meta.internal.pc.AutoImportsProvider$$anonfun$1 applyOrElse
WARNING: Could not infer edits for riscv.plugins, tree around the position were scala.reflect.internal.Trees$Ident,scala.reflect.internal.Trees$Select,scala.reflect.internal.Trees$Apply,scala.reflect.internal.Trees$If,scala.reflect.internal.Trees$Block, auto import position was Some(AutoImportPosition(173,0,false))
May 30, 2026 4:08:50 PM scala.meta.internal.pc.AutoImportsProvider$$anonfun$1 applyOrElse
WARNING: Could not infer edits for riscv.plugins, tree around the position were scala.reflect.internal.Trees$Ident,scala.reflect.internal.Trees$Select,scala.reflect.internal.Trees$Apply,scala.reflect.internal.Trees$If,scala.reflect.internal.Trees$Block, auto import position was Some(AutoImportPosition(173,0,false))
May 30, 2026 4:08:50 PM scala.meta.internal.pc.AutoImportsProvider$$anonfun$1 applyOrElse
WARNING: Could not infer edits for riscv.plugins, tree around the position were scala.reflect.internal.Trees$Ident,scala.reflect.internal.Trees$Select,scala.reflect.internal.Trees$Apply,scala.reflect.internal.Trees$If,scala.reflect.internal.Trees$Block, auto import position was Some(AutoImportPosition(173,0,false))
May 30, 2026 4:08:50 PM scala.meta.internal.pc.AutoImportsProvider$$anonfun$1 applyOrElse
WARNING: Could not infer edits for riscv.plugins, tree around the position were scala.reflect.internal.Trees$Ident,scala.reflect.internal.Trees$Select,scala.reflect.internal.Trees$Apply,scala.reflect.internal.Trees$If,scala.reflect.internal.Trees$Block, auto import position was Some(AutoImportPosition(173,0,false))
May 30, 2026 4:08:54 PM scala.meta.internal.pc.AutoImportsProvider$$anonfun$1 applyOrElse
WARNING: Could not infer edits for riscv.plugins, tree around the position were scala.reflect.internal.Trees$Select,scala.reflect.internal.Trees$Apply,scala.reflect.internal.Trees$If,scala.reflect.internal.Trees$Block,scala.reflect.internal.Trees$Apply, auto import position was Some(AutoImportPosition(173,0,false))
May 30, 2026 4:08:54 PM scala.meta.internal.pc.AutoImportsProvider$$anonfun$1 applyOrElse
WARNING: Could not infer edits for riscv.plugins, tree around the position were scala.reflect.internal.Trees$Select,scala.reflect.internal.Trees$Apply,scala.reflect.internal.Trees$If,scala.reflect.internal.Trees$Block,scala.reflect.internal.Trees$Apply, auto import position was Some(AutoImportPosition(173,0,false))
May 30, 2026 4:08:54 PM scala.meta.internal.pc.AutoImportsProvider$$anonfun$1 applyOrElse
WARNING: Could not infer edits for riscv.plugins, tree around the position were scala.reflect.internal.Trees$Ident,scala.reflect.internal.Trees$Select,scala.reflect.internal.Trees$Apply,scala.reflect.internal.Trees$Apply,scala.reflect.internal.Trees$Apply, auto import position was Some(AutoImportPosition(173,0,false))
May 30, 2026 4:08:55 PM scala.meta.internal.pc.AutoImportsProvider$$anonfun$1 applyOrElse
WARNING: Could not infer edits for riscv.plugins, tree around the position were scala.reflect.internal.Trees$Ident,scala.reflect.internal.Trees$Block,scala.reflect.internal.Trees$If,scala.reflect.internal.Trees$Block,scala.reflect.internal.Trees$Apply, auto import position was Some(AutoImportPosition(173,0,false))
May 30, 2026 4:08:55 PM scala.meta.internal.pc.AutoImportsProvider$$anonfun$1 applyOrElse
WARNING: Could not infer edits for riscv.plugins, tree around the position were scala.reflect.internal.Trees$Ident,scala.reflect.internal.Trees$Block,scala.reflect.internal.Trees$If,scala.reflect.internal.Trees$Block,scala.reflect.internal.Trees$Apply, auto import position was Some(AutoImportPosition(173,0,false))
May 30, 2026 4:08:55 PM scala.meta.internal.pc.AutoImportsProvider$$anonfun$1 applyOrElse
WARNING: Could not infer edits for riscv.plugins, tree around the position were scala.reflect.internal.Trees$Ident,scala.reflect.internal.Trees$Block,scala.reflect.internal.Trees$If,scala.reflect.internal.Trees$Template,scala.reflect.internal.Trees$ClassDef, auto import position was Some(AutoImportPosition(173,0,false))
May 30, 2026 4:08:55 PM scala.meta.internal.pc.AutoImportsProvider$$anonfun$1 applyOrElse
WARNING: Could not infer edits for riscv.plugins, tree around the position were scala.reflect.internal.Trees$ValDef,scala.reflect.internal.Trees$Template,scala.reflect.internal.Trees$ClassDef,scala.reflect.internal.Trees$Block,scala.reflect.internal.Trees$Apply, auto import position was Some(AutoImportPosition(173,0,false))
May 30, 2026 4:08:56 PM scala.meta.internal.pc.AutoImportsProvider$$anonfun$1 applyOrElse
WARNING: Could not infer edits for riscv.plugins, tree around the position were scala.reflect.internal.Trees$Ident,scala.reflect.internal.Trees$Block,scala.reflect.internal.Trees$If,scala.reflect.internal.Trees$Block,scala.reflect.internal.Trees$Apply, auto import position was Some(AutoImportPosition(173,0,false))
May 30, 2026 4:08:56 PM scala.meta.internal.pc.AutoImportsProvider$$anonfun$1 applyOrElse
WARNING: Could not infer edits for riscv.plugins, tree around the position were scala.reflect.internal.Trees$Ident,scala.reflect.internal.Trees$Block,scala.reflect.internal.Trees$If,scala.reflect.internal.Trees$Block,scala.reflect.internal.Trees$Apply, auto import position was Some(AutoImportPosition(173,0,false))
May 30, 2026 4:08:56 PM scala.meta.internal.pc.AutoImportsProvider$$anonfun$1 applyOrElse
WARNING: Could not infer edits for riscv.plugins, tree around the position were scala.reflect.internal.Trees$Ident,scala.reflect.internal.Trees$Block,scala.reflect.internal.Trees$If,scala.reflect.internal.Trees$Template,scala.reflect.internal.Trees$ClassDef, auto import position was Some(AutoImportPosition(173,0,false))
May 30, 2026 4:08:56 PM scala.meta.internal.pc.AutoImportsProvider$$anonfun$1 applyOrElse
WARNING: Could not infer edits for riscv.plugins, tree around the position were scala.reflect.internal.Trees$ValDef,scala.reflect.internal.Trees$Template,scala.reflect.internal.Trees$ClassDef,scala.reflect.internal.Trees$Block,scala.reflect.internal.Trees$Apply, auto import position was Some(AutoImportPosition(173,0,false))
May 30, 2026 4:08:58 PM scala.meta.internal.pc.AutoImportsProvider$$anonfun$1 applyOrElse
WARNING: Could not infer edits for riscv.plugins, tree around the position were scala.reflect.internal.Trees$Ident,scala.reflect.internal.Trees$Block,scala.reflect.internal.Trees$If,scala.reflect.internal.Trees$Block,scala.reflect.internal.Trees$Apply, auto import position was Some(AutoImportPosition(173,0,false))
May 30, 2026 4:08:58 PM scala.meta.internal.pc.AutoImportsProvider$$anonfun$1 applyOrElse
WARNING: Could not infer edits for riscv.plugins, tree around the position were scala.reflect.internal.Trees$Ident,scala.reflect.internal.Trees$Block,scala.reflect.internal.Trees$If,scala.reflect.internal.Trees$Block,scala.reflect.internal.Trees$Apply, auto import position was Some(AutoImportPosition(173,0,false))
May 30, 2026 4:08:58 PM scala.meta.internal.pc.AutoImportsProvider$$anonfun$1 applyOrElse
WARNING: Could not infer edits for riscv.plugins, tree around the position were scala.reflect.internal.Trees$Ident,scala.reflect.internal.Trees$Block,scala.reflect.internal.Trees$If,scala.reflect.internal.Trees$Template,scala.reflect.internal.Trees$ClassDef, auto import position was Some(AutoImportPosition(173,0,false))
May 30, 2026 4:08:58 PM scala.meta.internal.pc.AutoImportsProvider$$anonfun$1 applyOrElse
WARNING: Could not infer edits for riscv.plugins, tree around the position were scala.reflect.internal.Trees$ValDef,scala.reflect.internal.Trees$Template,scala.reflect.internal.Trees$ClassDef,scala.reflect.internal.Trees$Block,scala.reflect.internal.Trees$Apply, auto import position was Some(AutoImportPosition(173,0,false))
May 30, 2026 4:08:59 PM scala.meta.internal.pc.AutoImportsProvider$$anonfun$1 applyOrElse
WARNING: Could not infer edits for riscv.plugins, tree around the position were scala.reflect.internal.Trees$Ident,scala.reflect.internal.Trees$Block,scala.reflect.internal.Trees$If,scala.reflect.internal.Trees$Block,scala.reflect.internal.Trees$Apply, auto import position was Some(AutoImportPosition(173,0,false))
May 30, 2026 4:08:59 PM scala.meta.internal.pc.AutoImportsProvider$$anonfun$1 applyOrElse
WARNING: Could not infer edits for riscv.plugins, tree around the position were scala.reflect.internal.Trees$Ident,scala.reflect.internal.Trees$Block,scala.reflect.internal.Trees$If,scala.reflect.internal.Trees$Block,scala.reflect.internal.Trees$Apply, auto import position was Some(AutoImportPosition(173,0,false))
May 30, 2026 4:08:59 PM scala.meta.internal.pc.AutoImportsProvider$$anonfun$1 applyOrElse
WARNING: Could not infer edits for riscv.plugins, tree around the position were scala.reflect.internal.Trees$Ident,scala.reflect.internal.Trees$Block,scala.reflect.internal.Trees$If,scala.reflect.internal.Trees$Template,scala.reflect.internal.Trees$ClassDef, auto import position was Some(AutoImportPosition(173,0,false))
May 30, 2026 4:08:59 PM scala.meta.internal.pc.AutoImportsProvider$$anonfun$1 applyOrElse
WARNING: Could not infer edits for riscv.plugins, tree around the position were scala.reflect.internal.Trees$ValDef,scala.reflect.internal.Trees$Template,scala.reflect.internal.Trees$ClassDef,scala.reflect.internal.Trees$Block,scala.reflect.internal.Trees$Apply, auto import position was Some(AutoImportPosition(173,0,false))
May 30, 2026 4:09:02 PM scala.meta.internal.pc.AutoImportsProvider$$anonfun$1 applyOrElse
WARNING: Could not infer edits for riscv.plugins, tree around the position were scala.reflect.internal.Trees$Ident,scala.reflect.internal.Trees$Block,scala.reflect.internal.Trees$If,scala.reflect.internal.Trees$Block,scala.reflect.internal.Trees$Apply, auto import position was Some(AutoImportPosition(173,0,false))
May 30, 2026 4:09:02 PM scala.meta.internal.pc.AutoImportsProvider$$anonfun$1 applyOrElse
WARNING: Could not infer edits for riscv.plugins, tree around the position were scala.reflect.internal.Trees$Ident,scala.reflect.internal.Trees$Block,scala.reflect.internal.Trees$If,scala.reflect.internal.Trees$Block,scala.reflect.internal.Trees$Apply, auto import position was Some(AutoImportPosition(173,0,false))
May 30, 2026 4:09:02 PM scala.meta.internal.pc.AutoImportsProvider$$anonfun$1 applyOrElse
WARNING: Could not infer edits for riscv.plugins, tree around the position were scala.reflect.internal.Trees$Ident,scala.reflect.internal.Trees$Block,scala.reflect.internal.Trees$If,scala.reflect.internal.Trees$Template,scala.reflect.internal.Trees$ClassDef, auto import position was Some(AutoImportPosition(173,0,false))
May 30, 2026 4:09:02 PM scala.meta.internal.pc.AutoImportsProvider$$anonfun$1 applyOrElse
WARNING: Could not infer edits for riscv.plugins, tree around the position were scala.reflect.internal.Trees$ValDef,scala.reflect.internal.Trees$Template,scala.reflect.internal.Trees$ClassDef,scala.reflect.internal.Trees$Block,scala.reflect.internal.Trees$Apply, auto import position was Some(AutoImportPosition(173,0,false))
2026.05.30 16:09:03 INFO  compiling core (1 scala source)
2026.05.30 16:09:03 INFO  time: compiled core in 0.19s
May 30, 2026 4:09:39 PM scala.meta.internal.pc.MetalsGlobal inverseSemanticdbSymbols
SEVERE: invalid SemanticDB symbol: riscv/plugins/Cache#wordIndexBits.
illegal cyclic reference involving class Cache
May 30, 2026 4:09:40 PM org.eclipse.lsp4j.jsonrpc.RemoteEndpoint handleCancellation
WARNING: Unmatched cancel notification for request id 24079
2026.05.30 16:09:40 WARN  Could not find semantic tokens for: file:///Users/robbetiteca/projects/school/thesis/ecosystem-randomized-cache/core/src/main/scala/riscv/plugins/Cache.scala
May 30, 2026 4:09:46 PM org.eclipse.lsp4j.jsonrpc.RemoteEndpoint handleCancellation
WARNING: Unmatched cancel notification for request id 24140
May 30, 2026 4:09:46 PM org.eclipse.lsp4j.jsonrpc.RemoteEndpoint handleCancellation
WARNING: Unmatched cancel notification for request id 24142
2026.05.30 16:09:48 INFO  compiling core (1 scala source)
2026.05.30 16:09:48 INFO  time: compiled core in 0.23s
May 30, 2026 4:10:22 PM org.eclipse.lsp4j.jsonrpc.RemoteEndpoint handleCancellation
WARNING: Unmatched cancel notification for request id 24232
May 30, 2026 4:10:23 PM org.eclipse.lsp4j.jsonrpc.RemoteEndpoint handleCancellation
WARNING: Unmatched cancel notification for request id 24246
2026.05.30 16:10:23 WARN  Could not find semantic tokens for: file:///Users/robbetiteca/projects/school/thesis/ecosystem-randomized-cache/core/src/main/scala/riscv/plugins/Cache.scala
2026.05.30 16:10:23 WARN  Could not find semantic tokens for: file:///Users/robbetiteca/projects/school/thesis/ecosystem-randomized-cache/core/src/main/scala/riscv/plugins/Cache.scala
2026.05.30 16:10:23 WARN  Could not find semantic tokens for: file:///Users/robbetiteca/projects/school/thesis/ecosystem-randomized-cache/core/src/main/scala/riscv/plugins/Cache.scala
2026.05.30 16:10:30 INFO  empty definition using pc, found symbol in pc:  (full report at: "/Users/robbetiteca/projects/school/thesis/ecosystem-randomized-cache/.metals/.reports/metals-full/2026-05-30/r_empty-definition_(core)_15-54-04-907.md")
2026.05.30 16:10:31 INFO  empty definition using pc, found symbol in pc:  (full report at: "/Users/robbetiteca/projects/school/thesis/ecosystem-randomized-cache/.metals/.reports/metals-full/2026-05-30/r_empty-definition_(core)_15-54-04-907.md")
May 30, 2026 4:10:33 PM org.eclipse.lsp4j.jsonrpc.RemoteEndpoint handleCancellation
WARNING: Unmatched cancel notification for request id 24297
May 30, 2026 4:10:33 PM org.eclipse.lsp4j.jsonrpc.RemoteEndpoint handleCancellation
WARNING: Unmatched cancel notification for request id 24300
May 30, 2026 4:10:33 PM org.eclipse.lsp4j.jsonrpc.RemoteEndpoint handleCancellation
WARNING: Unmatched cancel notification for request id 24302
May 30, 2026 4:10:33 PM org.eclipse.lsp4j.jsonrpc.RemoteEndpoint handleCancellation
WARNING: Unmatched cancel notification for request id 24305
May 30, 2026 4:10:33 PM org.eclipse.lsp4j.jsonrpc.RemoteEndpoint handleCancellation
WARNING: Unmatched cancel notification for request id 24307
May 30, 2026 4:10:33 PM org.eclipse.lsp4j.jsonrpc.RemoteEndpoint handleCancellation
WARNING: Unmatched cancel notification for request id 24316
2026.05.30 16:10:34 INFO  compiling core (1 scala source)
2026.05.30 16:10:34 INFO  time: compiled core in 0.33s
May 30, 2026 4:10:42 PM org.eclipse.lsp4j.jsonrpc.RemoteEndpoint handleCancellation
WARNING: Unmatched cancel notification for request id 24358
May 30, 2026 4:10:42 PM org.eclipse.lsp4j.jsonrpc.RemoteEndpoint handleCancellation
WARNING: Unmatched cancel notification for request id 24362
May 30, 2026 4:10:42 PM org.eclipse.lsp4j.jsonrpc.RemoteEndpoint handleCancellation
WARNING: Unmatched cancel notification for request id 24359
May 30, 2026 4:10:42 PM org.eclipse.lsp4j.jsonrpc.RemoteEndpoint handleCancellation
WARNING: Unmatched cancel notification for request id 24361
May 30, 2026 4:10:42 PM org.eclipse.lsp4j.jsonrpc.RemoteEndpoint handleCancellation
WARNING: Unmatched cancel notification for request id 24364
May 30, 2026 4:10:42 PM org.eclipse.lsp4j.jsonrpc.RemoteEndpoint handleCancellation
WARNING: Unmatched cancel notification for request id 24366
May 30, 2026 4:10:42 PM org.eclipse.lsp4j.jsonrpc.RemoteEndpoint handleCancellation
WARNING: Unmatched cancel notification for request id 24367
May 30, 2026 4:10:42 PM org.eclipse.lsp4j.jsonrpc.RemoteEndpoint handleCancellation
WARNING: Unmatched cancel notification for request id 24375
May 30, 2026 4:10:42 PM org.eclipse.lsp4j.jsonrpc.RemoteEndpoint handleCancellation
WARNING: Unmatched cancel notification for request id 24371
2026.05.30 16:10:43 INFO  compiling core (1 scala source)
2026.05.30 16:10:43 INFO  time: compiled core in 0.24s
May 30, 2026 4:11:36 PM org.eclipse.lsp4j.jsonrpc.RemoteEndpoint handleCancellation
WARNING: Unmatched cancel notification for request id 24409
May 30, 2026 4:11:36 PM org.eclipse.lsp4j.jsonrpc.RemoteEndpoint handleCancellation
WARNING: Unmatched cancel notification for request id 24413
May 30, 2026 4:11:36 PM org.eclipse.lsp4j.jsonrpc.RemoteEndpoint handleCancellation
WARNING: Unmatched cancel notification for request id 24414
May 30, 2026 4:11:36 PM org.eclipse.lsp4j.jsonrpc.RemoteEndpoint handleCancellation
WARNING: Unmatched cancel notification for request id 24418
May 30, 2026 4:11:36 PM org.eclipse.lsp4j.jsonrpc.RemoteEndpoint handleCancellation
WARNING: Unmatched cancel notification for request id 24421
May 30, 2026 4:11:36 PM org.eclipse.lsp4j.jsonrpc.RemoteEndpoint handleCancellation
WARNING: Unmatched cancel notification for request id 24425
May 30, 2026 4:11:37 PM org.eclipse.lsp4j.jsonrpc.RemoteEndpoint handleCancellation
WARNING: Unmatched cancel notification for request id 24426
May 30, 2026 4:11:37 PM org.eclipse.lsp4j.jsonrpc.RemoteEndpoint handleCancellation
WARNING: Unmatched cancel notification for request id 24423
May 30, 2026 4:11:37 PM org.eclipse.lsp4j.jsonrpc.RemoteEndpoint handleCancellation
WARNING: Unmatched cancel notification for request id 24424
May 30, 2026 4:11:37 PM org.eclipse.lsp4j.jsonrpc.RemoteEndpoint handleCancellation
WARNING: Unmatched cancel notification for request id 24428
May 30, 2026 4:11:37 PM org.eclipse.lsp4j.jsonrpc.RemoteEndpoint handleCancellation
WARNING: Unmatched cancel notification for request id 24430
May 30, 2026 4:11:37 PM org.eclipse.lsp4j.jsonrpc.RemoteEndpoint handleCancellation
WARNING: Unmatched cancel notification for request id 24427
May 30, 2026 4:11:37 PM org.eclipse.lsp4j.jsonrpc.RemoteEndpoint handleCancellation
WARNING: Unmatched cancel notification for request id 24432
May 30, 2026 4:11:37 PM org.eclipse.lsp4j.jsonrpc.RemoteEndpoint handleCancellation
WARNING: Unmatched cancel notification for request id 24439
2026.05.30 16:11:38 INFO  compiling core (1 scala source)
2026.05.30 16:11:38 INFO  time: compiled core in 0.29s
2026.05.30 16:11:51 INFO  compiling core (1 scala source)
2026.05.30 16:11:51 INFO  time: compiled core in 0.34s
May 30, 2026 4:11:52 PM scala.meta.internal.pc.CompilerAccess retryWithCleanCompiler
INFO: compiler crashed due to an error in the Scala compiler, retrying with new compiler instance.
May 30, 2026 4:11:55 PM org.eclipse.lsp4j.jsonrpc.RemoteEndpoint handleCancellation
WARNING: Unmatched cancel notification for request id 24509
2026.05.30 16:11:55 WARN  Could not find semantic tokens for: file:///Users/robbetiteca/projects/school/thesis/ecosystem-randomized-cache/core/src/main/scala/riscv/plugins/Cache.scala
2026.05.30 16:12:01 INFO  compiling core (1 scala source)
2026.05.30 16:12:01 INFO  time: compiled core in 0.2s
May 30, 2026 4:13:35 PM org.eclipse.lsp4j.jsonrpc.RemoteEndpoint handleCancellation
WARNING: Unmatched cancel notification for request id 24581
May 30, 2026 4:13:36 PM org.eclipse.lsp4j.jsonrpc.RemoteEndpoint handleCancellation
WARNING: Unmatched cancel notification for request id 24584
May 30, 2026 4:13:36 PM org.eclipse.lsp4j.jsonrpc.RemoteEndpoint handleCancellation
WARNING: Unmatched cancel notification for request id 24588
May 30, 2026 4:13:36 PM org.eclipse.lsp4j.jsonrpc.RemoteEndpoint handleCancellation
WARNING: Unmatched cancel notification for request id 24594
May 30, 2026 4:13:36 PM org.eclipse.lsp4j.jsonrpc.RemoteEndpoint handleCancellation
WARNING: Unmatched cancel notification for request id 24593
May 30, 2026 4:13:36 PM org.eclipse.lsp4j.jsonrpc.RemoteEndpoint handleCancellation
WARNING: Unmatched cancel notification for request id 24595
2026.05.30 16:13:36 WARN  Could not find semantic tokens for: file:///Users/robbetiteca/projects/school/thesis/ecosystem-randomized-cache/core/src/main/scala/riscv/plugins/Cache.scala
May 30, 2026 4:13:37 PM org.eclipse.lsp4j.jsonrpc.RemoteEndpoint handleCancellation
WARNING: Unmatched cancel notification for request id 24598
May 30, 2026 4:13:37 PM org.eclipse.lsp4j.jsonrpc.RemoteEndpoint handleCancellation
WARNING: Unmatched cancel notification for request id 24603
2026.05.30 16:13:43 INFO  compiling core (1 scala source)
2026.05.30 16:13:43 INFO  time: compiled core in 0.24s
2026.05.30 16:14:28 WARN  Could not find semantic tokens for: file:///Users/robbetiteca/projects/school/thesis/ecosystem-randomized-cache/core/src/main/scala/riscv/plugins/Cache.scala
2026.05.30 16:14:28 INFO  compiling core (1 scala source)
2026.05.30 16:14:28 INFO  time: compiled core in 0.19s
2026.05.30 16:14:30 INFO  compiling core (1 scala source)
2026.05.30 16:14:30 INFO  time: compiled core in 0.12s
2026.05.30 16:14:35 WARN  Could not find semantic tokens for: file:///Users/robbetiteca/projects/school/thesis/ecosystem-randomized-cache/core/src/main/scala/riscv/plugins/Cache.scala
May 30, 2026 4:14:36 PM org.eclipse.lsp4j.jsonrpc.RemoteEndpoint handleCancellation
WARNING: Unmatched cancel notification for request id 24757
May 30, 2026 4:14:36 PM org.eclipse.lsp4j.jsonrpc.RemoteEndpoint handleCancellation
WARNING: Unmatched cancel notification for request id 24768
2026.05.30 16:14:38 INFO  compiling core (1 scala source)
2026.05.30 16:14:38 INFO  time: compiled core in 0.19s
2026.05.30 16:14:45 INFO  compiling core (1 scala source)
2026.05.30 16:14:45 INFO  time: compiled core in 0.18s
May 30, 2026 4:15:11 PM org.eclipse.lsp4j.jsonrpc.RemoteEndpoint handleCancellation
WARNING: Unmatched cancel notification for request id 24954
May 30, 2026 4:15:18 PM org.eclipse.lsp4j.jsonrpc.RemoteEndpoint handleCancellation
WARNING: Unmatched cancel notification for request id 24951
May 30, 2026 4:15:18 PM org.eclipse.lsp4j.jsonrpc.RemoteEndpoint handleCancellation
WARNING: Unmatched cancel notification for request id 24957
2026.05.30 16:15:19 INFO  time: code lens generation in 1.19s
2026.05.30 16:15:21 WARN  High memory usage detected: 90% (1854 MB / 2048 MB)
May 30, 2026 4:15:24 PM org.eclipse.lsp4j.jsonrpc.RemoteEndpoint handleCancellation
WARNING: Unmatched cancel notification for request id 24959
May 30, 2026 4:15:24 PM org.eclipse.lsp4j.jsonrpc.RemoteEndpoint handleCancellation
WARNING: Unmatched cancel notification for request id 24955
May 30, 2026 4:15:32 PM org.eclipse.lsp4j.jsonrpc.RemoteEndpoint handleCancellation
WARNING: Unmatched cancel notification for request id 24960
May 30, 2026 4:15:38 PM org.eclipse.lsp4j.jsonrpc.RemoteEndpoint handleCancellation
WARNING: Unmatched cancel notification for request id 24961
May 30, 2026 4:15:38 PM org.eclipse.lsp4j.jsonrpc.RemoteEndpoint handleCancellation
WARNING: Unmatched cancel notification for request id 24962
May 30, 2026 4:15:38 PM org.eclipse.lsp4j.jsonrpc.RemoteEndpoint handleCancellation
WARNING: Unmatched cancel notification for request id 24968
May 30, 2026 4:15:38 PM org.eclipse.lsp4j.jsonrpc.RemoteEndpoint handleCancellation
WARNING: Unmatched cancel notification for request id 24970
May 30, 2026 4:15:38 PM org.eclipse.lsp4j.jsonrpc.RemoteEndpoint handleCancellation
WARNING: Unmatched cancel notification for request id 24971
May 30, 2026 4:15:38 PM org.eclipse.lsp4j.jsonrpc.RemoteEndpoint handleCancellation
WARNING: Unmatched cancel notification for request id 24973
May 30, 2026 4:15:38 PM org.eclipse.lsp4j.jsonrpc.RemoteEndpoint handleCancellation
WARNING: Unmatched cancel notification for request id 24975
May 30, 2026 4:15:38 PM org.eclipse.lsp4j.jsonrpc.RemoteEndpoint handleCancellation
WARNING: Unmatched cancel notification for request id 24977
May 30, 2026 4:15:38 PM org.eclipse.lsp4j.jsonrpc.RemoteEndpoint handleCancellation
WARNING: Unmatched cancel notification for request id 24979
May 30, 2026 4:15:38 PM org.eclipse.lsp4j.jsonrpc.RemoteEndpoint handleCancellation
WARNING: Unmatched cancel notification for request id 24980
May 30, 2026 4:15:38 PM org.eclipse.lsp4j.jsonrpc.RemoteEndpoint handleCancellation
WARNING: Unmatched cancel notification for request id 24985
May 30, 2026 4:15:38 PM org.eclipse.lsp4j.jsonrpc.RemoteEndpoint handleCancellation
WARNING: Unmatched cancel notification for request id 24986
May 30, 2026 4:15:38 PM org.eclipse.lsp4j.jsonrpc.RemoteEndpoint handleCancellation
WARNING: Unmatched cancel notification for request id 24987
May 30, 2026 4:15:38 PM org.eclipse.lsp4j.jsonrpc.RemoteEndpoint handleCancellation
WARNING: Unmatched cancel notification for request id 24989
May 30, 2026 4:15:38 PM org.eclipse.lsp4j.jsonrpc.RemoteEndpoint handleCancellation
WARNING: Unmatched cancel notification for request id 24991
May 30, 2026 4:15:39 PM org.eclipse.lsp4j.jsonrpc.RemoteEndpoint handleCancellation
WARNING: Unmatched cancel notification for request id 24995
May 30, 2026 4:15:39 PM org.eclipse.lsp4j.jsonrpc.RemoteEndpoint handleCancellation
WARNING: Unmatched cancel notification for request id 24998
May 30, 2026 4:15:39 PM org.eclipse.lsp4j.jsonrpc.RemoteEndpoint handleCancellation
WARNING: Unmatched cancel notification for request id 24999
May 30, 2026 4:15:39 PM org.eclipse.lsp4j.jsonrpc.RemoteEndpoint handleCancellation
WARNING: Unmatched cancel notification for request id 25001
May 30, 2026 4:15:39 PM org.eclipse.lsp4j.jsonrpc.RemoteEndpoint handleCancellation
WARNING: Unmatched cancel notification for request id 25002
May 30, 2026 4:15:39 PM org.eclipse.lsp4j.jsonrpc.RemoteEndpoint handleCancellation
WARNING: Unmatched cancel notification for request id 25003
May 30, 2026 4:15:39 PM org.eclipse.lsp4j.jsonrpc.RemoteEndpoint handleCancellation
WARNING: Unmatched cancel notification for request id 25004
May 30, 2026 4:15:39 PM org.eclipse.lsp4j.jsonrpc.RemoteEndpoint handleCancellation
WARNING: Unmatched cancel notification for request id 25006
May 30, 2026 4:15:39 PM org.eclipse.lsp4j.jsonrpc.RemoteEndpoint handleCancellation
WARNING: Unmatched cancel notification for request id 25009
May 30, 2026 4:15:39 PM org.eclipse.lsp4j.jsonrpc.RemoteEndpoint handleCancellation
WARNING: Unmatched cancel notification for request id 25010
May 30, 2026 4:15:39 PM org.eclipse.lsp4j.jsonrpc.RemoteEndpoint handleCancellation
WARNING: Unmatched cancel notification for request id 25013
May 30, 2026 4:15:39 PM org.eclipse.lsp4j.jsonrpc.RemoteEndpoint handleCancellation
WARNING: Unmatched cancel notification for request id 25014
May 30, 2026 4:15:39 PM org.eclipse.lsp4j.jsonrpc.RemoteEndpoint handleCancellation
WARNING: Unmatched cancel notification for request id 25017
May 30, 2026 4:15:39 PM org.eclipse.lsp4j.jsonrpc.RemoteEndpoint handleCancellation
WARNING: Unmatched cancel notification for request id 25021
May 30, 2026 4:15:39 PM org.eclipse.lsp4j.jsonrpc.RemoteEndpoint handleCancellation
WARNING: Unmatched cancel notification for request id 25022
May 30, 2026 4:15:39 PM org.eclipse.lsp4j.jsonrpc.RemoteEndpoint handleCancellation
WARNING: Unmatched cancel notification for request id 25025
May 30, 2026 4:15:39 PM org.eclipse.lsp4j.jsonrpc.RemoteEndpoint handleCancellation
WARNING: Unmatched cancel notification for request id 25026
May 30, 2026 4:15:39 PM org.eclipse.lsp4j.jsonrpc.RemoteEndpoint handleCancellation
WARNING: Unmatched cancel notification for request id 25027
May 30, 2026 4:15:39 PM org.eclipse.lsp4j.jsonrpc.RemoteEndpoint handleCancellation
WARNING: Unmatched cancel notification for request id 25032
May 30, 2026 4:15:39 PM org.eclipse.lsp4j.jsonrpc.RemoteEndpoint handleCancellation
WARNING: Unmatched cancel notification for request id 25034
May 30, 2026 4:15:39 PM org.eclipse.lsp4j.jsonrpc.RemoteEndpoint handleCancellation
WARNING: Unmatched cancel notification for request id 25035
May 30, 2026 4:15:39 PM org.eclipse.lsp4j.jsonrpc.RemoteEndpoint handleCancellation
WARNING: Unmatched cancel notification for request id 25038
May 30, 2026 4:15:39 PM org.eclipse.lsp4j.jsonrpc.RemoteEndpoint handleCancellation
WARNING: Unmatched cancel notification for request id 25043
May 30, 2026 4:15:39 PM org.eclipse.lsp4j.jsonrpc.RemoteEndpoint handleCancellation
WARNING: Unmatched cancel notification for request id 25050
May 30, 2026 4:15:39 PM org.eclipse.lsp4j.jsonrpc.RemoteEndpoint handleCancellation
WARNING: Unmatched cancel notification for request id 25055
2026.05.30 16:15:39 INFO  compiling core (1 scala source)
2026.05.30 16:15:39 INFO  time: compiled core in 0.5s
May 30, 2026 4:15:40 PM org.eclipse.lsp4j.jsonrpc.RemoteEndpoint handleCancellation
WARNING: Unmatched cancel notification for request id 25061
May 30, 2026 4:15:40 PM org.eclipse.lsp4j.jsonrpc.RemoteEndpoint handleCancellation
WARNING: Unmatched cancel notification for request id 25063
May 30, 2026 4:15:40 PM org.eclipse.lsp4j.jsonrpc.RemoteEndpoint handleCancellation
WARNING: Unmatched cancel notification for request id 25064
May 30, 2026 4:15:40 PM org.eclipse.lsp4j.jsonrpc.RemoteEndpoint handleCancellation
WARNING: Unmatched cancel notification for request id 25066
May 30, 2026 4:15:40 PM org.eclipse.lsp4j.jsonrpc.RemoteEndpoint handleCancellation
WARNING: Unmatched cancel notification for request id 25068
May 30, 2026 4:15:40 PM org.eclipse.lsp4j.jsonrpc.RemoteEndpoint handleCancellation
WARNING: Unmatched cancel notification for request id 25069
May 30, 2026 4:15:40 PM org.eclipse.lsp4j.jsonrpc.RemoteEndpoint handleCancellation
WARNING: Unmatched cancel notification for request id 25070
May 30, 2026 4:15:40 PM org.eclipse.lsp4j.jsonrpc.RemoteEndpoint handleCancellation
WARNING: Unmatched cancel notification for request id 25071
May 30, 2026 4:15:40 PM org.eclipse.lsp4j.jsonrpc.RemoteEndpoint handleCancellation
WARNING: Unmatched cancel notification for request id 25073
May 30, 2026 4:15:40 PM org.eclipse.lsp4j.jsonrpc.RemoteEndpoint handleCancellation
WARNING: Unmatched cancel notification for request id 25075
May 30, 2026 4:15:40 PM org.eclipse.lsp4j.jsonrpc.RemoteEndpoint handleCancellation
WARNING: Unmatched cancel notification for request id 25076
May 30, 2026 4:15:40 PM org.eclipse.lsp4j.jsonrpc.RemoteEndpoint handleCancellation
WARNING: Unmatched cancel notification for request id 25077
May 30, 2026 4:15:40 PM org.eclipse.lsp4j.jsonrpc.RemoteEndpoint handleCancellation
WARNING: Unmatched cancel notification for request id 25079
May 30, 2026 4:15:40 PM org.eclipse.lsp4j.jsonrpc.RemoteEndpoint handleCancellation
WARNING: Unmatched cancel notification for request id 25081
May 30, 2026 4:15:40 PM org.eclipse.lsp4j.jsonrpc.RemoteEndpoint handleCancellation
WARNING: Unmatched cancel notification for request id 25082
May 30, 2026 4:15:40 PM org.eclipse.lsp4j.jsonrpc.RemoteEndpoint handleCancellation
WARNING: Unmatched cancel notification for request id 25090
May 30, 2026 4:15:40 PM org.eclipse.lsp4j.jsonrpc.RemoteEndpoint handleCancellation
WARNING: Unmatched cancel notification for request id 25091
May 30, 2026 4:15:40 PM org.eclipse.lsp4j.jsonrpc.RemoteEndpoint handleCancellation
WARNING: Unmatched cancel notification for request id 25094
May 30, 2026 4:15:40 PM org.eclipse.lsp4j.jsonrpc.RemoteEndpoint handleCancellation
WARNING: Unmatched cancel notification for request id 25095
May 30, 2026 4:15:40 PM org.eclipse.lsp4j.jsonrpc.RemoteEndpoint handleCancellation
WARNING: Unmatched cancel notification for request id 25096
May 30, 2026 4:15:40 PM org.eclipse.lsp4j.jsonrpc.RemoteEndpoint handleCancellation
WARNING: Unmatched cancel notification for request id 25097
May 30, 2026 4:15:40 PM org.eclipse.lsp4j.jsonrpc.RemoteEndpoint handleCancellation
WARNING: Unmatched cancel notification for request id 25100
May 30, 2026 4:15:40 PM org.eclipse.lsp4j.jsonrpc.RemoteEndpoint handleCancellation
WARNING: Unmatched cancel notification for request id 25101
May 30, 2026 4:15:40 PM org.eclipse.lsp4j.jsonrpc.RemoteEndpoint handleCancellation
WARNING: Unmatched cancel notification for request id 25104
May 30, 2026 4:15:40 PM org.eclipse.lsp4j.jsonrpc.RemoteEndpoint handleCancellation
WARNING: Unmatched cancel notification for request id 25107
May 30, 2026 4:15:40 PM org.eclipse.lsp4j.jsonrpc.RemoteEndpoint handleCancellation
WARNING: Unmatched cancel notification for request id 25109
May 30, 2026 4:15:40 PM org.eclipse.lsp4j.jsonrpc.RemoteEndpoint handleCancellation
WARNING: Unmatched cancel notification for request id 25111
2026.05.30 16:15:49 INFO  compiling core (1 scala source)
2026.05.30 16:15:49 INFO  time: compiled core in 0.21s
May 30, 2026 4:15:50 PM org.eclipse.lsp4j.jsonrpc.RemoteEndpoint handleCancellation
WARNING: Unmatched cancel notification for request id 25199
May 30, 2026 4:16:09 PM org.eclipse.lsp4j.jsonrpc.RemoteEndpoint handleCancellation
WARNING: Unmatched cancel notification for request id 25240
May 30, 2026 4:16:09 PM org.eclipse.lsp4j.jsonrpc.RemoteEndpoint handleCancellation
WARNING: Unmatched cancel notification for request id 25243
May 30, 2026 4:16:09 PM org.eclipse.lsp4j.jsonrpc.RemoteEndpoint handleCancellation
WARNING: Unmatched cancel notification for request id 25246
May 30, 2026 4:16:09 PM org.eclipse.lsp4j.jsonrpc.RemoteEndpoint handleCancellation
WARNING: Unmatched cancel notification for request id 25249
2026.05.30 16:16:35 INFO  compiling core (1 scala source)
2026.05.30 16:16:35 INFO  time: compiled core in 0.18s
2026.05.30 16:16:47 INFO  compiling core (1 scala source)
2026.05.30 16:16:47 INFO  time: compiled core in 0.16s
May 30, 2026 4:17:15 PM org.eclipse.lsp4j.jsonrpc.RemoteEndpoint handleCancellation
WARNING: Unmatched cancel notification for request id 25569
2026.05.30 16:17:21 INFO  compiling core (1 scala source)
2026.05.30 16:17:21 INFO  time: compiled core in 0.18s
2026.05.30 16:17:50 WARN  Could not find semantic tokens for: file:///Users/robbetiteca/projects/school/thesis/ecosystem-randomized-cache/core/src/main/scala/riscv/plugins/Cache.scala
2026.05.30 16:17:50 WARN  Could not find semantic tokens for: file:///Users/robbetiteca/projects/school/thesis/ecosystem-randomized-cache/core/src/main/scala/riscv/plugins/Cache.scala
May 30, 2026 4:17:51 PM org.eclipse.lsp4j.jsonrpc.RemoteEndpoint handleCancellation
WARNING: Unmatched cancel notification for request id 25778
May 30, 2026 4:17:51 PM scala.meta.internal.pc.CompilerAccess retryWithCleanCompiler
INFO: compiler crashed due to an error in the Scala compiler, retrying with new compiler instance.
May 30, 2026 4:17:52 PM org.eclipse.lsp4j.jsonrpc.RemoteEndpoint handleCancellation
WARNING: Unmatched cancel notification for request id 25794
May 30, 2026 4:17:57 PM scala.meta.internal.pc.CompilerAccess retryWithCleanCompiler
INFO: compiler crashed due to an error in the Scala compiler, retrying with new compiler instance.
May 30, 2026 4:17:57 PM org.eclipse.lsp4j.jsonrpc.RemoteEndpoint handleCancellation
WARNING: Unmatched cancel notification for request id 25841
May 30, 2026 4:18:00 PM org.eclipse.lsp4j.jsonrpc.RemoteEndpoint handleCancellation
WARNING: Unmatched cancel notification for request id 25893
2026.05.30 16:18:07 INFO  compiling core (1 scala source)
2026.05.30 16:18:07 INFO  time: compiled core in 0.16s
2026.05.30 16:18:20 WARN  Could not find semantic tokens for: file:///Users/robbetiteca/projects/school/thesis/ecosystem-randomized-cache/core/src/main/scala/riscv/plugins/Cache.scala
May 30, 2026 4:18:27 PM org.eclipse.lsp4j.jsonrpc.RemoteEndpoint handleCancellation
WARNING: Unmatched cancel notification for request id 26045
May 30, 2026 4:18:31 PM org.eclipse.lsp4j.jsonrpc.RemoteEndpoint handleCancellation
WARNING: Unmatched cancel notification for request id 26092
May 30, 2026 4:18:32 PM org.eclipse.lsp4j.jsonrpc.RemoteEndpoint handleCancellation
WARNING: Unmatched cancel notification for request id 26099
May 30, 2026 4:18:41 PM org.eclipse.lsp4j.jsonrpc.RemoteEndpoint handleCancellation
WARNING: Unmatched cancel notification for request id 26155
May 30, 2026 4:19:35 PM org.eclipse.lsp4j.jsonrpc.RemoteEndpoint handleCancellation
WARNING: Unmatched cancel notification for request id 26356
May 30, 2026 4:19:35 PM org.eclipse.lsp4j.jsonrpc.RemoteEndpoint handleCancellation
WARNING: Unmatched cancel notification for request id 26364
May 30, 2026 4:19:37 PM org.eclipse.lsp4j.jsonrpc.RemoteEndpoint handleCancellation
WARNING: Unmatched cancel notification for request id 26383
May 30, 2026 4:19:38 PM org.eclipse.lsp4j.jsonrpc.RemoteEndpoint handleCancellation
WARNING: Unmatched cancel notification for request id 26394
2026.05.30 16:19:40 WARN  Could not find semantic tokens for: file:///Users/robbetiteca/projects/school/thesis/ecosystem-randomized-cache/core/src/main/scala/riscv/plugins/Cache.scala
May 30, 2026 4:20:07 PM org.eclipse.lsp4j.jsonrpc.RemoteEndpoint handleCancellation
WARNING: Unmatched cancel notification for request id 26481
May 30, 2026 4:20:07 PM org.eclipse.lsp4j.jsonrpc.RemoteEndpoint handleCancellation
WARNING: Unmatched cancel notification for request id 26482
May 30, 2026 4:20:07 PM org.eclipse.lsp4j.jsonrpc.RemoteEndpoint handleCancellation
WARNING: Unmatched cancel notification for request id 26484
May 30, 2026 4:20:07 PM org.eclipse.lsp4j.jsonrpc.RemoteEndpoint handleCancellation
WARNING: Unmatched cancel notification for request id 26485
May 30, 2026 4:20:18 PM org.eclipse.lsp4j.jsonrpc.RemoteEndpoint handleCancellation
WARNING: Unmatched cancel notification for request id 26555
2026.05.30 16:20:18 WARN  Could not find semantic tokens for: file:///Users/robbetiteca/projects/school/thesis/ecosystem-randomized-cache/core/src/main/scala/riscv/plugins/Cache.scala
May 30, 2026 4:20:18 PM org.eclipse.lsp4j.jsonrpc.RemoteEndpoint handleCancellation
WARNING: Unmatched cancel notification for request id 26557
May 30, 2026 4:20:18 PM org.eclipse.lsp4j.jsonrpc.RemoteEndpoint handleCancellation
WARNING: Unmatched cancel notification for request id 26560
May 30, 2026 4:20:18 PM org.eclipse.lsp4j.jsonrpc.RemoteEndpoint handleCancellation
WARNING: Unmatched cancel notification for request id 26564
May 30, 2026 4:20:19 PM org.eclipse.lsp4j.jsonrpc.RemoteEndpoint handleCancellation
WARNING: Unmatched cancel notification for request id 26569
2026.05.30 16:20:21 WARN  High memory usage detected: 100% (2048 MB / 2048 MB)
2026.05.30 16:20:21 WARN  Could not find semantic tokens for: file:///Users/robbetiteca/projects/school/thesis/ecosystem-randomized-cache/core/src/main/scala/riscv/plugins/Cache.scala
May 30, 2026 4:20:26 PM org.eclipse.lsp4j.jsonrpc.RemoteEndpoint handleCancellation
WARNING: Unmatched cancel notification for request id 26657
May 30, 2026 4:20:26 PM org.eclipse.lsp4j.jsonrpc.RemoteEndpoint handleCancellation
WARNING: Unmatched cancel notification for request id 26658
2026.05.30 16:20:29 INFO  compiling core (1 scala source)
2026.05.30 16:20:29 INFO  time: compiled core in 0.27s
May 30, 2026 4:20:30 PM org.eclipse.lsp4j.jsonrpc.RemoteEndpoint handleCancellation
WARNING: Unmatched cancel notification for request id 26710
May 30, 2026 4:20:31 PM org.eclipse.lsp4j.jsonrpc.RemoteEndpoint handleCancellation
WARNING: Unmatched cancel notification for request id 26717
2026.05.30 16:20:41 INFO  compiling core (1 scala source)
2026.05.30 16:20:41 INFO  time: compiled core in 0.18s
May 30, 2026 4:20:49 PM org.eclipse.lsp4j.jsonrpc.RemoteEndpoint handleCancellation
WARNING: Unmatched cancel notification for request id 26796
May 30, 2026 4:20:49 PM org.eclipse.lsp4j.jsonrpc.RemoteEndpoint handleCancellation
WARNING: Unmatched cancel notification for request id 26802
May 30, 2026 4:20:49 PM org.eclipse.lsp4j.jsonrpc.RemoteEndpoint handleCancellation
WARNING: Unmatched cancel notification for request id 26804
May 30, 2026 4:20:49 PM org.eclipse.lsp4j.jsonrpc.RemoteEndpoint handleCancellation
WARNING: Unmatched cancel notification for request id 26805
May 30, 2026 4:20:49 PM org.eclipse.lsp4j.jsonrpc.RemoteEndpoint handleCancellation
WARNING: Unmatched cancel notification for request id 26811
May 30, 2026 4:20:49 PM org.eclipse.lsp4j.jsonrpc.RemoteEndpoint handleCancellation
WARNING: Unmatched cancel notification for request id 26813
2026.05.30 16:20:52 INFO  compiling core (1 scala source)
2026.05.30 16:20:52 INFO  time: compiled core in 0.16s
May 30, 2026 4:20:53 PM org.eclipse.lsp4j.jsonrpc.RemoteEndpoint handleCancellation
WARNING: Unmatched cancel notification for request id 26873
May 30, 2026 4:20:54 PM scala.meta.internal.pc.AutoImportsProvider$$anonfun$1 applyOrElse
WARNING: Could not infer edits for riscv.plugins.RiscvFormal.Rvfi, tree around the position were scala.reflect.internal.Trees$Ident,scala.reflect.internal.Trees$Apply,scala.reflect.internal.Trees$Block,scala.reflect.internal.Trees$DefDef,scala.reflect.internal.Trees$Template, auto import position was Some(AutoImportPosition(173,0,false))
2026.05.30 16:20:54 INFO  compiling core (1 scala source)
May 30, 2026 4:20:54 PM scala.meta.internal.pc.AutoImportsProvider$$anonfun$1 applyOrElse
WARNING: Could not infer edits for riscv.plugins.RiscvFormal.Rvfi, tree around the position were scala.reflect.internal.Trees$Ident,scala.reflect.internal.Trees$Apply,scala.reflect.internal.Trees$Block,scala.reflect.internal.Trees$DefDef,scala.reflect.internal.Trees$Template, auto import position was Some(AutoImportPosition(173,0,false))
2026.05.30 16:20:54 INFO  time: compiled core in 0.19s
May 30, 2026 4:20:57 PM org.eclipse.lsp4j.jsonrpc.RemoteEndpoint handleCancellation
WARNING: Unmatched cancel notification for request id 26910
May 30, 2026 4:20:57 PM org.eclipse.lsp4j.jsonrpc.RemoteEndpoint handleCancellation
WARNING: Unmatched cancel notification for request id 26913
2026.05.30 16:20:59 INFO  compiling core (1 scala source)
2026.05.30 16:20:59 INFO  time: compiled core in 0.24s
2026.05.30 16:21:02 INFO  compiling core (1 scala source)
2026.05.30 16:21:02 INFO  time: compiled core in 0.22s
2026.05.30 16:21:04 INFO  compiling core (1 scala source)
2026.05.30 16:21:04 INFO  time: compiled core in 0.19s
May 30, 2026 4:21:09 PM org.eclipse.lsp4j.jsonrpc.RemoteEndpoint handleCancellation
WARNING: Unmatched cancel notification for request id 27013
May 30, 2026 4:21:09 PM org.eclipse.lsp4j.jsonrpc.RemoteEndpoint handleCancellation
WARNING: Unmatched cancel notification for request id 27017
May 30, 2026 4:21:14 PM org.eclipse.lsp4j.jsonrpc.RemoteEndpoint handleCancellation
WARNING: Unmatched cancel notification for request id 27083
May 30, 2026 4:21:29 PM org.eclipse.lsp4j.jsonrpc.RemoteEndpoint handleCancellation
WARNING: Unmatched cancel notification for request id 27199
2026.05.30 16:21:41 WARN  Could not find semantic tokens for: file:///Users/robbetiteca/projects/school/thesis/ecosystem-randomized-cache/core/src/main/scala/riscv/plugins/Cache.scala
2026.05.30 16:21:44 INFO  compiling core (1 scala source)
2026.05.30 16:21:44 INFO  time: compiled core in 0.18s
2026.05.30 16:21:51 INFO  compiling core (1 scala source)
2026.05.30 16:21:51 INFO  time: compiled core in 0.17s
May 30, 2026 4:22:03 PM org.eclipse.lsp4j.jsonrpc.RemoteEndpoint handleCancellation
WARNING: Unmatched cancel notification for request id 27351
2026.05.30 16:22:03 WARN  Could not find semantic tokens for: file:///Users/robbetiteca/projects/school/thesis/ecosystem-randomized-cache/core/src/main/scala/riscv/plugins/Cache.scala
May 30, 2026 4:22:03 PM org.eclipse.lsp4j.jsonrpc.RemoteEndpoint handleCancellation
WARNING: Unmatched cancel notification for request id 27354
2026.05.30 16:22:07 INFO  compiling core (1 scala source)
2026.05.30 16:22:07 INFO  time: compiled core in 0.18s
2026.05.30 16:22:10 WARN  Could not find semantic tokens for: file:///Users/robbetiteca/projects/school/thesis/ecosystem-randomized-cache/core/src/main/scala/riscv/plugins/Cache.scala
May 30, 2026 4:22:26 PM org.eclipse.lsp4j.jsonrpc.RemoteEndpoint handleCancellation
WARNING: Unmatched cancel notification for request id 27564
May 30, 2026 4:22:28 PM scala.meta.internal.pc.MetalsGlobal inverseSemanticdbSymbols
SEVERE: invalid SemanticDB symbol: riscv/plugins/Cache#ways.
illegal cyclic reference involving class Cache
May 30, 2026 4:22:39 PM org.eclipse.lsp4j.jsonrpc.RemoteEndpoint handleCancellation
WARNING: Unmatched cancel notification for request id 27709
May 30, 2026 4:22:46 PM org.eclipse.lsp4j.jsonrpc.RemoteEndpoint handleCancellation
WARNING: Unmatched cancel notification for request id 27783
May 30, 2026 4:22:46 PM org.eclipse.lsp4j.jsonrpc.RemoteEndpoint handleCancellation
WARNING: Unmatched cancel notification for request id 27785
May 30, 2026 4:22:46 PM org.eclipse.lsp4j.jsonrpc.RemoteEndpoint handleCancellation
WARNING: Unmatched cancel notification for request id 27788
May 30, 2026 4:23:26 PM org.eclipse.lsp4j.jsonrpc.RemoteEndpoint handleCancellation
WARNING: Unmatched cancel notification for request id 28026
May 30, 2026 4:23:28 PM org.eclipse.lsp4j.jsonrpc.RemoteEndpoint handleCancellation
WARNING: Unmatched cancel notification for request id 28057
May 30, 2026 4:23:29 PM org.eclipse.lsp4j.jsonrpc.RemoteEndpoint handleCancellation
WARNING: Unmatched cancel notification for request id 28061
2026.05.30 16:24:01 INFO  compiling core (1 scala source)
2026.05.30 16:24:01 INFO  time: compiled core in 0.37s
2026.05.30 16:24:06 WARN  Could not find semantic tokens for: file:///Users/robbetiteca/projects/school/thesis/ecosystem-randomized-cache/core/src/main/scala/riscv/plugins/Cache.scala
2026.05.30 16:24:45 WARN  Could not find semantic tokens for: file:///Users/robbetiteca/projects/school/thesis/ecosystem-randomized-cache/core/src/main/scala/riscv/plugins/Cache.scala
May 30, 2026 4:25:04 PM org.eclipse.lsp4j.jsonrpc.RemoteEndpoint handleCancellation
WARNING: Unmatched cancel notification for request id 28478
May 30, 2026 4:25:04 PM org.eclipse.lsp4j.jsonrpc.RemoteEndpoint handleCancellation
WARNING: Unmatched cancel notification for request id 28479
2026.05.30 16:25:14 WARN  Could not find semantic tokens for: file:///Users/robbetiteca/projects/school/thesis/ecosystem-randomized-cache/core/src/main/scala/riscv/plugins/Cache.scala
2026.05.30 16:25:15 INFO  compiling core (1 scala source)
2026.05.30 16:25:15 INFO  time: compiled core in 0.2s
2026.05.30 16:25:25 WARN  Could not find semantic tokens for: file:///Users/robbetiteca/projects/school/thesis/ecosystem-randomized-cache/core/src/main/scala/riscv/plugins/Cache.scala
2026.05.30 16:25:29 INFO  compiling core (1 scala source)
2026.05.30 16:25:29 INFO  time: compiled core in 0.19s
May 30, 2026 4:25:32 PM org.eclipse.lsp4j.jsonrpc.RemoteEndpoint handleCancellation
WARNING: Unmatched cancel notification for request id 28710
2026.05.30 16:25:33 INFO  compiling core (1 scala source)
2026.05.30 16:25:33 INFO  time: compiled core in 0.14s
2026.05.30 16:25:40 INFO  compiling core (1 scala source)
2026.05.30 16:25:40 INFO  time: compiled core in 0.14s
2026.05.30 16:25:50 INFO  compiling core (1 scala source)
2026.05.30 16:25:50 INFO  time: compiled core in 0.25s
2026.05.30 16:26:38 INFO  compiling core (1 scala source)
2026.05.30 16:26:38 INFO  time: compiled core in 0.18s
2026.05.30 16:26:48 INFO  compiling core (1 scala source)
2026.05.30 16:26:48 INFO  time: compiled core in 0.19s
2026.05.30 16:27:01 INFO  compiling core (1 scala source)
2026.05.30 16:27:01 INFO  time: compiled core in 0.26s
May 30, 2026 4:27:13 PM org.eclipse.lsp4j.jsonrpc.RemoteEndpoint handleCancellation
WARNING: Unmatched cancel notification for request id 29074
May 30, 2026 4:27:13 PM org.eclipse.lsp4j.jsonrpc.RemoteEndpoint handleCancellation
WARNING: Unmatched cancel notification for request id 29081
May 30, 2026 4:27:13 PM org.eclipse.lsp4j.jsonrpc.RemoteEndpoint handleCancellation
WARNING: Unmatched cancel notification for request id 29083
2026.05.30 16:29:26 INFO  time: code lens generation in 1.07s
May 30, 2026 4:29:27 PM org.eclipse.lsp4j.jsonrpc.RemoteEndpoint handleCancellation
WARNING: Unmatched cancel notification for request id 29353
May 30, 2026 4:29:27 PM org.eclipse.lsp4j.jsonrpc.RemoteEndpoint handleCancellation
WARNING: Unmatched cancel notification for request id 29359
May 30, 2026 4:29:27 PM org.eclipse.lsp4j.jsonrpc.RemoteEndpoint handleCancellation
WARNING: Unmatched cancel notification for request id 29362
May 30, 2026 4:29:28 PM org.eclipse.lsp4j.jsonrpc.RemoteEndpoint handleCancellation
WARNING: Unmatched cancel notification for request id 29364
May 30, 2026 4:29:28 PM org.eclipse.lsp4j.jsonrpc.RemoteEndpoint handleCancellation
WARNING: Unmatched cancel notification for request id 29358
May 30, 2026 4:29:28 PM org.eclipse.lsp4j.jsonrpc.RemoteEndpoint handleCancellation
WARNING: Unmatched cancel notification for request id 29366
2026.05.30 16:29:28 WARN  Could not find semantic tokens for: file:///Users/robbetiteca/projects/school/thesis/ecosystem-randomized-cache/core/src/main/scala/riscv/plugins/Cache.scala
May 30, 2026 4:29:29 PM org.eclipse.lsp4j.jsonrpc.RemoteEndpoint handleCancellation
WARNING: Unmatched cancel notification for request id 29373
May 30, 2026 4:29:29 PM org.eclipse.lsp4j.jsonrpc.RemoteEndpoint handleCancellation
WARNING: Unmatched cancel notification for request id 29372
May 30, 2026 4:29:29 PM org.eclipse.lsp4j.jsonrpc.RemoteEndpoint handleCancellation
WARNING: Unmatched cancel notification for request id 29375
May 30, 2026 4:29:29 PM org.eclipse.lsp4j.jsonrpc.RemoteEndpoint handleCancellation
WARNING: Unmatched cancel notification for request id 29383
2026.05.30 16:29:29 INFO  time: code lens generation in 1.01s
May 30, 2026 4:29:29 PM org.eclipse.lsp4j.jsonrpc.RemoteEndpoint handleCancellation
WARNING: Unmatched cancel notification for request id 29380
May 30, 2026 4:29:29 PM org.eclipse.lsp4j.jsonrpc.RemoteEndpoint handleCancellation
WARNING: Unmatched cancel notification for request id 29379
May 30, 2026 4:29:30 PM org.eclipse.lsp4j.jsonrpc.RemoteEndpoint handleCancellation
WARNING: Unmatched cancel notification for request id 29385
May 30, 2026 4:29:30 PM org.eclipse.lsp4j.jsonrpc.RemoteEndpoint handleCancellation
WARNING: Unmatched cancel notification for request id 29391
May 30, 2026 4:29:30 PM org.eclipse.lsp4j.jsonrpc.RemoteEndpoint handleCancellation
WARNING: Unmatched cancel notification for request id 29393
May 30, 2026 4:29:31 PM org.eclipse.lsp4j.jsonrpc.RemoteEndpoint handleCancellation
WARNING: Unmatched cancel notification for request id 29399
May 30, 2026 4:29:31 PM org.eclipse.lsp4j.jsonrpc.RemoteEndpoint handleCancellation
WARNING: Unmatched cancel notification for request id 29402
2026.05.30 16:29:32 INFO  time: code lens generation in 1.52s
2026.05.30 16:29:32 INFO  time: code lens generation in 1.52s
May 30, 2026 4:29:32 PM org.eclipse.lsp4j.jsonrpc.RemoteEndpoint handleCancellation
WARNING: Unmatched cancel notification for request id 29406
May 30, 2026 4:29:32 PM org.eclipse.lsp4j.jsonrpc.RemoteEndpoint handleCancellation
WARNING: Unmatched cancel notification for request id 29407
2026.05.30 16:29:32 INFO  time: code lens generation in 1.13s
May 30, 2026 4:29:33 PM org.eclipse.lsp4j.jsonrpc.RemoteEndpoint handleCancellation
WARNING: Unmatched cancel notification for request id 29410
2026.05.30 16:29:34 INFO  time: code lens generation in 1.69s
May 30, 2026 4:29:34 PM org.eclipse.lsp4j.jsonrpc.RemoteEndpoint handleCancellation
WARNING: Unmatched cancel notification for request id 29411
May 30, 2026 4:29:35 PM org.eclipse.lsp4j.jsonrpc.RemoteEndpoint handleCancellation
WARNING: Unmatched cancel notification for request id 29417
May 30, 2026 4:29:35 PM org.eclipse.lsp4j.jsonrpc.RemoteEndpoint handleCancellation
WARNING: Unmatched cancel notification for request id 29420
May 30, 2026 4:29:35 PM org.eclipse.lsp4j.jsonrpc.RemoteEndpoint handleCancellation
WARNING: Unmatched cancel notification for request id 29422
May 30, 2026 4:29:35 PM org.eclipse.lsp4j.jsonrpc.RemoteEndpoint handleCancellation
WARNING: Unmatched cancel notification for request id 29428
May 30, 2026 4:29:35 PM org.eclipse.lsp4j.jsonrpc.RemoteEndpoint handleCancellation
WARNING: Unmatched cancel notification for request id 29426
2026.05.30 16:29:36 INFO  time: code lens generation in 1.29s
May 30, 2026 4:29:36 PM org.eclipse.lsp4j.jsonrpc.RemoteEndpoint handleCancellation
WARNING: Unmatched cancel notification for request id 29437
May 30, 2026 4:29:37 PM org.eclipse.lsp4j.jsonrpc.RemoteEndpoint handleCancellation
WARNING: Unmatched cancel notification for request id 29439
May 30, 2026 4:29:37 PM org.eclipse.lsp4j.jsonrpc.RemoteEndpoint handleCancellation
WARNING: Unmatched cancel notification for request id 29441
May 30, 2026 4:29:37 PM org.eclipse.lsp4j.jsonrpc.RemoteEndpoint handleCancellation
WARNING: Unmatched cancel notification for request id 29442
May 30, 2026 4:29:37 PM org.eclipse.lsp4j.jsonrpc.RemoteEndpoint handleCancellation
WARNING: Unmatched cancel notification for request id 29444
May 30, 2026 4:29:37 PM org.eclipse.lsp4j.jsonrpc.RemoteEndpoint handleCancellation
WARNING: Unmatched cancel notification for request id 29446
May 30, 2026 4:29:37 PM org.eclipse.lsp4j.jsonrpc.RemoteEndpoint handleCancellation
WARNING: Unmatched cancel notification for request id 29449
May 30, 2026 4:29:37 PM org.eclipse.lsp4j.jsonrpc.RemoteEndpoint handleCancellation
WARNING: Unmatched cancel notification for request id 29452
May 30, 2026 4:29:37 PM org.eclipse.lsp4j.jsonrpc.RemoteEndpoint handleCancellation
WARNING: Unmatched cancel notification for request id 29455
May 30, 2026 4:29:37 PM org.eclipse.lsp4j.jsonrpc.RemoteEndpoint handleCancellation
WARNING: Unmatched cancel notification for request id 29457
May 30, 2026 4:29:37 PM org.eclipse.lsp4j.jsonrpc.RemoteEndpoint handleCancellation
WARNING: Unmatched cancel notification for request id 29458
May 30, 2026 4:29:37 PM org.eclipse.lsp4j.jsonrpc.RemoteEndpoint handleCancellation
WARNING: Unmatched cancel notification for request id 29459
May 30, 2026 4:29:37 PM org.eclipse.lsp4j.jsonrpc.RemoteEndpoint handleCancellation
WARNING: Unmatched cancel notification for request id 29462
May 30, 2026 4:29:37 PM org.eclipse.lsp4j.jsonrpc.RemoteEndpoint handleCancellation
WARNING: Unmatched cancel notification for request id 29464
May 30, 2026 4:29:37 PM org.eclipse.lsp4j.jsonrpc.RemoteEndpoint handleCancellation
WARNING: Unmatched cancel notification for request id 29468
May 30, 2026 4:29:37 PM org.eclipse.lsp4j.jsonrpc.RemoteEndpoint handleCancellation
WARNING: Unmatched cancel notification for request id 29467
May 30, 2026 4:29:38 PM org.eclipse.lsp4j.jsonrpc.RemoteEndpoint handleCancellation
WARNING: Unmatched cancel notification for request id 29470
May 30, 2026 4:29:38 PM org.eclipse.lsp4j.jsonrpc.RemoteEndpoint handleCancellation
WARNING: Unmatched cancel notification for request id 29461
May 30, 2026 4:29:38 PM org.eclipse.lsp4j.jsonrpc.RemoteEndpoint handleCancellation
WARNING: Unmatched cancel notification for request id 29472
May 30, 2026 4:29:38 PM org.eclipse.lsp4j.jsonrpc.RemoteEndpoint handleCancellation
WARNING: Unmatched cancel notification for request id 29475
2026.05.30 16:29:39 INFO  compiling core (1 scala source)
2026.05.30 16:29:39 INFO  time: compiled core in 5ms
2026.05.30 16:29:39 INFO  time: code lens generation in 1.25s
2026.05.30 16:29:40 WARN  Could not find semantic tokens for: file:///Users/robbetiteca/projects/school/thesis/ecosystem-randomized-cache/core/src/main/scala/riscv/plugins/Cache.scala
2026.05.30 16:29:40 INFO  time: code lens generation in 1.13s
2026.05.30 16:29:40 INFO  compiling core (1 scala source)
2026.05.30 16:29:40 INFO  time: compiled core in 0.38s
2026.05.30 16:29:58 INFO  compiling core (1 scala source)
2026.05.30 16:29:58 INFO  time: compiled core in 86ms
2026.05.30 16:30:23 INFO  compiling core (1 scala source)
2026.05.30 16:30:23 INFO  time: compiled core in 74ms
May 30, 2026 4:30:42 PM org.eclipse.lsp4j.jsonrpc.RemoteEndpoint handleCancellation
WARNING: Unmatched cancel notification for request id 29824
May 30, 2026 4:30:42 PM scala.meta.internal.pc.CompletionProvider expected$1
WARNING: Range [8912, 8912 + -1) out of bounds for length 30037
2026.05.30 16:30:53 INFO  compiling core (1 scala source)
2026.05.30 16:30:53 INFO  time: compiled core in 0.16s
2026.05.30 16:31:01 INFO  compiling core (1 scala source)
2026.05.30 16:31:01 INFO  time: compiled core in 0.29s
May 30, 2026 4:31:12 PM org.eclipse.lsp4j.jsonrpc.RemoteEndpoint handleCancellation
WARNING: Unmatched cancel notification for request id 30067
May 30, 2026 4:31:12 PM org.eclipse.lsp4j.jsonrpc.RemoteEndpoint handleCancellation
WARNING: Unmatched cancel notification for request id 30069
May 30, 2026 4:31:12 PM org.eclipse.lsp4j.jsonrpc.RemoteEndpoint handleCancellation
WARNING: Unmatched cancel notification for request id 30071
May 30, 2026 4:31:12 PM org.eclipse.lsp4j.jsonrpc.RemoteEndpoint handleCancellation
WARNING: Unmatched cancel notification for request id 30074
2026.05.30 16:31:13 INFO  compiling core (1 scala source)
2026.05.30 16:31:13 INFO  time: compiled core in 0.22s
2026.05.30 16:31:30 WARN  Could not find semantic tokens for: file:///Users/robbetiteca/projects/school/thesis/ecosystem-randomized-cache/core/src/main/scala/riscv/plugins/Cache.scala
May 30, 2026 4:31:34 PM scala.meta.internal.pc.CompletionProvider expected$1
WARNING: Range [9037, 9037 + -1) out of bounds for length 30050
2026.05.30 16:31:38 INFO  compiling core (1 scala source)
2026.05.30 16:31:38 INFO  time: compiled core in 0.23s
2026.05.30 16:31:51 INFO  compiling core (1 scala source)
2026.05.30 16:31:51 INFO  time: compiled core in 96ms
2026.05.30 16:31:55 INFO  compiling core (1 scala source)
2026.05.30 16:31:55 INFO  time: compiled core in 0.18s
May 30, 2026 4:32:10 PM org.eclipse.lsp4j.jsonrpc.RemoteEndpoint handleCancellation
WARNING: Unmatched cancel notification for request id 30440
May 30, 2026 4:32:11 PM org.eclipse.lsp4j.jsonrpc.RemoteEndpoint handleCancellation
WARNING: Unmatched cancel notification for request id 30475
May 30, 2026 4:32:11 PM org.eclipse.lsp4j.jsonrpc.RemoteEndpoint handleCancellation
WARNING: Unmatched cancel notification for request id 30477
2026.05.30 16:32:11 WARN  Could not find semantic tokens for: file:///Users/robbetiteca/projects/school/thesis/ecosystem-randomized-cache/core/src/main/scala/riscv/plugins/Cache.scala
May 30, 2026 4:32:12 PM org.eclipse.lsp4j.jsonrpc.RemoteEndpoint handleCancellation
WARNING: Unmatched cancel notification for request id 30481
May 30, 2026 4:32:12 PM org.eclipse.lsp4j.jsonrpc.RemoteEndpoint handleCancellation
WARNING: Unmatched cancel notification for request id 30483
2026.05.30 16:32:11 WARN  Could not find semantic tokens for: file:///Users/robbetiteca/projects/school/thesis/ecosystem-randomized-cache/core/src/main/scala/riscv/plugins/Cache.scala
May 30, 2026 4:32:33 PM scala.meta.internal.pc.CompilerAccess retryWithCleanCompiler
INFO: compiler crashed due to an error in the Scala compiler, retrying with new compiler instance.
May 30, 2026 4:32:33 PM org.eclipse.lsp4j.jsonrpc.RemoteEndpoint handleCancellation
WARNING: Unmatched cancel notification for request id 30623
2026.05.30 16:32:44 INFO  compiling core (1 scala source)
2026.05.30 16:32:44 INFO  time: compiled core in 0.2s
May 30, 2026 4:32:54 PM scala.meta.internal.pc.CompilerAccess retryWithCleanCompiler
INFO: compiler crashed due to an error in the Scala compiler, retrying with new compiler instance.
2026.05.30 16:32:54 INFO  compiling core (1 scala source)
2026.05.30 16:32:54 INFO  time: compiled core in 0.2s
May 30, 2026 4:33:05 PM org.eclipse.lsp4j.jsonrpc.RemoteEndpoint handleCancellation
WARNING: Unmatched cancel notification for request id 30835
2026.05.30 16:33:11 INFO  compiling core (1 scala source)
2026.05.30 16:33:11 INFO  time: compiled core in 0.2s
May 30, 2026 4:33:12 PM org.eclipse.lsp4j.jsonrpc.RemoteEndpoint handleCancellation
WARNING: Unmatched cancel notification for request id 30948
2026.05.30 16:33:12 WARN  Could not find semantic tokens for: file:///Users/robbetiteca/projects/school/thesis/ecosystem-randomized-cache/core/src/main/scala/riscv/plugins/Cache.scala
2026.05.30 16:33:13 INFO  compiling core (1 scala source)
2026.05.30 16:33:13 INFO  time: compiled core in 0.24s
May 30, 2026 4:33:24 PM org.eclipse.lsp4j.jsonrpc.RemoteEndpoint handleCancellation
WARNING: Unmatched cancel notification for request id 30991
2026.05.30 16:34:27 INFO  compiling core (1 scala source)
2026.05.30 16:34:27 INFO  time: compiled core in 0.26s
2026.05.30 16:34:54 INFO  compiling core (1 scala source)
2026.05.30 16:34:54 INFO  time: compiled core in 0.23s
2026.05.30 16:35:21 WARN  High memory usage detected: 91% (1872 MB / 2048 MB)
May 30, 2026 4:35:21 PM org.eclipse.lsp4j.jsonrpc.RemoteEndpoint handleCancellation
WARNING: Unmatched cancel notification for request id 31362
May 30, 2026 4:35:32 PM org.eclipse.lsp4j.jsonrpc.RemoteEndpoint handleCancellation
WARNING: Unmatched cancel notification for request id 31425
May 30, 2026 4:35:32 PM org.eclipse.lsp4j.jsonrpc.RemoteEndpoint handleCancellation
WARNING: Unmatched cancel notification for request id 31426
May 30, 2026 4:35:36 PM scala.meta.internal.pc.CompilerAccess retryWithCleanCompiler
INFO: compiler crashed due to an error in the Scala compiler, retrying with new compiler instance.
May 30, 2026 4:35:37 PM org.eclipse.lsp4j.jsonrpc.RemoteEndpoint handleCancellation
WARNING: Unmatched cancel notification for request id 31516
2026.05.30 16:35:49 INFO  Created report: Optional[file:///Users/robbetiteca/projects/school/thesis/ecosystem-randomized-cache/core/src/main/scala/riscv/plugins/Cache.scala]
2026.05.30 16:35:49 INFO  empty definition using pc, found symbol in pc:  (full report at: "/Users/robbetiteca/projects/school/thesis/ecosystem-randomized-cache/.metals/.reports/metals-full/2026-05-30/r_empty-definition_(core)_16-35-49-169.md")
2026.05.30 16:35:49 INFO  empty definition using pc, found symbol in pc:  (full report at: "/Users/robbetiteca/projects/school/thesis/ecosystem-randomized-cache/.metals/.reports/metals-full/2026-05-30/r_empty-definition_(core)_16-35-49-169.md")
2026.05.30 16:36:06 INFO  empty definition using pc, found symbol in pc:  (full report at: "/Users/robbetiteca/projects/school/thesis/ecosystem-randomized-cache/.metals/.reports/metals-full/2026-05-30/r_empty-definition_(core)_16-35-49-169.md")
2026.05.30 16:36:07 INFO  empty definition using pc, found symbol in pc:  (full report at: "/Users/robbetiteca/projects/school/thesis/ecosystem-randomized-cache/.metals/.reports/metals-full/2026-05-30/r_empty-definition_(core)_16-35-49-169.md")
2026.05.30 16:36:07 INFO  empty definition using pc, found symbol in pc:  (full report at: "/Users/robbetiteca/projects/school/thesis/ecosystem-randomized-cache/.metals/.reports/metals-full/2026-05-30/r_empty-definition_(core)_16-35-49-169.md")
2026.05.30 16:36:07 INFO  empty definition using pc, found symbol in pc:  (full report at: "/Users/robbetiteca/projects/school/thesis/ecosystem-randomized-cache/.metals/.reports/metals-full/2026-05-30/r_empty-definition_(core)_16-35-49-169.md")
2026.05.30 16:36:21 WARN  High memory usage detected: 100% (2048 MB / 2048 MB)
May 30, 2026 4:36:21 PM org.eclipse.lsp4j.jsonrpc.RemoteEndpoint handleCancellation
WARNING: Unmatched cancel notification for request id 31773
2026.05.30 16:37:12 WARN  Could not find semantic tokens for: file:///Users/robbetiteca/projects/school/thesis/ecosystem-randomized-cache/core/src/main/scala/riscv/plugins/Cache.scala
May 30, 2026 4:37:27 PM org.eclipse.lsp4j.jsonrpc.RemoteEndpoint handleCancellation
WARNING: Unmatched cancel notification for request id 31893
May 30, 2026 4:37:27 PM org.eclipse.lsp4j.jsonrpc.RemoteEndpoint handleCancellation
WARNING: Unmatched cancel notification for request id 31894
May 30, 2026 4:37:27 PM org.eclipse.lsp4j.jsonrpc.RemoteEndpoint handleCancellation
WARNING: Unmatched cancel notification for request id 31896
May 30, 2026 4:37:29 PM org.eclipse.lsp4j.jsonrpc.RemoteEndpoint handleCancellation
WARNING: Unmatched cancel notification for request id 31898
Exception in thread "pool-5-thread-1" java.lang.InterruptedException
	at scala.meta.internal.metals.FutureCancelToken.checkCanceled(FutureCancelToken.scala:29)
	at scala.meta.internal.pc.CompilerAccess.$anonfun$onCompilerJobQueue$1(CompilerAccess.scala:207)
	at scala.meta.internal.pc.CompilerJobQueue$Job.run(CompilerJobQueue.scala:152)
	at java.base/java.util.concurrent.ThreadPoolExecutor.runWorker(ThreadPoolExecutor.java:1144)
	at java.base/java.util.concurrent.ThreadPoolExecutor$Worker.run(ThreadPoolExecutor.java:642)
	at java.base/java.lang.Thread.run(Thread.java:1583)
May 30, 2026 4:37:29 PM org.eclipse.lsp4j.jsonrpc.RemoteEndpoint handleCancellation
WARNING: Unmatched cancel notification for request id 31912
2026.05.30 16:37:29 INFO  compiling core (1 scala source)
2026.05.30 16:37:29 INFO  time: compiled core in 0.46s
May 30, 2026 4:37:39 PM org.eclipse.lsp4j.jsonrpc.RemoteEndpoint handleCancellation
WARNING: Unmatched cancel notification for request id 31944
2026.05.30 16:37:40 INFO  compiling core (1 scala source)
2026.05.30 16:37:40 INFO  time: compiled core in 0.21s
May 30, 2026 4:37:48 PM org.eclipse.lsp4j.jsonrpc.RemoteEndpoint handleCancellation
WARNING: Unmatched cancel notification for request id 31979
May 30, 2026 4:37:48 PM org.eclipse.lsp4j.jsonrpc.RemoteEndpoint handleCancellation
WARNING: Unmatched cancel notification for request id 31982
May 30, 2026 4:37:48 PM org.eclipse.lsp4j.jsonrpc.RemoteEndpoint handleCancellation
WARNING: Unmatched cancel notification for request id 31984
May 30, 2026 4:37:49 PM org.eclipse.lsp4j.jsonrpc.RemoteEndpoint handleCancellation
WARNING: Unmatched cancel notification for request id 31986
2026.05.30 16:37:50 INFO  compiling core (1 scala source)
2026.05.30 16:37:50 INFO  time: compiled core in 0.18s
May 30, 2026 4:38:01 PM org.eclipse.lsp4j.jsonrpc.RemoteEndpoint handleCancellation
WARNING: Unmatched cancel notification for request id 32014
2026.05.30 16:38:02 INFO  compiling core (1 scala source)
2026.05.30 16:38:02 INFO  time: compiled core in 0.17s
May 30, 2026 4:38:04 PM org.eclipse.lsp4j.jsonrpc.RemoteEndpoint handleCancellation
WARNING: Unmatched cancel notification for request id 32048
2026.05.30 16:38:07 INFO  compiling core (1 scala source)
2026.05.30 16:38:07 INFO  time: compiled core in 0.33s
May 30, 2026 4:38:08 PM org.eclipse.lsp4j.jsonrpc.RemoteEndpoint handleCancellation
WARNING: Unmatched cancel notification for request id 32096
May 30, 2026 4:38:10 PM org.eclipse.lsp4j.jsonrpc.RemoteEndpoint handleCancellation
WARNING: Unmatched cancel notification for request id 32126
May 30, 2026 4:38:10 PM org.eclipse.lsp4j.jsonrpc.RemoteEndpoint handleCancellation
WARNING: Unmatched cancel notification for request id 32127
May 30, 2026 4:38:10 PM org.eclipse.lsp4j.jsonrpc.RemoteEndpoint handleCancellation
WARNING: Unmatched cancel notification for request id 32128
May 30, 2026 4:38:13 PM org.eclipse.lsp4j.jsonrpc.RemoteEndpoint handleCancellation
WARNING: Unmatched cancel notification for request id 32162
2026.05.30 16:38:21 WARN  Could not find semantic tokens for: file:///Users/robbetiteca/projects/school/thesis/ecosystem-randomized-cache/core/src/main/scala/riscv/plugins/Cache.scala
May 30, 2026 4:38:21 PM org.eclipse.lsp4j.jsonrpc.RemoteEndpoint handleCancellation
WARNING: Unmatched cancel notification for request id 32245
2026.05.30 16:38:22 INFO  compiling core (1 scala source)
2026.05.30 16:38:22 INFO  time: compiled core in 0.41s
May 30, 2026 4:38:33 PM org.eclipse.lsp4j.jsonrpc.RemoteEndpoint handleCancellation
WARNING: Unmatched cancel notification for request id 32289
May 30, 2026 4:38:35 PM org.eclipse.lsp4j.jsonrpc.RemoteEndpoint handleCancellation
WARNING: Unmatched cancel notification for request id 32315
2026.05.30 16:38:38 WARN  Could not find semantic tokens for: file:///Users/robbetiteca/projects/school/thesis/ecosystem-randomized-cache/core/src/main/scala/riscv/plugins/Cache.scala
May 30, 2026 4:38:39 PM org.eclipse.lsp4j.jsonrpc.RemoteEndpoint handleCancellation
WARNING: Unmatched cancel notification for request id 32412
May 30, 2026 4:38:43 PM org.eclipse.lsp4j.jsonrpc.RemoteEndpoint handleCancellation
WARNING: Unmatched cancel notification for request id 32488
2026.05.30 16:38:43 WARN  Could not find semantic tokens for: file:///Users/robbetiteca/projects/school/thesis/ecosystem-randomized-cache/core/src/main/scala/riscv/plugins/Cache.scala
2026.05.30 16:38:45 INFO  compiling core (1 scala source)
2026.05.30 16:38:45 INFO  time: compiled core in 0.16s
2026.05.30 16:38:52 INFO  compiling core (1 scala source)
2026.05.30 16:38:52 INFO  time: compiled core in 0.15s
2026.05.30 16:38:54 INFO  compiling core (1 scala source)
2026.05.30 16:38:54 INFO  time: compiled core in 0.29s
May 30, 2026 4:39:03 PM org.eclipse.lsp4j.jsonrpc.RemoteEndpoint handleCancellation
WARNING: Unmatched cancel notification for request id 32580
2026.05.30 16:39:06 INFO  compiling core (1 scala source)
2026.05.30 16:39:06 INFO  time: compiled core in 0.23s
Exception in thread "pool-5-thread-2" java.lang.InterruptedException
	at scala.meta.internal.metals.FutureCancelToken.checkCanceled(FutureCancelToken.scala:29)
	at scala.meta.internal.pc.CompilerAccess.$anonfun$onCompilerJobQueue$1(CompilerAccess.scala:207)
	at scala.meta.internal.pc.CompilerJobQueue$Job.run(CompilerJobQueue.scala:152)
	at java.base/java.util.concurrent.ThreadPoolExecutor.runWorker(ThreadPoolExecutor.java:1144)
	at java.base/java.util.concurrent.ThreadPoolExecutor$Worker.run(ThreadPoolExecutor.java:642)
	at java.base/java.lang.Thread.run(Thread.java:1583)
Exception in thread "pool-5-thread-3" java.lang.InterruptedException
	at scala.meta.internal.metals.FutureCancelToken.checkCanceled(FutureCancelToken.scala:29)
	at scala.meta.internal.pc.CompilerAccess.$anonfun$onCompilerJobQueue$1(CompilerAccess.scala:207)
	at scala.meta.internal.pc.CompilerJobQueue$Job.run(CompilerJobQueue.scala:152)
	at java.base/java.util.concurrent.ThreadPoolExecutor.runWorker(ThreadPoolExecutor.java:1144)
	at java.base/java.util.concurrent.ThreadPoolExecutor$Worker.run(ThreadPoolExecutor.java:642)
	at java.base/java.lang.Thread.run(Thread.java:1583)
2026.05.30 16:39:11 INFO  compiling core (1 scala source)
2026.05.30 16:39:11 INFO  time: compiled core in 0.17s
2026.05.30 16:39:26 INFO  compiling core (1 scala source)
2026.05.30 16:39:26 INFO  time: compiled core in 0.13s
2026.05.30 16:39:31 INFO  compiling core (1 scala source)
2026.05.30 16:39:31 INFO  time: compiled core in 68ms
2026.05.30 16:40:07 INFO  compiling core (1 scala source)
2026.05.30 16:40:07 INFO  time: compiled core in 0.18s
2026.05.30 16:40:48 INFO  compiling core (1 scala source)
2026.05.30 16:40:48 INFO  time: compiled core in 0.24s
2026.05.30 16:40:54 INFO  compiling core (1 scala source)
2026.05.30 16:40:54 INFO  time: compiled core in 0.23s
2026.05.30 16:40:57 INFO  compiling core (1 scala source)
2026.05.30 16:40:57 INFO  time: compiled core in 0.13s
May 30, 2026 4:41:07 PM org.eclipse.lsp4j.jsonrpc.RemoteEndpoint handleCancellation
WARNING: Unmatched cancel notification for request id 33437
May 30, 2026 4:41:07 PM org.eclipse.lsp4j.jsonrpc.RemoteEndpoint handleCancellation
WARNING: Unmatched cancel notification for request id 33439
2026.05.30 16:41:08 INFO  compiling core (1 scala source)
2026.05.30 16:41:08 INFO  time: compiled core in 0.23s
2026.05.30 16:41:18 INFO  compiling core (1 scala source)
2026.05.30 16:41:18 INFO  time: compiled core in 0.2s
2026.05.30 16:41:23 INFO  compiling core (1 scala source)
2026.05.30 16:41:23 INFO  time: compiled core in 0.19s
2026.05.30 16:41:40 INFO  compiling core (1 scala source)
2026.05.30 16:41:40 INFO  time: compiled core in 0.18s
May 30, 2026 4:42:05 PM org.eclipse.lsp4j.jsonrpc.RemoteEndpoint handleCancellation
WARNING: Unmatched cancel notification for request id 33657
2026.05.30 16:42:06 INFO  compiling core (1 scala source)
2026.05.30 16:42:06 INFO  time: compiled core in 0.2s
2026.05.30 16:42:30 INFO  compiling core (1 scala source)
2026.05.30 16:42:30 INFO  time: compiled core in 74ms
2026.05.30 16:42:33 INFO  compiling core (1 scala source)
2026.05.30 16:42:33 INFO  time: compiled core in 51ms
2026.05.30 16:42:47 INFO  compiling core (1 scala source)
2026.05.30 16:42:47 INFO  time: compiled core in 0.19s
2026.05.30 16:42:58 INFO  compiling core (1 scala source)
2026.05.30 16:43:00 INFO  time: compiled core in 1.45s
2026.05.30 16:43:00 INFO  compiling core (1 scala source)
2026.05.30 16:43:00 INFO  time: compiled core in 0.12s
May 30, 2026 4:43:20 PM org.eclipse.lsp4j.jsonrpc.RemoteEndpoint handleCancellation
WARNING: Unmatched cancel notification for request id 34159
May 30, 2026 4:43:53 PM org.eclipse.lsp4j.jsonrpc.RemoteEndpoint handleCancellation
WARNING: Unmatched cancel notification for request id 34450
2026.05.30 16:43:56 INFO  compiling core (2 scala sources)
2026.05.30 16:43:56 INFO  time: compiled core in 0.25s
2026.05.30 16:44:04 INFO  compiling core (2 scala sources)
2026.05.30 16:44:05 WARN  one feature warning; re-run with -feature for details
2026.05.30 16:44:05 INFO  time: compiled core in 1.5s
2026.05.30 16:44:31 INFO  compiling core (1 scala source)
2026.05.30 16:44:31 INFO  time: compiled core in 0.87s
2026.05.30 16:44:37 INFO  compiling core (1 scala source)
2026.05.30 16:44:37 INFO  time: compiled core in 0.7s
2026.05.30 16:45:44 INFO  compiling core (1 scala source)
2026.05.30 16:45:46 INFO  time: compiled core in 2.16s
2026.05.30 16:46:37 WARN  Could not find semantic tokens for: file:///Users/robbetiteca/projects/school/thesis/ecosystem-randomized-cache/core/src/main/scala/riscv/plugins/Cache.scala
2026.05.30 16:46:39 INFO  compiling core (1 scala source)
2026.05.30 16:46:41 INFO  time: compiled core in 1.4s
2026.05.30 16:47:41 INFO  compiling core (1 scala source)
2026.05.30 16:47:42 INFO  time: compiled core in 1.01s
2026.05.30 16:48:29 INFO  compiling core (1 scala source)
2026.05.30 16:48:29 INFO  time: compiled core in 0.93s
2026.05.30 16:48:34 INFO  compiling core (1 scala source)
2026.05.30 16:48:34 INFO  time: compiled core in 91ms
2026.05.30 16:51:45 INFO  compiling core (1 scala source)
2026.05.30 16:51:47 INFO  time: compiled core in 2.07s
2026.05.30 16:52:35 INFO  compiling core (1 scala source)
2026.05.30 16:52:35 INFO  time: compiled core in 0.88s
2026.05.30 16:52:43 INFO  compiling core (1 scala source)
2026.05.30 16:52:43 INFO  time: compiled core in 0.82s
2026.05.30 16:52:54 INFO  compiling core (1 scala source)
2026.05.30 16:52:54 INFO  time: compiled core in 0.73s
2026.05.30 17:04:37 INFO  compiling core (1 scala source)
2026.05.30 17:04:39 INFO  time: compiled core in 2.02s
2026.05.30 17:07:30 INFO  compiling core (1 scala source)
2026.05.30 17:07:33 INFO  time: compiled core in 2.29s
2026.05.30 17:13:24 INFO  compiling core (1 scala source)
2026.05.30 17:13:24 INFO  time: compiled core in 0.3s
2026.05.30 17:13:38 INFO  compiling core (1 scala source)
2026.05.30 17:13:38 INFO  time: compiled core in 0.12s
2026.05.30 17:13:45 INFO  compiling core (1 scala source)
2026.05.30 17:13:45 INFO  time: compiled core in 66ms
2026.05.30 17:13:55 INFO  compiling core (1 scala source)
2026.05.30 17:13:55 INFO  time: compiled core in 93ms
2026.05.30 17:14:59 INFO  compiling core (1 scala source)
2026.05.30 17:14:59 INFO  time: compiled core in 0.52s
2026.05.30 17:15:03 INFO  compiling core (1 scala source)
2026.05.30 17:15:05 INFO  time: compiled core in 1.41s
May 30, 2026 5:41:31 PM org.eclipse.lsp4j.jsonrpc.services.GenericEndpoint notify
INFO: Unsupported notification method: $/setTrace
May 30, 2026 5:41:31 PM org.eclipse.lsp4j.jsonrpc.services.GenericEndpoint notify
INFO: Unsupported notification method: $/setTrace
May 30, 2026 5:41:31 PM org.eclipse.lsp4j.jsonrpc.services.GenericEndpoint notify
INFO: Unsupported notification method: $/setTrace
May 30, 2026 5:41:31 PM org.eclipse.lsp4j.jsonrpc.services.GenericEndpoint notify
INFO: Unsupported notification method: $/setTrace
May 30, 2026 5:41:31 PM org.eclipse.lsp4j.jsonrpc.services.GenericEndpoint notify
INFO: Unsupported notification method: $/setTrace
May 30, 2026 5:41:31 PM org.eclipse.lsp4j.jsonrpc.services.GenericEndpoint notify
INFO: Unsupported notification method: $/setTrace
May 30, 2026 5:41:31 PM org.eclipse.lsp4j.jsonrpc.services.GenericEndpoint notify
INFO: Unsupported notification method: $/setTrace
May 30, 2026 5:41:31 PM org.eclipse.lsp4j.jsonrpc.services.GenericEndpoint notify
INFO: Unsupported notification method: $/setTrace
May 30, 2026 5:41:31 PM org.eclipse.lsp4j.jsonrpc.services.GenericEndpoint notify
INFO: Unsupported notification method: $/setTrace
2026.05.30 17:41:32 INFO  Shutting down server
2026.05.30 17:41:32 INFO  Memory monitor stopped
2026.05.30 17:41:32 INFO  shutting down Metals
2026.05.30 17:41:32 INFO  Shut down connection with build server.
2026.05.30 17:41:32 INFO  Exiting server
2026.06.04 14:11:07 INFO  Started: Metals version 1.6.7 in folders '/Users/robbetiteca/projects/school/thesis/ecosystem-randomized-cache' for client Visual Studio Code 1.122.1.
2026.06.04 14:11:07 INFO  Memory monitor started
2026.06.04 14:11:07 WARN  Using H2 2.4.240 which is newer than the version Flyway has been verified with. The latest verified version of H2 is 2.3.232.
2026.06.04 14:11:07 INFO  no build target found for /Users/robbetiteca/projects/school/thesis/ecosystem-randomized-cache/core/src/main/scala/riscv/Core.scala. Using presentation compiler with project's scala-library version: 3.3.7
2026.06.04 14:11:08 INFO  no build target found for /Users/robbetiteca/projects/school/thesis/ecosystem-randomized-cache/core/src/main/scala/riscv/Core.scala. Using presentation compiler with project's scala-library version: 3.3.7
2026.06.04 14:11:08 INFO  Attempting to connect to the build server...
2026.06.04 14:11:08 INFO  No running Bloop server found, starting one.
2026.06.04 14:11:08 INFO  Starting compilation server
2026.06.04 14:11:09 INFO  tracing is disabled for protocol BSP, to enable tracing of incoming and outgoing JSON messages create an empty file at /Users/robbetiteca/projects/school/thesis/ecosystem-randomized-cache/.metals/bsp.trace.json or /Users/robbetiteca/Library/Caches/org.scalameta.metals/bsp.trace.json
2026.06.04 14:11:09 INFO  time: Connected to build server in 1.33s
2026.06.04 14:11:09 INFO  Connected to Build server: Bloop v2.0.19
2026.06.04 14:11:11 WARN  Using H2 2.4.240 which is newer than the version Flyway has been verified with. The latest verified version of H2 is 2.3.232.
2026.06.04 14:11:11 INFO  time: indexed workspace in 1.49s
2026.06.04 14:11:11 INFO  compiling core (1 scala source)
2026.06.04 14:11:13 WARN  one feature warning; re-run with -feature for details
2026.06.04 14:11:13 INFO  time: compiled core in 2.09s
Jun 04, 2026 2:18:13 PM org.eclipse.lsp4j.jsonrpc.RemoteEndpoint handleCancellation
WARNING: Unmatched cancel notification for request id 26
2026.06.04 14:18:27 INFO  compiling core (1 scala source)
2026.06.04 14:18:28 WARN  one feature warning; re-run with -feature for details
2026.06.04 14:18:28 INFO  time: compiled core in 1.28s
2026.06.04 14:24:49 INFO  compiling core (1 scala source)
2026.06.04 14:24:50 WARN  one feature warning; re-run with -feature for details
2026.06.04 14:24:50 INFO  time: compiled core in 1.16s
2026.06.04 14:24:58 INFO  compiling core (1 scala source)
2026.06.04 14:24:58 WARN  one feature warning; re-run with -feature for details
2026.06.04 14:24:58 INFO  time: compiled core in 0.78s
